name;grep-runtime;grep-result;re-runtime;re-result;pcre2-runtime;pcre2-result;rsaregex-runtime;rsaregex-result;rsaregex-matchtime;oldrsa-runtime;oldrsa-result;oldrsa-matchtime;js-runtime;js-result;java-runtime;java-result;net-runtime;net-result;rsacpp-runtime;rsacpp-result;rsacpp-matchtime
0;1.34;False;0.64;False;0.1;False;0.79;False;0.715804593;1.28;False;0.7893506549999999;0.11;False;0.09;False;0.07;False;ERR;ERR;ERR
1;0.01;False;0.0;False;0.0;False;1.13;False;0.7882723359999999;35.44;False;0.8527248699999994;0.05;False;ERR;ERR;0.04;False;ERR;ERR;ERR
2;0.01;False;0.02;False;0.0;False;1.91;False;1.876228399;2.51;False;2.227126458;0.07;False;0.25;False;0.05;False;ERR;ERR;ERR
3;ERR;ERR;0.02;True;0.02;True;ERR;ERR;ERR;TO;TO;TO;0.07;True;0.1;True;0.04;True;0.08;False;0.07677754387259483
4;0.02;False;0.02;False;0.01;False;1.8;False;1.578986719;4.57;False;1.8117707180000004;0.07;False;0.13;False;0.04;False;ERR;ERR;ERR
5;0.01;False;0.01;False;0.01;False;ERR;ERR;ERR;TO;TO;TO;0.06;False;0.04;False;0.04;False;ERR;ERR;ERR
6;0.01;True;0.01;True;0.01;True;0.05;True;0.006905694999999996;0.18;True;0.012030358000000019;0.05;True;TO;TO;0.04;True;ERR;ERR;ERR
7;0.01;False;TO;TO;0.02;False;3.21;False;3.173835157;3.37;False;3.217480141;TO;TO;TO;TO;TO;TO;0.14;False;0.13001461140811443
8;0.01;False;0.06;False;0.06;False;10.12;False;4.183798652;TO;TO;TO;ERR;ERR;ERR;ERR;ERR;ERR;ERR;ERR;ERR
9;0.02;False;0.01;False;0.01;False;0.02;False;3.1227000000001726e-05;0.03;False;3.3741000000003796e-05;0.08;False;0.03;False;0.05;False;ERR;ERR;ERR
10;0.01;False;2.44;False;0.01;False;15.01;False;6.336776450999999;TO;TO;TO;ERR;ERR;ERR;ERR;ERR;ERR;ERR;ERR;ERR
11;0.01;False;0.02;False;0.0;False;ERR;ERR;ERR;TO;TO;TO;0.07;False;0.09;False;0.04;False;ERR;ERR;ERR
12;0.01;False;0.74;False;0.0;False;2.91;False;1.468918517;37.12;False;1.6937181810000013;0.18;False;0.09;False;0.53;False;0.05;True;0.03885215148329735
13;0.02;False;0.01;False;0.0;False;1.61;False;1.4473781639999999;3.02;False;2.003956278;0.07;False;0.13;False;0.04;False;ERR;ERR;ERR
14;0.01;False;0.01;False;0.01;False;0.03;False;0.0005954030000000013;0.04;False;0.0006896150000000045;0.06;False;0.04;False;0.05;False;0.04;False;0.030938632786273956
15;12.89;True;0.03;True;0.05;True;1.4;True;1.352778762;1.75;True;1.5347780819999999;0.06;True;0.04;False;0.06;True;ERR;ERR;ERR
16;0.07;False;0.03;False;0.01;False;1.56;False;1.536669831;2.08;False;2.036065404;0.07;False;0.11;False;0.06;False;ERR;ERR;ERR
17;0.01;True;0.0;True;0.01;True;2.49;True;2.342034503;25.48;True;19.4272085;0.06;True;ERR;ERR;0.04;True;0.01;False;0.002229776233434677
18;TO;TO;4.23;False;0.78;False;1.76;False;1.737592267;2.16;False;2.1299304539999997;1.03;False;4.26;False;1.65;False;ERR;ERR;ERR
19;0.01;False;0.01;True;0.02;True;1.79;True;1.769084847;2.02;True;1.984229348;0.07;True;0.1;True;0.05;True;ERR;ERR;ERR
20;0.02;False;0.01;True;ERR;ERR;TO;TO;TO;TO;TO;TO;0.06;True;0.04;True;0.06;True;ERR;ERR;ERR
21;0.01;False;0.01;False;0.01;False;ERR;ERR;ERR;ERR;ERR;ERR;0.07;False;ERR;ERR;0.03;False;ERR;ERR;ERR
22;0.01;False;0.01;False;0.01;False;ERR;ERR;ERR;TO;TO;TO;0.06;False;0.1;False;0.05;False;ERR;ERR;ERR
23;0.01;False;TO;TO;0.01;False;ERR;ERR;ERR;TO;TO;TO;TO;TO;ERR;ERR;TO;TO;ERR;ERR;ERR
24;0.01;True;0.01;True;0.01;True;1.69;True;1.6415699069999998;2.07;True;1.8695057290000001;0.07;True;0.07;True;0.04;True;ERR;ERR;ERR
25;0.01;False;0.0;True;0.01;True;2.68;True;2.069911217;10.63;True;2.8004160439999994;ERR;ERR;ERR;ERR;ERR;ERR;ERR;ERR;ERR
26;ERR;ERR;0.01;False;0.01;False;1.48;False;1.327889401;3.41;False;1.4669633009999998;0.07;False;0.07;False;0.05;False;0.08;False;0.0788572859019041
27;0.0;False;0.01;False;0.01;False;2.56;False;2.211178749;TO;TO;TO;0.06;False;0.05;False;0.04;False;0.01;False;0.0023686327040195465
28;0.01;False;0.01;False;0.01;False;0.64;False;0.0004456489999999924;46.29;False;0.0005499649999975986;0.07;False;0.04;False;0.05;False;ERR;ERR;ERR
29;0.01;False;0.02;False;0.0;False;0.04;False;0.00027986999999999457;0.19;False;0.00034696100000000674;0.06;False;0.03;False;0.04;False;ERR;ERR;ERR
30;0.0;False;TO;TO;0.02;False;0.92;False;0.794667786;3.57;False;0.9422382500000004;TO;TO;55.03;False;TO;TO;ERR;ERR;ERR
31;0.01;False;0.11;False;0.02;False;0.02;False;0.0024626660000000022;0.04;False;0.0028236089999999978;0.08;False;0.79;False;0.08;False;ERR;ERR;ERR
32;ERR;ERR;0.01;False;0.0;False;1.44;False;0.0007611530000000144;13.52;False;0.000816275000000033;0.06;False;0.06;False;0.04;False;0.04;False;0.031485605984926224
33;ERR;ERR;0.01;False;0.01;False;0.38;False;0.014520866000000021;11.14;False;0.016764814000000072;0.07;False;0.04;False;0.07;False;ERR;ERR;ERR
34;0.02;False;TO;TO;ERR;ERR;0.04;False;0.0036685969999999957;0.16;False;0.0048406359999999815;TO;TO;TO;TO;TO;TO;0.01;False;0.002584679052233696
35;0.0;False;0.03;False;ERR;ERR;0.06;False;0.005899485000000003;0.06;False;0.006566326000000004;0.07;False;0.16;False;0.07;False;ERR;ERR;ERR
36;TO;TO;0.01;True;0.01;True;2.61;True;2.568486177;3.88;True;3.811671202;0.08;True;58.51;False;0.03;True;ERR;ERR;ERR
37;ERR;ERR;0.01;True;0.02;True;0.87;True;0.798716894;1.32;True;0.9110556959999999;0.06;True;0.06;True;0.05;True;ERR;ERR;ERR
38;0.01;False;0.0;False;0.01;False;0.04;False;5.191799999999802e-05;0.28;False;8.152200000000054e-05;0.06;False;0.03;False;0.06;False;ERR;ERR;ERR
39;ERR;ERR;0.01;False;0.01;False;2.2;False;1.4960442619999998;24.29;False;1.670593058999998;0.07;False;0.04;False;0.06;False;ERR;ERR;ERR
40;ERR;ERR;0.01;False;0.01;False;1.94;False;1.7865789950000002;4.0;False;2.021359511;0.07;False;0.06;False;0.04;False;ERR;ERR;ERR
41;ERR;ERR;TO;TO;0.01;False;0.05;False;0.005908498999999998;0.34;False;0.006836400999999992;TO;TO;TO;TO;TO;TO;ERR;ERR;ERR
42;0.02;False;7.3;False;0.73;False;2.61;False;2.322416095;TO;TO;TO;1.04;False;ERR;ERR;3.84;False;0.02;False;0.00227925181388855
43;0.01;False;0.01;True;0.01;True;1.05;True;0.985890181;1.51;True;1.213827625;ERR;ERR;ERR;ERR;ERR;ERR;0.04;True;0.03079349361360073
44;TO;TO;0.0;True;0.02;True;2.25;True;2.15081354;3.43;True;3.058615321;0.09;True;0.14;False;0.05;True;ERR;ERR;ERR
45;0.01;False;0.01;True;0.01;True;2.36;True;1.6230116110000001;12.64;True;2.0884784760000006;ERR;ERR;ERR;ERR;ERR;ERR;ERR;ERR;ERR
46;0.0;False;0.01;False;0.01;False;1.27;False;0.9109109950000001;4.04;False;1.0947578219999996;0.06;False;0.04;False;0.04;False;ERR;ERR;ERR
47;0.01;False;0.01;True;0.0;True;1.91;True;1.4497245669999999;8.2;True;1.9284133679999993;ERR;ERR;ERR;ERR;ERR;ERR;ERR;ERR;ERR
48;0.02;False;0.01;False;0.01;False;0.29;False;0.261103807;0.34;False;0.309865929;0.06;False;0.06;False;0.04;False;ERR;ERR;ERR
49;0.01;False;0.04;False;ERR;ERR;0.05;False;0.005778084000000003;0.05;False;0.006867638000000009;0.06;False;0.2;False;0.06;False;ERR;ERR;ERR
50;0.02;False;0.01;False;0.01;False;0.1;False;0.000134571;0.89;False;0.00013863800000002424;0.05;False;0.04;False;0.04;False;0.11;True;0.10034586861729622
51;ERR;ERR;0.02;False;ERR;ERR;TO;TO;TO;TO;TO;TO;0.07;False;0.12;False;0.05;False;ERR;ERR;ERR
52;0.01;False;0.02;False;0.0;False;1.57;False;1.54293058;1.86;False;1.7721413639999999;0.07;False;0.04;False;0.05;False;ERR;ERR;ERR
53;TO;TO;5.09;False;0.79;False;1.91;False;1.874995449;2.54;False;2.3709338730000002;0.53;False;4.03;False;1.7;False;ERR;ERR;ERR
54;0.01;False;TO;TO;0.01;False;4.99;False;4.947027879;4.51;False;4.1462900000000005;TO;TO;TO;TO;TO;TO;ERR;ERR;ERR
55;0.02;False;0.93;False;0.13;False;0.89;False;0.812011978;1.45;False;0.9240007560000001;0.31;False;ERR;ERR;1.02;False;ERR;ERR;ERR
56;0.01;False;0.01;False;0.01;False;0.04;False;8.001000000000535e-05;0.05;False;7.481200000000049e-05;0.05;False;0.05;False;0.05;False;ERR;ERR;ERR
57;0.0;False;0.01;False;0.01;False;1.06;False;1.034145024;1.97;False;1.20750815;0.05;False;0.07;False;0.05;False;ERR;ERR;ERR
58;0.02;False;0.01;False;0.01;False;0.04;False;0.0003399200000000005;0.04;False;0.0003878420000000063;0.06;False;0.03;False;0.06;False;ERR;ERR;ERR
59;0.02;False;TO;TO;0.01;False;5.2;False;2.771024207;19.89;False;3.078884475999999;2.11;False;37.82;False;21.09;False;ERR;ERR;ERR
60;0.02;True;0.01;False;0.01;False;30.82;False;4.5389170750000005;TO;TO;TO;0.07;False;0.03;False;0.06;False;ERR;ERR;ERR
61;0.01;False;5.88;False;0.01;False;8.23;False;1.9139987520000004;49.18;False;1.989616705000003;0.5;False;3.37;False;2.31;False;0.01;False;0.002372538670897484
62;TO;TO;3.91;False;0.83;False;1.07;False;1.03727425;1.33;False;1.305502739;0.99;False;4.17;False;2.09;False;ERR;ERR;ERR
63;ERR;ERR;0.0;False;0.01;False;0.26;False;9.254899999999733e-05;2.81;False;0.0001145220000000613;0.05;False;0.05;False;0.05;False;0.02;False;0.0019015222787857056
64;0.02;False;0.01;True;0.0;True;2.78;True;2.414460845;7.98;True;3.224430707;ERR;ERR;ERR;ERR;ERR;ERR;ERR;ERR;ERR
65;0.01;False;0.01;False;0.01;False;ERR;ERR;ERR;TO;TO;TO;0.08;False;ERR;ERR;0.06;False;ERR;ERR;ERR
66;0.0;False;0.02;False;0.0;False;0.04;False;5.3039999999997256e-05;0.03;False;4.950399999999883e-05;0.06;False;0.04;False;0.02;False;ERR;ERR;ERR
67;0.56;True;9.32;True;17.43;True;2.66;True;2.629297549;3.02;True;2.972739518;3.25;True;6.29;True;12.2;True;ERR;ERR;ERR
68;0.01;False;0.01;True;0.01;True;1.97;True;1.424005713;9.18;True;1.9229194820000002;ERR;ERR;0.25;False;0.06;True;ERR;ERR;ERR
69;ERR;ERR;0.26;False;0.02;False;3.39;False;3.201309575;6.37;False;3.627348319;0.38;False;ERR;ERR;0.05;False;ERR;ERR;ERR
70;0.01;False;0.01;False;0.01;False;1.19;False;1.138562792;1.47;False;1.380733752;0.05;False;0.06;False;0.05;False;0.03;False;0.016777634620666504
71;0.0;False;0.01;False;0.0;False;0.04;False;0.0009379380000000062;0.18;False;0.0010899060000000016;0.07;False;0.05;False;0.04;False;ERR;ERR;ERR
72;TO;TO;0.01;True;0.01;True;2.12;True;1.957956353;3.78;True;2.335359885;0.06;True;1.45;False;0.04;True;0.01;False;0.0021702665835618973
73;71.18;True;0.01;True;0.02;True;ERR;ERR;ERR;ERR;ERR;ERR;0.07;True;0.09;True;0.05;True;0.19;True;0.18136358633637428
74;0.02;False;0.0;False;0.01;False;3.4;False;3.102723218;TO;TO;TO;0.07;False;0.06;False;0.03;False;ERR;ERR;ERR
75;0.01;False;0.0;True;0.01;True;2.18;True;1.7471849659999998;7.93;True;2.39286888;ERR;ERR;ERR;ERR;ERR;ERR;0.04;True;0.024730999022722244
76;TO;TO;0.01;True;0.02;True;5.58;True;5.453822437;TO;TO;TO;0.06;True;0.11;True;0.05;True;ERR;ERR;ERR
77;0.01;False;0.54;False;0.06;False;0.57;False;0.500858829;0.97;False;0.576810203;0.07;False;0.09;False;0.39;False;ERR;ERR;ERR
78;TO;TO;0.01;True;0.01;True;TO;TO;TO;TO;TO;TO;0.07;True;0.06;True;0.04;True;ERR;ERR;ERR
79;0.02;False;0.01;True;0.0;True;2.35;True;1.917732075;8.03;True;2.5435236690000007;ERR;ERR;ERR;ERR;ERR;ERR;ERR;ERR;ERR
80;TO;TO;0.01;True;0.02;True;1.48;True;1.451846082;2.84;True;2.816550633;0.05;True;0.07;True;0.06;True;ERR;ERR;ERR
81;0.01;False;1.71;False;0.01;False;4.34;False;2.9132899400000003;TO;TO;TO;ERR;ERR;ERR;ERR;ERR;ERR;ERR;ERR;ERR
82;ERR;ERR;0.01;True;0.01;True;ERR;ERR;ERR;TO;TO;TO;0.07;True;4.14;False;0.05;True;ERR;ERR;ERR
83;0.01;False;0.0;False;0.01;False;TO;TO;TO;TO;TO;TO;0.05;False;0.04;False;0.06;False;ERR;ERR;ERR
84;0.01;False;11.16;False;0.02;False;20.01;False;1.383205530999998;TO;TO;TO;1.15;False;0.15;False;1.48;False;ERR;ERR;ERR
85;40.88;False;19.87;False;0.01;False;1.44;False;1.314530892;3.14;False;1.42655553;7.59;False;0.09;False;0.05;False;ERR;ERR;ERR
86;0.01;True;0.01;True;0.01;True;1.88;True;1.781850778;4.85;True;2.0397755859999998;0.06;True;0.03;False;0.05;True;ERR;ERR;ERR
87;0.01;True;0.01;True;0.01;True;0.05;True;0.004356488999999998;0.29;True;0.007107148999999979;0.07;True;0.1;False;0.04;True;ERR;ERR;ERR
88;ERR;ERR;0.01;True;0.0;True;42.86;True;2.817412687000001;TO;TO;TO;0.06;True;0.06;True;0.05;True;ERR;ERR;ERR
89;3.72;False;0.02;False;0.01;False;1.65;False;1.621071118;1.88;False;1.833451749;0.07;False;0.11;False;0.06;False;ERR;ERR;ERR
90;0.01;False;0.08;False;0.0;False;2.66;False;2.437217433;12.9;False;3.0675085010000007;0.23;False;0.46;False;0.04;False;ERR;ERR;ERR
91;ERR;ERR;0.01;False;0.0;False;1.84;False;1.293931782;19.47;False;1.4706727000000015;0.07;False;0.04;False;0.05;False;ERR;ERR;ERR
92;TO;TO;TO;TO;ERR;ERR;ERR;ERR;ERR;TO;TO;TO;TO;TO;TO;TO;TO;TO;ERR;ERR;ERR
93;0.33;True;0.0;True;0.0;True;0.83;True;0.7819618850000001;2.76;True;1.612172051;0.08;True;0.7;False;0.05;True;ERR;ERR;ERR
94;ERR;ERR;TO;TO;ERR;ERR;TO;TO;TO;TO;TO;TO;TO;TO;ERR;ERR;TO;TO;ERR;ERR;ERR
95;0.01;False;0.01;True;0.01;True;3.75;True;2.6551308909999998;17.2;True;3.395318261;ERR;ERR;ERR;ERR;ERR;ERR;ERR;ERR;ERR
96;0.03;False;29.47;False;4.61;False;2.87;False;2.835448879;3.53;False;3.4461051830000002;5.57;False;22.58;False;28.94;False;0.04;False;0.044709520414471626
97;0.01;False;0.01;False;0.01;False;0.07;False;9.666499999999578e-05;1.63;False;0.0001521789999998635;0.06;False;0.04;False;0.04;False;ERR;ERR;ERR
98;0.02;False;0.01;True;0.01;True;2.92;True;1.683784297;24.02;True;2.1290086509999995;0.06;True;0.27;False;0.05;True;ERR;ERR;ERR
99;0.01;False;0.0;False;0.01;False;0.04;False;0.00015206799999999826;0.03;False;0.00019562299999999894;0.06;False;0.03;False;0.04;False;ERR;ERR;ERR
100;0.01;False;0.01;True;0.01;True;1.76;True;1.3252328850000001;8.08;True;1.7358979730000001;ERR;ERR;ERR;ERR;ERR;ERR;ERR;ERR;ERR
101;TO;TO;0.01;True;0.02;True;1.99;True;1.957330551;2.74;True;2.696064894;0.06;True;0.09;True;0.05;True;ERR;ERR;ERR
102;0.02;False;TO;TO;0.01;False;1.19;False;1.074187646;4.68;False;1.334517871;TO;TO;36.74;False;TO;TO;ERR;ERR;ERR
103;0.01;False;0.01;True;0.0;True;0.35;True;0.289001091;0.61;True;0.297705626;0.07;True;ERR;ERR;0.05;True;0.03;False;0.01970357447862625
104;0.01;False;TO;TO;0.0;False;0.6;False;0.534197401;15.1;False;0.8675961529999991;TO;TO;TO;TO;TO;TO;0.03;False;0.029677800834178925
105;0.01;False;0.01;False;0.0;False;1.18;False;0.0014937520000000148;15.4;False;0.0017322000000010718;0.07;False;0.05;False;0.06;False;ERR;ERR;ERR
106;0.01;True;0.02;False;0.0;False;31.1;False;4.463916167000001;TO;TO;TO;0.07;False;0.03;False;0.05;False;ERR;ERR;ERR
107;0.02;False;0.54;False;0.04;False;1.98;False;1.9546059359999999;2.51;False;2.350272182;0.75;False;1.25;False;0.06;False;ERR;ERR;ERR
108;TO;TO;TO;TO;ERR;ERR;0.46;False;0.422199591;1.21;False;1.164021767;TO;TO;TO;TO;TO;TO;ERR;ERR;ERR
109;0.01;False;0.01;False;0.01;False;1.48;False;1.426191875;3.03;False;1.847566468;0.05;False;0.08;False;0.03;False;ERR;ERR;ERR
110;ERR;ERR;0.0;True;0.01;True;1.39;False;1.3269937;1.96;False;1.534679294;ERR;ERR;0.08;False;0.06;True;ERR;ERR;ERR
111;ERR;ERR;0.01;False;0.0;False;0.03;False;6.439700000000076e-05;0.04;False;7.445200000000263e-05;0.06;False;0.06;False;0.05;False;ERR;ERR;ERR
112;ERR;ERR;0.01;False;0.01;False;0.38;False;0.015722318999999985;10.71;False;0.018973810000000313;0.06;False;0.05;False;0.05;False;ERR;ERR;ERR
113;ERR;ERR;0.0;True;0.02;True;ERR;ERR;ERR;TO;TO;TO;0.07;True;0.09;True;0.05;True;ERR;ERR;ERR
114;0.02;False;0.01;False;0.01;False;1.37;False;1.2988377869999999;3.61;False;1.4122229350000002;0.07;False;0.05;False;0.06;False;ERR;ERR;ERR
115;0.01;False;0.01;False;0.01;False;2.21;False;2.0909684520000003;TO;TO;TO;0.06;False;ERR;ERR;0.04;False;ERR;ERR;ERR
116;0.01;False;43.59;False;0.01;False;0.64;False;0.59183918;0.87;False;0.659631906;7.22;False;0.12;False;21.58;False;ERR;ERR;ERR
117;0.01;False;0.01;False;0.0;False;1.1;False;0.8562539269999999;8.96;False;0.9814562059999989;0.07;False;0.03;False;0.05;False;0.03;False;0.017031697556376457
118;0.01;False;0.96;False;0.02;False;TO;TO;TO;TO;TO;TO;0.47;False;1.04;False;1.51;False;ERR;ERR;ERR
119;0.01;False;0.15;False;0.02;False;2.21;False;1.4781427430000003;12.31;False;1.7566472760000007;ERR;ERR;ERR;ERR;ERR;ERR;ERR;ERR;ERR
120;0.01;False;0.01;False;0.01;False;3.2;False;0.765397471;21.68;False;0.9329437069999997;0.06;False;0.12;False;0.05;False;ERR;ERR;ERR
121;ERR;ERR;0.0;True;0.01;True;8.56;True;0.009662512999999429;TO;TO;TO;0.06;True;0.05;True;0.05;True;ERR;ERR;ERR
122;ERR;ERR;0.01;False;0.01;False;1.79;False;1.635108427;3.5;False;1.819401532;0.07;False;0.03;False;0.05;False;ERR;ERR;ERR
123;TO;TO;0.01;True;0.03;True;3.83;True;3.7092179670000003;5.48;True;4.020140794;0.07;True;0.16;True;0.05;True;ERR;ERR;ERR
124;ERR;ERR;0.01;True;0.0;True;1.06;True;1.02750914;1.28;True;1.2439659529999998;0.06;True;0.11;True;0.05;True;ERR;ERR;ERR
125;0.01;False;0.02;False;0.0;False;0.9;False;0.8597677619999999;1.04;False;0.9891514159999999;0.06;False;0.07;False;0.04;False;ERR;ERR;ERR
126;0.01;False;0.01;True;0.01;True;TO;TO;TO;TO;TO;TO;ERR;ERR;ERR;ERR;ERR;ERR;0.01;False;0.0020284298807382584
127;0.02;False;0.01;False;0.0;False;1.88;False;1.656746446;4.47;False;1.8640486260000002;0.07;False;0.11;False;0.04;False;0.02;False;0.002260899171233177
128;0.03;False;TO;TO;ERR;ERR;0.39;False;0.35953469200000004;1.21;False;1.142321835;TO;TO;TO;TO;TO;TO;ERR;ERR;ERR
129;TO;TO;0.01;True;0.01;True;1.94;True;1.810927841;12.45;True;10.687651835999999;0.07;True;0.06;True;0.05;True;ERR;ERR;ERR
130;0.01;False;0.01;False;0.01;False;0.6;False;0.546451724;2.81;False;0.633299483;0.07;False;0.03;False;0.04;False;0.02;False;0.02085275761783123
131;0.0;False;TO;TO;0.0;False;0.11;False;0.0038757570000000074;0.7;False;0.0044601450000000264;TO;TO;TO;TO;TO;TO;ERR;ERR;ERR
132;0.01;False;0.01;False;0.0;False;1.83;False;1.7416494260000002;3.39;False;1.8937122929999999;0.07;False;ERR;ERR;0.04;False;ERR;ERR;ERR
133;2.17;True;0.0;True;0.01;True;0.23;True;0.18925250799999999;0.28;True;0.25375773;0.05;True;0.07;True;0.04;True;ERR;ERR;ERR
134;17.17;True;0.02;True;0.03;True;1.07;True;1.025858838;1.26;True;1.162430587;0.05;True;0.19;True;0.05;True;ERR;ERR;ERR
135;32.78;True;0.01;True;0.01;True;4.58;True;4.236296319;7.56;True;4.891558246000001;0.04;True;TO;TO;0.05;True;0.01;False;0.002450348809361458
136;0.02;False;0.01;True;0.02;True;0.44;True;0.38128881400000003;0.55;True;0.461652751;ERR;ERR;ERR;ERR;ERR;ERR;0.02;False;0.012231284752488136
137;ERR;ERR;0.05;False;0.01;False;2.16;False;1.935175788;4.75;False;2.222154988;0.07;False;0.28;False;0.05;False;ERR;ERR;ERR
138;0.02;False;0.01;False;0.01;False;0.04;False;0.00029883900000000213;0.18;False;0.00035781700000001027;0.06;False;0.05;False;0.05;False;ERR;ERR;ERR
139;0.0;False;0.01;True;0.01;True;2.7;True;2.5812568450000004;3.53;True;2.601094966;0.07;True;0.12;True;0.05;True;0.14;False;0.12297801487147808
140;0.01;False;0.0;False;0.01;False;1.26;False;1.124709238;1.99;False;1.298856885;0.06;False;0.05;False;0.04;False;0.01;False;0.0020654480904340744
141;0.02;False;0.0;False;0.0;False;0.58;False;0.49850586799999996;1.04;False;0.561075114;0.06;False;0.03;False;0.04;False;ERR;ERR;ERR
142;0.01;False;0.0;True;0.01;True;1.99;True;1.6544148680000001;7.21;True;2.3029095769999994;ERR;ERR;ERR;ERR;ERR;ERR;0.04;False;0.02981141395866871
143;0.01;False;0.98;False;0.01;False;0.6;False;0.560986991;1.17;False;0.5793841550000001;1.62;False;2.16;False;0.07;False;0.02;False;0.002285437658429146
144;0.01;False;4.28;False;0.0;False;48.8;False;3.572164719;TO;TO;TO;ERR;ERR;ERR;ERR;ERR;ERR;ERR;ERR;ERR
145;8.3;True;0.01;True;0.02;True;1.54;True;1.503292412;2.18;True;2.108704223;0.07;True;0.23;False;0.04;True;ERR;ERR;ERR
146;0.01;False;0.0;False;0.02;False;0.69;False;0.604332994;1.26;False;0.680703986;0.07;False;0.04;False;0.05;False;ERR;ERR;ERR
147;0.01;False;0.01;False;0.01;False;1.93;False;1.343631651;6.96;False;1.5772893110000004;0.06;False;0.03;False;0.04;False;ERR;ERR;ERR
148;0.01;False;0.01;False;0.01;False;0.03;False;7.721599999999801e-05;0.06;False;7.922800000000063e-05;0.06;False;0.03;False;0.05;False;ERR;ERR;ERR
149;ERR;ERR;0.01;False;0.0;False;ERR;ERR;ERR;TO;TO;TO;0.07;False;0.05;False;0.05;False;ERR;ERR;ERR
150;0.01;False;0.01;False;0.01;False;ERR;ERR;ERR;TO;TO;TO;0.06;False;0.08;False;0.07;False;ERR;ERR;ERR
151;0.02;True;0.0;True;0.02;True;1.33;True;1.234443559;1.74;True;1.342062716;0.06;True;ERR;ERR;0.05;True;0.01;False;0.002260439097881317
152;TO;TO;0.02;True;0.02;True;3.12;True;3.046319275;4.23;True;3.812515444;0.07;True;0.11;True;0.06;True;ERR;ERR;ERR
153;0.02;False;0.02;False;0.01;False;10.91;False;7.278027600000001;50.85;False;8.576031503000003;0.07;False;0.16;False;0.06;False;ERR;ERR;ERR
154;0.05;True;0.0;True;0.01;True;0.81;True;0.756155279;1.53;True;0.8285949010000001;0.06;True;0.08;False;0.04;True;ERR;ERR;ERR
155;0.01;False;0.02;False;0.01;False;3.15;False;2.382254214;9.77;False;2.688829542999999;0.06;False;0.04;False;0.06;False;ERR;ERR;ERR
156;0.01;False;0.0;True;0.01;True;2.06;True;1.751400933;22.36;True;2.4294330790000025;0.07;True;0.29;False;0.04;True;ERR;ERR;ERR
157;0.02;False;0.01;True;0.01;True;2.38;True;1.8824222640000001;9.01;True;2.543318720000001;ERR;ERR;ERR;ERR;ERR;ERR;0.02;False;0.0019836165010929108
158;0.0;False;0.01;False;0.01;False;ERR;ERR;ERR;TO;TO;TO;0.08;False;0.1;False;0.05;False;ERR;ERR;ERR
159;0.01;False;0.01;True;0.01;True;2.06;True;1.398945677;12.21;True;1.8586318950000003;ERR;ERR;ERR;ERR;ERR;ERR;ERR;ERR;ERR
160;0.01;False;0.0;True;0.01;True;1.91;True;1.3931378200000002;8.7;True;1.8254125129999998;ERR;ERR;ERR;ERR;ERR;ERR;0.03;False;0.01520662009716034
161;0.01;False;0.01;False;0.0;False;1.92;False;1.866726959;2.66;False;2.1651912930000003;0.07;True;0.07;False;0.07;False;ERR;ERR;ERR
162;0.01;False;0.01;False;0.01;False;4.53;False;2.064642818;88.86;False;2.3168351189999896;0.06;False;0.07;False;0.06;False;ERR;ERR;ERR
163;0.02;False;0.01;False;0.01;False;2.23;False;2.155874758;2.54;False;2.410746971;0.07;False;0.1;False;0.06;False;ERR;ERR;ERR
164;TO;TO;0.01;True;0.0;True;2.61;True;2.581330337;3.09;True;3.043578691;0.07;True;35.6;False;0.06;True;ERR;ERR;ERR
165;0.02;False;0.01;True;0.01;True;4.12;True;1.6997048659999998;36.78;True;2.215051662999997;ERR;ERR;ERR;ERR;ERR;ERR;ERR;ERR;ERR
166;0.01;False;1.03;False;0.23;False;1.59;False;1.529406769;2.08;False;1.6615402440000002;0.41;False;ERR;ERR;1.48;False;ERR;ERR;ERR
167;ERR;ERR;0.01;False;0.01;False;TO;TO;TO;TO;TO;TO;ERR;ERR;ERR;ERR;ERR;ERR;ERR;ERR;ERR
168;TO;TO;0.01;True;0.01;True;1.43;True;1.3812431859999998;1.48;True;1.450687244;0.06;True;0.07;True;0.05;True;ERR;ERR;ERR
169;0.02;False;0.01;True;0.02;True;1.99;True;1.8662928650000001;6.74;True;2.518443834;0.07;True;1.05;False;0.06;True;ERR;ERR;ERR
170;0.01;False;0.01;False;0.01;False;0.03;False;0.00037214799999999576;0.04;False;0.0004224040000000012;0.05;False;0.04;False;0.05;False;ERR;ERR;ERR
171;0.0;False;TO;TO;ERR;ERR;0.8;False;0.735564602;1.28;False;0.860908102;TO;TO;TO;TO;TO;TO;ERR;ERR;ERR
172;0.01;False;12.46;False;0.01;False;ERR;ERR;ERR;TO;TO;TO;0.8;False;ERR;ERR;0.11;False;ERR;ERR;ERR
173;ERR;ERR;0.02;False;ERR;ERR;TO;TO;TO;TO;TO;TO;0.05;False;ERR;ERR;0.05;False;ERR;ERR;ERR
174;ERR;ERR;28.35;False;0.0;False;1.99;False;1.8332718909999999;3.8;False;1.908260517;4.4;False;0.16;False;6.27;False;ERR;ERR;ERR
175;3.16;True;0.0;True;0.01;True;1.73;True;1.618598557;4.15;True;2.9342435;0.06;True;0.04;False;0.06;True;ERR;ERR;ERR
176;0.0;False;0.61;False;0.1;False;TO;TO;TO;TO;TO;TO;ERR;ERR;ERR;ERR;ERR;ERR;ERR;ERR;ERR
177;TO;TO;0.02;True;0.01;True;1.32;True;1.242447664;2.24;True;1.583507795;0.08;True;0.07;True;0.05;True;ERR;ERR;ERR
178;0.01;False;0.01;False;0.01;False;ERR;ERR;ERR;TO;TO;TO;0.06;False;0.05;False;0.05;False;ERR;ERR;ERR
179;0.01;False;0.22;False;0.01;False;2.34;False;2.0330942939999996;78.86;False;2.485117331000012;ERR;ERR;ERR;ERR;ERR;ERR;ERR;ERR;ERR
180;0.01;False;0.01;False;0.02;False;0.04;False;0.0003307769999999974;0.07;False;0.00034822199999999526;0.07;False;0.03;False;0.04;False;ERR;ERR;ERR
181;0.0;False;0.01;False;0.01;False;2.07;False;1.850198125;3.72;False;2.162418159;0.07;False;0.04;False;0.03;False;ERR;ERR;ERR
182;0.01;False;0.01;True;0.01;True;3.52;True;2.0851296699999997;22.81;True;2.640750205;ERR;ERR;ERR;ERR;ERR;ERR;ERR;ERR;ERR
183;0.01;False;0.01;True;0.01;True;0.78;True;0.737390073;1.21;True;1.143934566;0.05;True;ERR;ERR;0.04;True;ERR;ERR;ERR
184;TO;TO;0.01;True;0.0;True;0.32;True;0.287332266;0.32;True;0.279976055;0.09;True;0.05;True;0.04;True;ERR;ERR;ERR
185;0.01;False;8.51;False;0.0;False;0.44;False;0.357349161;8.16;False;0.5545032500000007;2.52;False;0.06;False;11.24;False;ERR;ERR;ERR
186;0.02;False;0.0;False;0.01;False;2.23;False;0.946493998;12.49;False;1.0830518409999996;0.07;False;0.04;False;0.05;False;ERR;ERR;ERR
187;0.01;False;0.01;True;0.01;True;14.58;True;6.4208620000000005;58.31;True;6.470266561999999;0.07;True;38.19;False;0.07;True;ERR;ERR;ERR
188;0.02;False;0.22;False;0.01;False;1.75;False;0.965760949;TO;TO;TO;0.12;False;0.06;False;0.11;False;0.05;True;0.034524161368608475
189;ERR;ERR;0.04;False;0.01;False;1.43;False;1.18878104;3.89;False;1.2024760160000003;0.07;False;0.19;False;0.06;False;ERR;ERR;ERR
190;ERR;ERR;1.08;False;1.15;False;5.45;False;5.087512939;TO;TO;TO;1.64;False;2.31;False;0.08;False;ERR;ERR;ERR
191;1.88;True;0.01;True;0.02;True;5.19;True;5.131972881;6.4;True;6.283570099;0.08;True;0.1;True;0.03;True;ERR;ERR;ERR
192;ERR;ERR;0.01;True;0.01;True;0.05;True;0.0025945450000000037;0.3;True;0.003955678000000018;0.06;True;0.04;True;0.05;True;ERR;ERR;ERR
193;ERR;ERR;TO;TO;ERR;ERR;TO;TO;TO;TO;TO;TO;TO;TO;ERR;ERR;TO;TO;ERR;ERR;ERR
194;TO;TO;3.72;False;0.54;False;ERR;ERR;ERR;TO;TO;TO;0.48;False;3.07;False;1.66;False;ERR;ERR;ERR
195;6.72;False;0.01;False;0.02;False;1.27;False;1.1696214109999998;2.07;False;1.29702145;0.06;True;0.08;False;0.04;False;ERR;ERR;ERR
196;0.02;False;0.04;False;0.01;False;16.08;False;3.46826141;TO;TO;TO;ERR;ERR;ERR;ERR;ERR;ERR;ERR;ERR;ERR
197;0.23;True;0.01;True;0.0;True;0.63;True;0.576531193;0.92;True;0.81066014;0.07;True;0.04;False;0.05;True;ERR;ERR;ERR
198;0.02;False;0.01;False;0.0;False;ERR;ERR;ERR;TO;TO;TO;0.06;False;ERR;ERR;0.04;False;ERR;ERR;ERR
199;0.01;False;0.0;False;0.01;False;0.03;False;6.248400000000154e-05;0.06;False;7.986999999999578e-05;ERR;ERR;ERR;ERR;ERR;ERR;ERR;ERR;ERR
200;0.01;False;0.01;False;0.01;False;1.31;False;1.252516207;1.5;False;1.384479354;0.07;False;0.08;False;0.06;False;ERR;ERR;ERR
201;0.01;False;8.73;False;0.01;False;1.66;False;0.9816039190000001;3.98;False;1.1434042;1.26;False;0.08;False;3.04;False;ERR;ERR;ERR
202;0.0;False;TO;TO;0.01;False;1.51;False;1.384858022;4.72;False;1.856636892;81.02;False;TO;TO;5.8;False;ERR;ERR;ERR
203;0.02;False;0.01;True;0.0;True;3.21;True;2.416786727;13.97;True;3.3843122;ERR;ERR;ERR;ERR;ERR;ERR;ERR;ERR;ERR
204;0.01;False;0.01;False;0.01;False;3.41;False;3.3167534979999997;6.46;False;3.700207951;0.04;False;0.04;False;0.06;False;ERR;ERR;ERR
205;0.01;False;3.67;False;0.02;False;0.91;False;0.787645936;2.27;False;0.865798013;0.77;False;2.06;False;1.01;False;ERR;ERR;ERR
206;0.01;False;0.02;True;0.01;True;1.77;True;1.720411246;1.91;True;1.867133404;0.07;True;0.14;True;0.05;True;ERR;ERR;ERR
207;0.01;False;0.01;False;0.0;False;TO;TO;TO;TO;TO;TO;0.07;False;0.09;False;0.04;False;ERR;ERR;ERR
208;0.93;True;0.01;True;0.01;True;0.82;True;0.781821845;1.15;True;1.068791365;0.07;True;ERR;ERR;0.04;True;ERR;ERR;ERR
209;0.01;False;13.19;False;0.0;False;0.55;False;0.495699956;0.82;False;0.560735413;3.36;False;ERR;ERR;0.11;False;ERR;ERR;ERR
210;0.01;False;4.33;False;0.01;False;0.67;False;0.5764564320000001;1.71;False;0.5625252409999999;1.16;False;4.02;False;4.91;False;ERR;ERR;ERR
211;0.01;False;25.39;False;0.01;False;3.14;False;2.611391546;8.1;False;3.500069153;4.55;False;19.45;False;34.53;False;ERR;ERR;ERR
212;0.0;False;0.01;True;0.0;True;5.26;True;2.2949415159999997;44.18;True;3.112421334000004;ERR;ERR;ERR;ERR;ERR;ERR;ERR;ERR;ERR
213;0.01;False;TO;TO;0.01;False;2.38;False;0.8684242469999999;23.59;False;0.9844169909999998;TO;TO;5.62;False;11.8;False;ERR;ERR;ERR
214;ERR;ERR;0.01;False;0.01;False;ERR;ERR;ERR;TO;TO;TO;0.06;False;0.06;False;0.05;False;ERR;ERR;ERR
215;0.01;False;0.01;False;0.01;False;0.1;False;0.0005991199999999947;0.25;False;0.0006745920000000016;0.05;False;0.03;False;0.05;False;ERR;ERR;ERR
216;TO;TO;6.62;False;1.5;False;1.42;False;1.381869877;1.82;False;1.781041972;2.54;False;8.58;False;8.96;False;ERR;ERR;ERR
217;ERR;ERR;0.0;False;0.01;False;0.07;False;0.00036646999999999375;11.0;False;0.0004570769999983071;0.07;False;0.04;False;0.04;False;ERR;ERR;ERR
218;0.01;False;16.43;True;22.42;True;4.79;True;2.7262230119999997;25.32;True;3.5524152849999986;3.22;True;24.69;False;19.83;True;ERR;ERR;ERR
219;0.0;False;0.01;False;0.01;False;0.2;False;0.001938478999999993;0.67;False;0.0020018250000000126;0.06;False;0.04;False;0.04;False;ERR;ERR;ERR
220;0.01;False;12.04;False;2.02;False;2.07;False;1.6337607550000002;7.36;False;1.775613356;2.84;False;6.18;False;14.86;False;ERR;ERR;ERR
221;0.01;False;0.01;True;0.02;True;2.21;True;1.79899266;8.38;True;2.524531382;ERR;ERR;ERR;ERR;ERR;ERR;ERR;ERR;ERR
222;ERR;ERR;0.01;False;0.01;False;0.33;False;0.0004636860000000187;4.65;False;0.00043306000000065126;0.06;False;ERR;ERR;0.06;False;ERR;ERR;ERR
223;TO;TO;3.49;False;1.11;False;ERR;ERR;ERR;ERR;ERR;ERR;0.45;False;3.06;False;1.25;False;ERR;ERR;ERR
224;0.01;False;0.01;False;0.01;False;0.03;False;8.129200000000364e-05;0.05;False;8.276399999999906e-05;0.07;False;0.04;False;0.06;False;ERR;ERR;ERR
225;0.02;False;0.0;True;0.0;True;1.58;True;1.528109864;1.84;True;1.734146764;0.06;True;0.06;True;0.04;True;ERR;ERR;ERR
226;0.01;False;0.01;True;0.01;True;2.87;True;2.381379471;10.14;True;3.2574241839999996;ERR;ERR;ERR;ERR;ERR;ERR;ERR;ERR;ERR
227;0.01;False;0.02;True;0.03;True;1.57;True;1.255034065;8.16;True;3.103448095;0.07;True;ERR;ERR;0.05;True;ERR;ERR;ERR
228;0.01;False;0.01;True;0.0;True;1.63;True;1.19814773;7.29;True;1.5752688680000002;ERR;ERR;ERR;ERR;ERR;ERR;ERR;ERR;ERR
229;0.01;False;0.01;False;0.01;False;2.53;False;2.2136948569999997;8.49;False;2.545954968;0.06;False;0.1;False;0.04;False;ERR;ERR;ERR
230;2.38;True;0.01;True;0.03;True;5.26;True;5.203250298;6.42;True;6.305020635;0.07;True;0.1;True;0.06;True;ERR;ERR;ERR
231;0.01;False;TO;TO;0.01;False;3.37;False;1.744832845;TO;TO;TO;TO;TO;58.89;False;TO;TO;ERR;ERR;ERR
232;0.01;False;2.6;False;0.01;False;0.68;False;0.575802981;1.74;False;0.7628747450000001;0.46;False;0.09;False;1.42;False;ERR;ERR;ERR
233;35.58;False;0.77;False;0.12;False;0.57;False;0.521515066;0.79;False;0.6277186269999999;0.07;True;0.05;False;0.65;False;ERR;ERR;ERR
234;0.02;False;0.01;False;0.0;False;1.61;False;1.484540575;2.89;False;1.6609522700000001;0.06;False;0.03;False;0.05;False;ERR;ERR;ERR
235;ERR;ERR;0.01;False;0.01;False;0.03;False;5.316000000000348e-05;0.07;False;6.22940000000044e-05;0.07;False;0.04;False;0.04;False;ERR;ERR;ERR
236;TO;TO;0.0;True;0.01;True;1.94;True;1.7725733410000002;3.88;True;1.9494619530000001;0.08;True;0.07;True;0.06;True;ERR;ERR;ERR
237;ERR;ERR;41.12;False;0.01;False;1.52;False;1.0608131690000002;5.93;False;1.301182635;7.51;False;21.45;False;30.44;False;ERR;ERR;ERR
238;ERR;ERR;0.01;False;0.01;False;32.33;False;21.380545808999997;TO;TO;TO;ERR;ERR;ERR;ERR;ERR;ERR;ERR;ERR;ERR
239;1.07;True;0.01;True;0.01;True;1.29;True;1.243512692;1.54;True;1.299762323;0.07;True;5.65;False;0.04;True;ERR;ERR;ERR
240;8.38;True;0.02;True;0.02;True;0.77;True;0.734220525;0.86;True;0.811850316;0.06;True;0.07;True;0.06;True;ERR;ERR;ERR
241;TO;TO;0.01;True;0.01;True;2.01;True;1.979271687;2.13;True;2.093289648;0.06;True;0.07;True;0.04;True;ERR;ERR;ERR
242;ERR;ERR;0.01;False;0.01;False;3.1;False;2.401467783;18.3;False;2.699830797999999;0.06;False;ERR;ERR;0.05;False;ERR;ERR;ERR
243;TO;TO;3.63;False;1.7;False;ERR;ERR;ERR;ERR;ERR;ERR;0.43;False;3.09;False;1.43;False;ERR;ERR;ERR
244;0.02;False;TO;TO;0.01;False;2.88;False;2.6972491119999997;34.59;False;3.1906646300000006;TO;TO;TO;TO;7.76;False;0.07;False;0.049540746957063675
245;0.01;False;0.01;False;0.01;False;1.39;False;1.3269608579999999;1.73;False;1.482528196;0.06;False;0.03;False;0.06;False;ERR;ERR;ERR
246;0.01;False;6.36;False;1.15;False;ERR;ERR;ERR;TO;TO;TO;2.13;False;ERR;ERR;7.3;False;ERR;ERR;ERR
247;0.01;False;0.01;False;0.01;False;17.36;False;1.4038163690000012;TO;TO;TO;0.06;False;ERR;ERR;0.03;False;ERR;ERR;ERR
248;ERR;ERR;0.01;True;0.01;True;1.62;True;1.155119133;7.26;True;1.5309798890000001;0.07;True;0.34;False;0.05;True;ERR;ERR;ERR
249;0.01;False;0.01;False;0.0;False;ERR;ERR;ERR;TO;TO;TO;0.06;False;0.03;False;0.05;False;ERR;ERR;ERR
250;0.02;False;0.01;True;0.0;True;0.78;True;0.728520899;1.18;True;0.933479272;0.07;True;0.08;False;0.05;True;ERR;ERR;ERR
251;0.01;False;0.01;False;0.01;False;ERR;ERR;ERR;TO;TO;TO;0.07;False;0.12;False;0.06;False;ERR;ERR;ERR
252;TO;TO;5.38;False;0.8;False;1.1;False;1.070624478;1.22;False;1.182815245;0.66;False;4.32;False;2.17;False;ERR;ERR;ERR
253;0.94;True;0.0;True;0.0;True;0.76;True;0.718384905;1.04;True;0.9661926649999999;0.06;True;ERR;ERR;0.04;True;ERR;ERR;ERR
254;0.01;False;0.01;True;0.0;True;1.16;True;0.853486703;19.3;True;1.2046249020000026;0.07;True;0.16;False;0.05;True;ERR;ERR;ERR
255;ERR;ERR;0.01;False;0.0;False;4.19;False;0.019962673999999847;TO;TO;TO;0.06;False;0.05;False;0.05;False;ERR;ERR;ERR
256;0.01;False;0.01;False;0.01;False;0.85;False;0.813881645;0.98;False;0.901967102;0.07;False;0.07;False;0.04;False;ERR;ERR;ERR
257;0.01;False;0.14;True;0.15;True;0.77;True;0.00833304800000001;5.92;True;0.010652388999999651;TO;TO;0.53;False;0.12;True;ERR;ERR;ERR
258;0.01;False;0.0;True;0.01;True;2.06;True;1.535397793;8.18;True;2.094145351;ERR;ERR;ERR;ERR;ERR;ERR;ERR;ERR;ERR
259;0.01;False;9.82;False;0.01;False;3.58;False;3.487598025;4.57;False;3.8964987779999998;ERR;ERR;ERR;ERR;ERR;ERR;ERR;ERR;ERR
260;0.01;True;0.0;True;0.0;True;0.12;True;0.0037951260000000098;1.68;True;0.006506947000000096;0.06;True;19.02;False;0.05;True;ERR;ERR;ERR
261;0.02;False;6.15;False;0.94;False;1.68;False;1.3925139549999999;40.32;False;1.5168745680000058;ERR;ERR;ERR;ERR;ERR;ERR;ERR;ERR;ERR
262;0.13;True;0.01;True;0.02;True;2.2;True;2.158269236;3.0;True;2.9142439600000003;0.06;True;0.06;True;0.05;True;ERR;ERR;ERR
263;0.01;False;0.01;True;0.01;True;2.95;True;2.058721303;17.82;True;2.6875131179999983;ERR;ERR;ERR;ERR;ERR;ERR;ERR;ERR;ERR
264;ERR;ERR;0.01;True;0.0;True;1.77;True;1.161616586;4.98;True;1.324409047;0.06;True;0.08;False;0.06;True;ERR;ERR;ERR
265;ERR;ERR;0.01;False;0.01;False;1.04;False;0.9513936310000001;1.69;False;1.04526956;0.06;False;0.13;False;0.06;False;ERR;ERR;ERR
266;TO;TO;0.0;True;0.01;True;1.84;True;1.746357252;2.75;True;2.1697347;0.06;True;2.09;False;0.05;True;ERR;ERR;ERR
267;ERR;ERR;0.01;False;0.01;False;TO;TO;TO;TO;TO;TO;0.08;False;0.03;False;0.06;False;ERR;ERR;ERR
268;0.02;False;TO;TO;ERR;ERR;2.47;False;1.7186082520000001;90.68;False;2.315246314999996;TO;TO;TO;TO;TO;TO;ERR;ERR;ERR
269;0.01;False;0.01;False;0.01;False;TO;TO;TO;TO;TO;TO;0.07;False;0.04;False;0.05;False;ERR;ERR;ERR
270;0.01;True;0.0;True;0.01;True;0.16;True;0.006021497999999986;0.95;True;0.008486669000000058;0.05;True;ERR;ERR;0.05;True;ERR;ERR;ERR
271;0.01;False;0.02;True;0.02;True;1.56;True;1.244732003;6.82;True;1.8934477119999995;0.07;True;ERR;ERR;0.04;True;ERR;ERR;ERR
272;0.01;False;TO;TO;0.02;False;1.17;False;1.0215335110000001;4.59;False;1.111608134;TO;TO;49.25;False;TO;TO;ERR;ERR;ERR
273;0.01;False;0.03;False;0.01;False;2.11;False;1.9868856739999998;2.55;False;1.76056342;0.06;False;0.12;False;0.05;False;ERR;ERR;ERR
274;ERR;ERR;0.0;False;0.01;False;1.33;False;0.6204360240000001;8.08;False;0.7252611770000001;0.06;False;0.01;False;0.05;False;ERR;ERR;ERR
275;0.16;False;0.02;False;0.01;False;1.37;False;1.339225549;1.86;False;1.83752776;0.06;False;0.17;False;0.06;False;ERR;ERR;ERR
276;0.01;True;0.0;True;0.01;True;0.05;True;0.003919202000000004;0.15;True;0.006344553000000003;0.06;True;0.77;False;0.04;True;ERR;ERR;ERR
277;ERR;ERR;6.86;False;0.86;False;0.49;False;0.452286923;1.02;False;0.9217294049999999;0.86;False;3.1;False;0.09;False;ERR;ERR;ERR
278;0.01;False;0.0;True;0.01;True;0.82;True;0.004426072999999975;9.54;True;0.013995607000000021;0.07;True;ERR;ERR;0.07;True;ERR;ERR;ERR
279;0.05;False;20.59;False;3.76;False;3.37;False;3.2766328569999996;7.0;False;3.899757317;5.36;False;17.34;False;12.12;False;ERR;ERR;ERR
280;0.01;False;0.01;False;0.01;False;ERR;ERR;ERR;TO;TO;TO;0.06;False;0.09;False;0.06;False;ERR;ERR;ERR
281;0.01;False;0.01;False;0.01;False;8.43;False;2.862151849;38.74;False;3.1807146030000055;0.06;False;0.04;False;0.05;False;ERR;ERR;ERR
282;0.01;False;0.0;False;0.01;False;0.15;False;0.005693906999999998;52.98;False;0.009794160999994972;0.06;False;ERR;ERR;0.05;False;ERR;ERR;ERR
283;0.01;False;0.01;True;0.01;True;3.85;True;1.454943068;38.89;True;1.9703966169999987;ERR;ERR;ERR;ERR;ERR;ERR;ERR;ERR;ERR
284;0.0;False;3.25;False;0.01;False;ERR;ERR;ERR;TO;TO;TO;ERR;ERR;ERR;ERR;ERR;ERR;ERR;ERR;ERR
285;0.01;False;0.0;False;0.01;False;0.57;False;0.0012401519999999944;40.71;False;0.001434302999996362;0.05;False;0.04;False;0.04;False;ERR;ERR;ERR
286;ERR;ERR;0.0;False;0.01;False;1.32;False;0.638894401;8.58;False;0.7304487150000005;0.07;False;0.03;False;0.06;False;ERR;ERR;ERR
287;ERR;ERR;TO;TO;0.01;False;0.08;False;0.008100800000000005;0.51;False;0.009640040000000016;TO;TO;TO;TO;TO;TO;ERR;ERR;ERR
288;0.1;True;0.01;True;0.01;True;1.92;True;1.874071579;2.4;True;2.2783764420000003;0.06;True;0.05;True;0.06;True;ERR;ERR;ERR
289;0.01;False;0.01;False;0.01;False;0.03;False;7.175799999999816e-05;0.04;False;7.477200000000073e-05;0.07;False;0.05;False;0.05;False;ERR;ERR;ERR
290;ERR;ERR;TO;TO;ERR;ERR;0.4;False;0.020910437000000004;18.09;False;0.023389177000000316;TO;TO;TO;TO;TO;TO;ERR;ERR;ERR
291;0.01;False;0.02;False;0.01;False;1.28;False;1.2145106890000001;1.93;False;1.6905691649999999;0.07;False;0.18;False;0.06;False;ERR;ERR;ERR
292;0.0;False;0.01;False;0.01;False;1.66;False;1.548379186;3.11;False;1.779331917;0.07;False;0.09;False;0.03;False;ERR;ERR;ERR
293;0.02;False;0.01;True;0.0;True;1.85;True;1.282195096;9.41;True;1.702338609;ERR;ERR;ERR;ERR;ERR;ERR;ERR;ERR;ERR
294;ERR;ERR;0.01;True;0.0;True;ERR;ERR;ERR;TO;TO;TO;0.07;True;TO;TO;0.06;True;ERR;ERR;ERR
295;0.01;False;0.01;False;0.01;False;0.04;False;0.0003116479999999977;0.22;False;0.00037973999999998953;0.06;False;0.04;False;0.04;False;ERR;ERR;ERR
296;0.02;False;12.08;False;2.05;False;2.01;False;1.5542028810000001;7.83;False;1.9019202219999993;ERR;ERR;ERR;ERR;ERR;ERR;ERR;ERR;ERR
297;0.09;False;0.01;False;0.01;False;0.69;False;0.653187836;0.86;False;0.800571738;0.07;False;0.09;False;0.04;False;ERR;ERR;ERR
298;ERR;ERR;0.01;False;0.01;False;TO;TO;TO;TO;TO;TO;0.07;False;0.05;False;0.03;False;ERR;ERR;ERR
299;0.02;False;0.0;False;0.01;False;1.58;False;1.126877574;8.25;False;1.2820574689999997;0.05;False;ERR;ERR;0.05;False;ERR;ERR;ERR
300;0.01;False;3.95;False;0.6;False;3.3;False;0.991252609;19.15;False;1.2941790520000005;1.0;False;ERR;ERR;5.1;False;ERR;ERR;ERR
301;ERR;ERR;0.01;False;0.0;False;0.09;False;0.00034251500000000157;12.7;False;0.0004493140000008111;0.07;False;0.05;False;0.05;False;ERR;ERR;ERR
302;ERR;ERR;0.02;True;0.0;True;2.14;True;2.032392953;6.38;True;3.991368284;0.05;True;0.09;True;0.05;True;ERR;ERR;ERR
303;ERR;ERR;0.01;True;0.0;True;1.01;True;0.8852192649999999;2.46;True;1.1445258219999999;0.05;True;ERR;ERR;0.04;True;ERR;ERR;ERR
304;ERR;ERR;0.0;False;0.01;False;6.14;False;1.804654399;TO;TO;TO;0.06;False;0.05;False;0.07;False;ERR;ERR;ERR
305;0.01;False;0.01;True;0.0;True;1.19;True;1.0928825139999998;2.32;True;1.4109906760000002;ERR;ERR;ERR;ERR;ERR;ERR;ERR;ERR;ERR
306;0.01;False;0.22;False;0.01;False;2.16;False;1.2281853649999999;35.18;False;1.3953226799999996;0.1;False;ERR;ERR;0.29;False;ERR;ERR;ERR
307;0.01;False;51.28;False;0.01;False;1.27;False;1.064732444;13.35;False;1.2836256120000016;11.3;False;0.49;False;53.0;False;ERR;ERR;ERR
308;0.01;False;0.01;False;0.01;False;0.77;False;0.670282253;1.77;False;0.791880862;0.06;False;0.04;False;0.04;False;ERR;ERR;ERR
309;0.01;False;0.01;False;0.0;False;2.7;False;1.895873656;26.75;False;2.2375397380000024;0.07;False;0.12;False;0.05;False;ERR;ERR;ERR
310;0.01;False;0.0;True;0.01;True;1.9;True;1.621284408;6.64;True;2.2668701629999997;ERR;ERR;ERR;ERR;ERR;ERR;ERR;ERR;ERR
311;0.04;True;0.01;True;0.01;True;1.13;True;1.0840920920000001;1.46;True;1.2426563149999998;0.06;True;0.07;False;0.05;True;ERR;ERR;ERR
312;0.01;False;0.02;False;0.01;False;1.83;False;1.632317628;4.1;False;1.9219847900000002;0.07;False;0.11;False;0.05;False;ERR;ERR;ERR
313;0.01;False;TO;TO;8.7;False;3.71;False;3.0230150649999996;TO;TO;TO;TO;TO;TO;TO;6.11;False;ERR;ERR;ERR
314;32.59;False;37.5;False;12.3;False;2.13;False;2.096136732;1.82;False;1.7849885159999999;20.27;False;38.18;False;26.52;False;ERR;ERR;ERR
315;0.01;False;0.02;False;0.01;False;0.03;False;6.878300000000281e-05;0.04;False;7.182699999999653e-05;0.07;False;0.03;False;0.05;False;ERR;ERR;ERR
316;0.06;True;TO;TO;ERR;ERR;1.9;True;1.775620848;2.43;True;2.0898549500000003;TO;TO;ERR;ERR;TO;TO;ERR;ERR;ERR
317;0.0;True;0.01;True;0.01;True;0.05;True;0.003772833000000003;0.15;True;0.005825033000000007;0.07;True;0.23;False;0.03;True;ERR;ERR;ERR
318;TO;TO;0.01;True;0.01;True;1.83;True;1.652748247;4.0;True;1.908922815;0.06;True;0.05;True;0.03;True;ERR;ERR;ERR
319;6.25;True;0.01;True;0.01;True;1.33;True;1.2467206670000002;1.84;True;1.447517896;0.07;True;0.09;False;0.05;True;ERR;ERR;ERR
320;0.01;False;0.02;False;0.01;False;0.06;False;0.00013634400000001046;0.17;False;0.00015320000000002;0.07;False;0.04;False;0.06;False;ERR;ERR;ERR
321;0.01;True;0.01;True;0.01;True;0.04;True;0.004559514000000001;0.27;True;0.009367661000000027;0.04;True;0.11;False;0.04;True;ERR;ERR;ERR
322;0.01;False;4.29;False;0.74;False;1.67;False;1.6101506270000001;5.57;False;1.991976948;ERR;ERR;ERR;ERR;ERR;ERR;ERR;ERR;ERR
323;0.03;False;0.01;True;0.02;True;0.89;True;0.852573602;1.01;True;0.9833815550000001;0.05;True;0.1;True;0.04;True;ERR;ERR;ERR
324;0.01;False;0.0;False;0.01;False;0.04;False;0.0003182080000000004;0.37;False;0.00037882800000005323;0.07;False;0.04;False;0.06;False;ERR;ERR;ERR
325;0.01;False;38.59;False;0.01;False;1.12;False;1.0000316779999998;2.41;False;1.1949804460000002;4.92;False;ERR;ERR;11.01;False;ERR;ERR;ERR
326;0.02;False;0.01;True;0.01;True;0.04;True;0.003987194999999999;0.19;True;0.006894317999999983;0.07;True;ERR;ERR;0.04;True;ERR;ERR;ERR
327;0.01;False;0.01;False;0.01;False;ERR;ERR;ERR;TO;TO;TO;0.06;False;0.04;False;0.05;False;ERR;ERR;ERR
328;0.0;False;0.01;False;0.01;False;1.09;False;0.972770129;2.1;False;1.119497927;0.07;False;0.05;False;0.03;False;ERR;ERR;ERR
329;0.44;False;0.01;True;0.02;True;0.65;True;0.608286518;0.78;True;0.725375058;0.06;True;0.11;True;0.05;True;ERR;ERR;ERR
330;0.01;False;14.49;False;0.02;False;ERR;ERR;ERR;TO;TO;TO;1.82;False;ERR;ERR;9.62;False;ERR;ERR;ERR
331;0.0;False;0.01;False;0.01;False;ERR;ERR;ERR;TO;TO;TO;0.07;False;0.02;False;0.05;False;ERR;ERR;ERR
332;0.01;False;TO;TO;ERR;ERR;3.25;False;3.204777571;9.45;False;4.397522111;TO;TO;TO;TO;7.07;False;ERR;ERR;ERR
333;ERR;ERR;0.01;False;0.01;False;3.03;False;0.01505495800000034;TO;TO;TO;0.08;False;0.04;False;0.07;False;ERR;ERR;ERR
334;0.01;False;0.01;True;0.02;True;1.82;True;1.744891312;2.15;True;1.915872114;ERR;ERR;ERR;ERR;ERR;ERR;ERR;ERR;ERR
335;0.01;False;0.01;False;0.01;False;1.53;False;1.494394207;4.05;False;1.6820070530000002;ERR;ERR;0.05;False;0.04;False;ERR;ERR;ERR
336;0.01;False;TO;TO;0.01;False;0.45;False;0.40677135499999995;0.7;False;0.4324140040000001;TO;TO;4.73;False;TO;TO;ERR;ERR;ERR
337;TO;TO;9.48;False;1.36;False;1.09;False;1.058783654;1.14;False;1.105628587;0.06;True;5.0;False;8.19;False;ERR;ERR;ERR
338;0.01;False;0.01;True;0.01;True;1.0;True;0.8828348340000001;2.25;True;1.145748981;ERR;ERR;ERR;ERR;ERR;ERR;ERR;ERR;ERR
339;0.02;False;0.01;False;0.0;False;0.57;False;0.541247243;0.6;False;0.577917084;0.06;False;0.09;False;0.04;False;ERR;ERR;ERR
340;0.0;False;0.0;False;0.01;False;1.74;False;1.6628201329999999;3.7;False;1.8926347550000002;0.07;False;0.04;False;0.03;False;ERR;ERR;ERR
341;0.01;False;0.01;False;0.01;False;TO;TO;TO;TO;TO;TO;0.05;False;0.13;False;0.07;False;ERR;ERR;ERR
342;0.02;False;0.01;False;0.01;False;0.7;False;0.671106751;0.81;False;0.723436597;0.06;False;0.09;False;0.05;False;ERR;ERR;ERR
343;TO;TO;0.01;True;0.01;True;0.4;True;0.365585804;0.44;True;0.397207679;0.06;True;4.17;False;0.05;True;ERR;ERR;ERR
344;ERR;ERR;2.68;False;0.01;False;1.33;False;1.237483683;1.76;False;1.2214297269999999;0.77;False;ERR;ERR;1.68;False;ERR;ERR;ERR
345;0.07;True;0.01;True;0.01;True;1.75;True;1.687252706;2.25;True;1.913708395;ERR;ERR;ERR;ERR;ERR;ERR;ERR;ERR;ERR
346;0.02;False;1.22;False;0.18;False;1.76;False;1.682603576;2.61;False;1.9150136349999998;0.15;False;1.06;False;0.06;False;ERR;ERR;ERR
347;0.01;False;0.01;False;0.01;False;1.45;False;1.405219343;1.72;False;1.62465025;0.08;False;0.08;False;0.05;False;ERR;ERR;ERR
348;0.02;False;4.66;False;0.01;False;0.86;False;0.803570829;1.17;False;0.900810987;ERR;ERR;ERR;ERR;ERR;ERR;ERR;ERR;ERR
349;0.01;False;0.01;True;0.01;True;1.17;True;1.025580597;10.34;True;1.5517950939999992;ERR;ERR;ERR;ERR;ERR;ERR;ERR;ERR;ERR
350;0.02;False;0.01;True;0.01;True;1.23;True;1.182317809;1.6;True;1.432319;ERR;ERR;ERR;ERR;ERR;ERR;ERR;ERR;ERR
351;0.01;False;80.28;False;6.56;False;2.48;False;2.192948955;3.52;False;2.447343401;18.64;False;0.11;False;0.5;False;ERR;ERR;ERR
352;0.01;False;15.66;False;0.02;False;0.97;False;0.880359871;1.94;False;1.101816296;ERR;ERR;ERR;ERR;ERR;ERR;ERR;ERR;ERR
353;0.01;False;0.01;False;0.01;False;0.89;False;0.7894133489999999;3.31;False;0.8438658229999998;0.07;False;0.03;False;0.06;False;ERR;ERR;ERR
354;0.02;False;0.0;False;0.0;False;0.18;False;0.0014173279999999955;0.67;False;0.0016663120000000031;0.06;False;0.04;False;0.05;False;ERR;ERR;ERR
355;0.01;False;26.41;False;8.39;False;2.43;False;1.435958125;12.6;False;1.7003824620000003;ERR;ERR;ERR;ERR;ERR;ERR;ERR;ERR;ERR
356;0.01;False;0.01;False;0.01;False;5.87;False;4.080836844999999;34.03;False;4.565186515000001;ERR;ERR;ERR;ERR;ERR;ERR;ERR;ERR;ERR
357;0.01;False;0.0;False;0.01;False;0.04;False;7.766699999999654e-05;0.04;False;7.859799999999917e-05;0.07;False;0.04;False;0.04;False;ERR;ERR;ERR
358;0.01;False;0.01;False;0.01;False;1.9;False;1.680426371;3.02;False;1.9329686759999998;0.07;False;0.05;False;0.05;False;ERR;ERR;ERR
359;ERR;ERR;0.01;False;0.01;False;TO;TO;TO;TO;TO;TO;ERR;ERR;ERR;ERR;ERR;ERR;ERR;ERR;ERR
360;0.01;False;0.01;True;0.01;True;0.7;True;0.66261225;0.78;True;0.7403802909999999;0.07;True;0.06;True;0.03;True;ERR;ERR;ERR
361;0.02;False;0.01;False;0.0;False;3.31;False;1.797475288;20.98;False;2.0939641109999982;0.07;False;0.03;False;0.05;False;ERR;ERR;ERR
362;0.01;True;0.0;True;0.0;True;1.01;True;0.971488574;1.12;True;1.0827059430000001;0.06;True;ERR;ERR;0.05;True;ERR;ERR;ERR
363;0.01;False;0.0;False;0.01;False;2.73;False;1.885075248;14.14;False;2.1327734420000013;ERR;ERR;ERR;ERR;ERR;ERR;ERR;ERR;ERR
364;0.01;False;TO;TO;ERR;ERR;2.26;False;2.194722488;3.38;False;2.7511758950000003;ERR;ERR;TO;TO;10.36;False;ERR;ERR;ERR
365;0.01;False;TO;TO;ERR;ERR;0.94;False;0.873582335;11.16;False;1.854860595;TO;TO;TO;TO;TO;TO;ERR;ERR;ERR
366;0.04;False;21.38;False;3.85;False;2.7;False;2.584702929;6.62;False;3.5829902969999994;5.37;False;18.8;False;12.26;False;ERR;ERR;ERR
367;0.01;False;TO;TO;ERR;ERR;0.13;False;0.006630581999999996;11.34;False;0.008749863000000246;TO;TO;TO;TO;TO;TO;ERR;ERR;ERR
368;8.35;True;0.01;True;0.02;True;0.67;True;0.6481105140000001;0.76;True;0.731816726;0.07;True;0.06;True;0.05;True;ERR;ERR;ERR
369;0.01;False;0.0;False;0.01;False;TO;TO;TO;TO;TO;TO;0.06;False;0.04;False;0.06;False;ERR;ERR;ERR
370;ERR;ERR;0.01;True;0.02;True;0.95;True;0.921097508;1.09;True;1.0642621870000002;0.06;True;0.05;True;0.05;True;ERR;ERR;ERR
371;0.01;False;TO;TO;ERR;ERR;4.61;False;2.816515529;TO;TO;TO;TO;TO;TO;TO;11.41;False;ERR;ERR;ERR
372;TO;TO;0.01;True;0.02;True;3.67;True;3.209781817;17.65;True;3.689416434;0.07;True;6.17;False;0.04;True;ERR;ERR;ERR
373;TO;TO;0.0;True;0.02;True;1.59;True;1.565532781;1.92;True;1.875940714;0.06;True;0.07;True;0.05;True;ERR;ERR;ERR
374;6.01;False;TO;TO;TO;TO;1.26;False;1.201616095;1.44;False;1.3349737560000001;TO;TO;3.99;False;TO;TO;ERR;ERR;ERR
375;0.01;False;0.01;True;0.01;True;2.74;True;1.96333929;14.87;True;2.6369259760000006;ERR;ERR;ERR;ERR;ERR;ERR;ERR;ERR;ERR
376;ERR;ERR;0.01;False;0.01;False;ERR;ERR;ERR;ERR;ERR;ERR;0.05;False;0.03;False;0.04;False;ERR;ERR;ERR
377;0.01;False;0.01;False;0.01;False;2.49;False;1.8481473880000001;TO;TO;TO;ERR;ERR;ERR;ERR;ERR;ERR;ERR;ERR;ERR
378;TO;TO;3.63;False;0.54;False;ERR;ERR;ERR;ERR;ERR;ERR;0.42;False;4.08;False;1.44;False;ERR;ERR;ERR
379;0.0;False;0.01;False;0.0;False;1.6;False;1.274913185;13.93;False;1.5927753660000015;0.06;False;0.18;False;0.05;False;ERR;ERR;ERR
380;0.01;False;0.01;True;0.01;True;1.03;True;0.9759712949999999;1.32;True;1.0423997729999999;0.06;True;ERR;ERR;0.05;True;ERR;ERR;ERR
381;0.01;False;0.0;False;0.01;False;ERR;ERR;ERR;TO;TO;TO;0.06;False;0.04;False;0.04;False;ERR;ERR;ERR
382;0.01;False;0.01;True;0.0;True;1.35;True;1.304258402;1.52;True;1.427736962;0.06;True;0.05;True;0.05;True;ERR;ERR;ERR
383;0.01;False;0.01;True;0.01;True;1.75;True;1.3934908289999999;7.1;True;1.814699386;ERR;ERR;ERR;ERR;ERR;ERR;ERR;ERR;ERR
384;1.13;True;0.01;True;0.01;True;0.94;True;0.8992457269999999;1.82;True;1.629515842;0.06;True;2.6;False;0.04;True;ERR;ERR;ERR
385;0.01;True;0.01;False;0.0;False;TO;TO;TO;TO;TO;TO;ERR;ERR;ERR;ERR;ERR;ERR;ERR;ERR;ERR
386;0.02;False;0.01;False;0.01;False;2.32;False;2.277640276;2.51;False;2.367223021;0.06;False;ERR;ERR;0.06;False;ERR;ERR;ERR
387;ERR;ERR;0.01;False;0.01;False;0.03;False;0.0005073519999999956;0.04;False;0.00048818300000000314;0.06;False;0.03;False;0.05;False;ERR;ERR;ERR
388;0.01;False;0.0;True;0.01;True;2.11;True;1.7075619009999998;7.69;True;2.325984687;ERR;ERR;ERR;ERR;ERR;ERR;ERR;ERR;ERR
389;0.01;False;0.01;True;0.01;True;0.74;True;0.7193899739999999;1.21;True;1.146412967;0.06;True;ERR;ERR;0.03;True;ERR;ERR;ERR
390;0.11;True;0.01;True;0.01;True;0.09;True;0.004807196;0.58;True;0.007880408999999977;0.06;True;0.74;False;0.05;True;ERR;ERR;ERR
391;0.01;False;9.12;False;1.45;False;2.6;False;2.462691561;4.13;False;2.792439348;0.61;False;6.37;False;0.09;False;ERR;ERR;ERR
392;0.01;False;0.01;True;0.01;True;2.24;True;2.136069291;3.37;True;2.4984205700000004;ERR;ERR;ERR;ERR;ERR;ERR;ERR;ERR;ERR
393;0.01;False;0.01;False;0.01;False;0.7;False;0.632983919;0.92;False;0.7435874330000001;0.06;False;0.04;False;0.04;False;ERR;ERR;ERR
394;0.01;False;0.01;False;0.01;False;1.75;False;1.5138535439999998;4.3;False;1.6622720800000002;0.06;False;0.04;False;0.05;False;ERR;ERR;ERR
395;0.01;False;0.14;False;0.01;False;0.14;False;0.008743654000000003;1.67;False;0.010994573000000063;0.1;False;0.24;False;0.19;False;ERR;ERR;ERR
396;0.02;False;0.42;False;0.01;False;3.22;False;2.970411136;9.28;False;3.6893656669999997;ERR;ERR;ERR;ERR;ERR;ERR;ERR;ERR;ERR
397;0.01;False;6.03;False;0.51;False;5.04;False;3.718365808;TO;TO;TO;0.71;False;1.72;False;1.36;False;ERR;ERR;ERR
398;0.01;False;0.01;True;0.01;True;4.23;True;1.5085497129999998;40.93;True;2.046787197999997;ERR;ERR;ERR;ERR;ERR;ERR;ERR;ERR;ERR
399;TO;TO;65.93;False;0.0;False;1.22;False;1.193089338;1.46;False;1.404546753;13.0;False;0.09;False;0.05;False;ERR;ERR;ERR
400;0.01;False;0.0;False;0.0;False;0.04;False;8.632999999999558e-05;0.03;False;8.866300000000271e-05;ERR;ERR;ERR;ERR;ERR;ERR;ERR;ERR;ERR
401;TO;TO;0.01;True;0.01;True;1.34;True;1.310921776;2.23;True;2.1696692549999996;0.05;True;0.06;True;0.04;True;ERR;ERR;ERR
402;ERR;ERR;0.01;False;0.01;False;3.19;False;0.01496659499999975;TO;TO;TO;0.07;False;0.03;False;0.05;False;ERR;ERR;ERR
403;0.03;False;0.02;True;0.02;True;0.9;True;0.853572103;1.08;True;1.007977132;0.06;True;0.03;False;0.06;True;ERR;ERR;ERR
404;ERR;ERR;0.0;False;0.01;False;1.86;False;1.525787447;12.45;False;1.7089952209999986;0.06;False;0.03;False;0.05;False;ERR;ERR;ERR
405;ERR;ERR;0.0;False;0.01;False;0.34;False;0.014459984000000037;10.61;False;0.01724069799999839;0.06;False;0.05;False;0.07;False;ERR;ERR;ERR
406;1.32;False;0.8;False;0.11;False;1.01;False;0.9354391949999998;1.59;False;1.034519266;0.12;False;ERR;ERR;0.09;False;ERR;ERR;ERR
407;ERR;ERR;TO;TO;0.01;False;3.46;False;0.5317567670000001;19.66;False;0.6878936489999994;TO;TO;1.82;False;TO;TO;ERR;ERR;ERR
408;ERR;ERR;0.0;True;0.01;True;0.6;True;0.46940523700000003;2.9;True;1.344655268;0.06;True;ERR;ERR;0.05;True;ERR;ERR;ERR
409;0.01;False;0.01;False;0.01;False;1.73;False;0.924792414;24.01;False;1.0832483249999996;ERR;ERR;ERR;ERR;ERR;ERR;ERR;ERR;ERR
410;0.01;False;0.0;False;0.01;False;58.67;False;1.6283656259999972;TO;TO;TO;0.06;False;ERR;ERR;0.05;False;ERR;ERR;ERR
411;TO;TO;0.01;True;0.01;True;0.78;True;0.728951958;1.13;True;0.919204666;0.07;True;1.13;False;0.03;True;ERR;ERR;ERR
412;0.02;False;0.9;False;0.01;False;1.05;False;0.9847748780000001;1.56;False;1.219711127;0.13;False;0.72;False;0.06;False;ERR;ERR;ERR
413;TO;TO;0.01;True;0.01;True;1.62;True;1.569743194;2.2;True;1.8788348499999998;0.06;True;0.05;True;0.05;True;ERR;ERR;ERR
414;TO;TO;0.01;True;0.01;True;1.1;True;1.0040510509999998;1.91;True;1.297407638;0.06;True;0.78;False;0.06;True;ERR;ERR;ERR
415;0.09;False;0.01;True;0.01;True;1.24;True;1.184809929;1.57;True;1.380403567;0.06;True;ERR;ERR;0.06;True;ERR;ERR;ERR
416;0.02;False;0.02;False;0.01;False;1.79;False;1.593208377;3.9;False;1.748146388;0.06;False;0.13;False;0.05;False;ERR;ERR;ERR
417;0.01;False;0.01;False;0.0;False;1.77;False;0.971896197;10.49;False;1.1120558549999995;0.06;False;0.03;False;0.05;False;ERR;ERR;ERR
418;0.02;False;0.02;True;0.01;True;ERR;ERR;ERR;TO;TO;TO;0.06;True;ERR;ERR;0.05;True;ERR;ERR;ERR
419;0.01;False;0.01;True;0.01;True;2.17;True;1.747253756;7.68;True;2.3826866220000005;ERR;ERR;ERR;ERR;ERR;ERR;ERR;ERR;ERR
420;0.01;False;0.0;True;0.01;True;0.83;True;0.796651946;1.16;True;1.084533515;0.06;True;ERR;ERR;0.05;True;ERR;ERR;ERR
421;TO;TO;TO;TO;0.01;False;1.96;False;1.927974568;2.29;False;2.233688276;31.0;False;0.05;False;0.04;False;ERR;ERR;ERR
422;ERR;ERR;0.01;True;0.01;True;1.06;True;0.9734289840000001;1.88;True;1.197258825;0.06;True;ERR;ERR;0.06;True;ERR;ERR;ERR
423;0.01;False;0.02;False;0.01;False;ERR;ERR;ERR;TO;TO;TO;0.07;False;0.11;False;0.05;False;ERR;ERR;ERR
424;1.06;True;0.01;True;0.01;True;1.32;True;1.274792412;1.82;True;1.58289208;0.07;True;5.82;False;0.05;True;ERR;ERR;ERR
425;TO;TO;0.01;True;0.01;True;1.29;True;1.2009985680000002;2.1;True;1.425820785;0.07;True;1.35;False;0.04;True;ERR;ERR;ERR
426;0.02;False;1.84;False;0.01;False;2.57;False;2.300776675;9.87;False;2.8394045960000005;0.22;False;1.63;False;0.06;False;ERR;ERR;ERR
427;0.04;False;0.01;False;0.01;False;TO;TO;TO;TO;TO;TO;0.07;False;0.05;False;0.04;False;ERR;ERR;ERR
428;TO;TO;3.88;False;0.54;False;1.16;False;1.136223362;1.37;False;1.327012325;0.49;False;3.22;False;1.45;False;ERR;ERR;ERR
429;0.0;False;0.01;True;0.01;True;2.49;True;2.3761930529999997;4.23;True;3.1719197610000003;0.04;True;0.11;True;0.05;True;ERR;ERR;ERR
430;ERR;ERR;67.9;False;0.01;False;1.12;False;0.958771024;2.41;False;1.0417826749999999;7.49;False;0.1;False;36.29;False;ERR;ERR;ERR
431;0.02;False;0.01;False;0.01;False;1.99;False;1.806038102;3.82;False;2.048584199;0.07;False;0.03;False;0.05;False;ERR;ERR;ERR
432;0.01;False;17.35;True;22.57;True;4.88;True;2.7419057690000006;25.26;True;2.9764720749999967;3.21;True;24.68;False;19.52;True;ERR;ERR;ERR
433;2.03;False;0.76;False;0.13;False;0.78;False;0.721868716;1.24;False;0.859205558;0.19;False;ERR;ERR;0.73;False;ERR;ERR;ERR
434;0.01;False;0.01;False;0.0;False;1.7;False;1.442612933;3.26;False;1.726276842;0.07;False;0.07;False;0.05;False;ERR;ERR;ERR
435;0.15;False;0.07;False;0.02;False;1.14;False;1.070516535;1.67;False;1.2040438789999999;0.07;False;0.05;False;0.05;False;ERR;ERR;ERR
436;0.02;False;0.01;False;0.0;False;0.79;False;0.714285673;5.07;False;0.8061802059999996;0.06;False;0.05;False;0.05;False;ERR;ERR;ERR
