name;grep-runtime;grep-result;re-runtime;re-result;pcre2-runtime;pcre2-result;rsaregex-runtime;rsaregex-result;rsaregex-matchtime;nolocrsa-runtime;nolocrsa-result;nolocrsa-matchtime;js-runtime;js-result;java-runtime;java-result;net-runtime;net-result;rsacpp-runtime;rsacpp-result;rsacpp-matchtime
0;0.16;False;0.08;False;0.1;False;0.49;False;0.08111185900000001;0.13;False;0.02469909299999999;0.06;False;0.05;False;0.19;False;ERR;ERR;ERR
1;0.02;False;0.0;False;0.01;False;29.8;False;0.08147345100000081;0.89;False;0.01500235900000002;0.06;False;ERR;ERR;0.03;False;ERR;ERR;ERR
2;0.01;False;0.0;False;0.01;False;0.5;False;0.25361752000000004;0.17;False;0.103527345;0.06;False;0.06;False;0.05;False;ERR;ERR;ERR
3;0.01;False;0.01;False;0.01;False;TO;TO;TO;0.6;False;3.4070999999968876e-05;0.04;False;0.03;False;0.03;False;0.04;False;0.034636303782463074
4;0.0;True;0.01;True;0.01;True;0.17;True;0.0017713689999999949;0.04;True;0.0003341209999999997;0.07;True;TO;TO;0.03;True;ERR;ERR;ERR
5;0.01;False;82.34;False;0.01;False;0.61;False;0.455194697;0.24;False;0.190649204;12.23;False;60.24;False;TO;TO;ERR;ERR;ERR
6;0.0;False;0.01;False;0.06;False;TO;TO;TO;19.0;False;0.05252630199999686;ERR;ERR;ERR;ERR;ERR;ERR;ERR;ERR;ERR
7;0.01;False;0.01;False;0.01;False;0.03;False;1.3350000000002249e-05;0.03;False;1.3591000000000297e-05;0.05;False;0.04;False;0.04;False;0.05;False;0.04813895095139742
8;0.01;False;0.26;False;0.0;False;TO;TO;TO;34.68;False;0.07101787700000273;ERR;ERR;ERR;ERR;ERR;ERR;ERR;ERR;ERR
9;0.01;False;0.01;False;0.01;False;TO;TO;TO;TO;TO;TO;0.05;False;0.05;False;0.04;False;ERR;ERR;ERR
10;0.01;False;0.01;False;0.01;False;0.28;False;0.240787472;0.14;False;0.10671178399999999;0.06;False;0.06;False;0.04;False;ERR;ERR;ERR
11;0.01;True;0.0;True;0.01;True;10.35;True;4.512206023000001;0.13;True;0.058347099;0.06;True;ERR;ERR;0.03;True;ERR;ERR;ERR
12;TO;TO;0.46;False;0.8;False;0.26;False;0.226644413;0.12;False;0.087628871;0.16;False;0.63;False;1.84;False;0.29;True;0.29455732833594084
13;0.01;False;0.0;True;ERR;ERR;TO;TO;TO;TO;TO;TO;0.06;True;0.04;True;0.05;True;ERR;ERR;ERR
14;0.01;False;0.01;False;0.01;False;ERR;ERR;ERR;0.17;False;0.03890206199999999;0.06;False;ERR;ERR;0.04;False;0.03;False;0.028081531636416912
15;0.01;False;0.01;False;0.01;False;TO;TO;TO;TO;TO;TO;0.06;False;0.05;False;0.04;False;ERR;ERR;ERR
16;0.01;False;TO;TO;0.0;False;TO;TO;TO;ERR;ERR;ERR;TO;TO;ERR;ERR;TO;TO;ERR;ERR;ERR
17;0.0;True;0.01;True;0.0;True;0.39;True;0.19015957;0.13;True;0.070868503;0.06;True;0.07;True;0.04;True;0.0;False;0.003233117051422596
18;0.01;False;0.0;True;0.01;True;8.32;True;0.3301940219999997;1.14;True;0.04228300600000012;ERR;ERR;ERR;ERR;ERR;ERR;ERR;ERR;ERR
19;ERR;ERR;0.01;False;0.01;False;2.08;False;0.15347299299999984;0.18;False;0.040916426000000006;0.06;False;0.05;False;0.02;False;ERR;ERR;ERR
20;0.02;False;0.01;False;0.01;False;TO;TO;TO;0.8;False;0.045653076000000015;0.06;False;0.04;False;0.04;False;ERR;ERR;ERR
21;0.0;False;0.01;False;0.01;False;45.39;False;0.00013028600000097867;0.09;False;3.79769999999946e-05;0.06;False;0.05;False;0.03;False;ERR;ERR;ERR
22;0.01;False;0.01;False;0.0;False;0.2;False;8.656900000000856e-05;0.03;False;2.1132000000000095e-05;0.05;False;0.03;False;0.04;False;ERR;ERR;ERR
23;0.01;False;TO;TO;0.01;False;2.79;False;0.12647457799999984;0.25;False;0.03596920000000001;TO;TO;5.65;False;67.2;False;ERR;ERR;ERR
24;0.0;False;0.02;False;0.02;False;0.03;False;0.0003460990000000025;0.03;False;0.00022445699999999735;0.06;False;0.17;False;0.07;False;ERR;ERR;ERR
25;ERR;ERR;0.0;False;0.01;False;11.86;False;0.00019903899999995645;0.41;False;4.329499999999875e-05;0.07;False;0.03;False;0.05;False;ERR;ERR;ERR
26;ERR;ERR;0.02;False;0.01;False;10.61;False;0.0018697569999996944;0.24;False;0.00034747100000001585;0.06;False;0.03;False;0.04;False;0.01;False;0.002369556576013565
27;0.01;False;TO;TO;ERR;ERR;0.14;False;0.0006776569999999982;0.04;False;0.0002533999999999939;TO;TO;TO;TO;TO;TO;0.02;False;0.0019044755026698112
28;0.02;False;0.01;False;ERR;ERR;0.05;False;0.000735243999999996;0.09;False;0.00018626000000000753;0.07;False;0.09;False;0.05;False;ERR;ERR;ERR
29;91.87;True;0.01;True;0.01;True;0.61;True;0.53285805;0.15;True;0.11873694399999998;0.06;True;5.76;False;0.02;True;ERR;ERR;ERR
30;ERR;ERR;0.0;True;0.01;True;0.48;True;0.09157590500000001;0.1;True;0.02980627000000001;0.06;True;0.04;True;0.03;True;ERR;ERR;ERR
31;0.01;False;0.0;False;0.0;False;0.25;False;3.789700000000895e-05;0.05;False;1.6525000000003343e-05;0.05;False;0.03;False;0.03;False;ERR;ERR;ERR
32;ERR;ERR;0.01;False;0.01;False;19.87;False;0.17119225900000146;0.5;False;0.030638619000000034;0.06;False;0.03;False;0.04;False;0.07;False;0.059573473408818245
33;ERR;ERR;0.01;False;0.01;False;2.23;False;0.21515671000000003;0.18;False;0.05175549500000001;0.05;False;0.05;False;0.04;False;ERR;ERR;ERR
34;ERR;ERR;TO;TO;0.01;False;0.3;False;0.0008374770000000309;0.04;False;0.0003700960000000003;TO;TO;TO;TO;TO;TO;0.01;False;0.0023279525339603424
35;0.0;False;0.73;False;0.74;False;95.49;False;0.7543892690000007;0.72;False;0.094282388;0.15;False;ERR;ERR;1.52;False;ERR;ERR;ERR
36;0.01;False;0.01;True;0.01;True;0.43;True;0.14155092800000002;0.12;True;0.03691776399999999;ERR;ERR;ERR;ERR;ERR;ERR;ERR;ERR;ERR
37;TO;TO;0.01;True;0.0;True;0.71;True;0.35618665599999993;0.39;True;0.09462696500000001;0.06;True;0.04;False;0.04;True;ERR;ERR;ERR
38;0.01;False;0.0;True;0.01;True;9.47;True;0.23598667600000134;1.04;True;0.025385875000000002;ERR;ERR;ERR;ERR;ERR;ERR;ERR;ERR;ERR
39;0.01;False;0.01;True;0.0;True;6.3;True;0.218501732;0.72;True;0.027370382999999943;ERR;ERR;ERR;ERR;ERR;ERR;ERR;ERR;ERR
40;0.01;False;0.0;False;0.01;False;0.06;False;0.030934312;0.05;False;0.018613698999999997;0.07;False;0.04;False;0.04;False;ERR;ERR;ERR
41;0.01;False;0.01;False;ERR;ERR;0.06;False;0.0006971959999999972;0.08;False;0.000168241999999999;0.06;False;0.07;False;0.03;False;ERR;ERR;ERR
42;ERR;ERR;0.02;False;ERR;ERR;TO;TO;TO;TO;TO;TO;0.06;False;0.05;False;0.02;False;0.02;False;0.0016204677522182465
43;0.01;False;0.01;False;0.01;False;0.26;False;0.177529712;0.11;False;0.069179188;0.05;False;0.03;False;0.04;False;0.09;True;0.09042087197303772
44;88.64;False;0.53;False;0.8;False;0.41;False;0.25712424300000003;0.14;False;0.095140846;0.09;False;0.54;False;1.6;False;ERR;ERR;ERR
45;0.01;False;85.44;False;0.01;False;0.85;False;0.524826374;0.25;False;0.189841582;12.22;False;60.48;False;TO;TO;ERR;ERR;ERR
46;0.01;False;0.1;False;0.17;False;0.54;False;0.09955609399999998;0.16;False;0.028154239999999997;0.09;False;ERR;ERR;0.34;False;ERR;ERR;ERR
47;0.01;False;0.01;False;0.01;False;0.04;False;2.1171999999999858e-05;0.02;False;1.5372999999999082e-05;0.05;False;0.03;False;0.04;False;ERR;ERR;ERR
48;0.01;False;0.01;False;0.0;False;0.77;False;0.128670815;0.11;False;0.05302839499999999;0.05;False;0.06;False;0.04;False;ERR;ERR;ERR
49;0.01;False;10.66;False;0.01;False;14.59;False;0.3417701570000009;2.86;False;0.06799210600000016;0.25;False;4.25;False;14.82;False;ERR;ERR;ERR
50;0.01;True;0.01;False;0.01;False;TO;TO;TO;TO;TO;TO;0.05;False;0.03;False;0.04;False;0.07;True;0.06414698250591755
51;0.01;False;0.61;False;0.01;False;40.99;False;0.21749662199999875;13.4;False;0.05811213600000009;0.11;False;0.5;False;1.02;False;ERR;ERR;ERR
52;TO;TO;0.42;False;0.77;False;0.18;False;0.14587107300000002;0.08;False;0.05979408099999999;0.15;False;0.54;False;1.61;False;ERR;ERR;ERR
53;ERR;ERR;0.01;False;0.0;False;2.46;False;4.422599999998056e-05;0.21;False;3.4020999999995194e-05;0.05;False;0.04;False;0.03;False;ERR;ERR;ERR
54;0.0;False;0.01;True;0.01;True;4.75;True;0.3678909640000003;0.62;True;0.04971017499999997;ERR;ERR;ERR;ERR;ERR;ERR;ERR;ERR;ERR
55;0.01;False;0.01;False;0.01;False;TO;TO;TO;ERR;ERR;ERR;0.07;False;ERR;ERR;0.02;False;ERR;ERR;ERR
56;0.02;False;0.01;False;0.01;False;0.05;False;1.8138000000000876e-05;0.03;False;1.2087999999993437e-05;0.06;False;0.06;False;0.03;False;ERR;ERR;ERR
57;0.01;False;0.01;True;0.01;True;6.54;True;0.21284956700000013;0.93;True;0.02734945199999994;ERR;ERR;0.1;False;0.03;True;ERR;ERR;ERR
58;ERR;ERR;0.05;False;0.03;False;2.87;False;0.36551737200000023;0.2;False;0.03606593499999999;0.08;False;ERR;ERR;0.04;False;ERR;ERR;ERR
59;0.01;False;0.01;False;0.01;False;0.23;False;0.134486684;0.11;False;0.01874062;0.05;False;0.05;False;0.04;False;ERR;ERR;ERR
60;0.01;False;0.01;False;0.01;False;0.19;False;0.0001474509999999929;0.03;False;3.839799999999505e-05;0.05;False;0.04;False;0.02;False;ERR;ERR;ERR
61;20.39;True;0.01;True;0.01;True;1.51;True;0.256298224;0.32;True;0.055103420000000014;0.06;True;0.2;False;0.04;True;0.01;False;0.0017791856080293655
62;7.12;True;0.0;True;0.01;True;ERR;ERR;ERR;0.25;True;0.16401069999999998;0.07;True;0.06;True;0.04;True;ERR;ERR;ERR
63;0.0;False;0.02;False;0.01;False;TO;TO;TO;0.66;False;0.061110837999999945;0.05;False;0.05;False;0.03;False;0.01;False;0.0018221605569124222
64;0.01;False;0.01;True;0.0;True;5.15;True;0.2795018320000002;0.64;True;0.03527338599999996;ERR;ERR;ERR;ERR;ERR;ERR;ERR;ERR;ERR
65;TO;TO;0.01;True;0.01;True;33.53;True;20.245150043000002;0.18;True;0.14309533600000002;0.06;True;0.06;True;0.04;True;ERR;ERR;ERR
66;0.02;False;0.06;False;0.06;False;0.41;False;0.05819175599999998;0.11;False;0.014619613999999989;0.06;False;0.03;False;0.12;False;ERR;ERR;ERR
67;TO;TO;0.01;True;0.01;True;TO;TO;TO;0.85;True;0.257780408;0.07;True;0.04;True;0.03;True;ERR;ERR;ERR
68;0.01;False;0.0;True;0.01;True;5.17;True;0.30051280999999985;0.63;True;0.039487771000000005;ERR;ERR;ERR;ERR;ERR;ERR;ERR;ERR;ERR
69;TO;TO;0.0;True;0.01;True;0.35;True;0.328549202;0.12;True;0.083346844;0.06;True;0.05;True;0.03;True;ERR;ERR;ERR
70;0.01;False;0.19;False;0.0;False;TO;TO;TO;3.42;False;0.05205893099999992;ERR;ERR;ERR;ERR;ERR;ERR;0.06;True;0.054329090751707554
71;ERR;ERR;0.01;True;0.01;True;TO;TO;TO;0.94;True;0.04821060399999999;0.08;True;0.59;False;0.03;True;ERR;ERR;ERR
72;0.02;False;0.01;False;0.0;False;TO;TO;TO;TO;TO;TO;0.06;False;0.04;False;0.05;False;0.01;False;0.0014726854860782623
73;4.09;False;2.0;False;0.02;False;1.62;False;0.1482525269999999;0.28;False;0.03990844299999999;0.83;False;0.08;False;0.06;False;0.07;True;0.056458381935954094
74;0.02;True;0.01;True;0.02;True;2.96;True;0.2168439929999999;0.14;True;0.05035705600000001;0.1;True;0.07;False;0.06;True;ERR;ERR;ERR
75;0.01;True;0.01;True;0.01;True;0.31;True;0.0011788090000000029;0.05;True;0.00029906899999999903;0.1;True;0.05;False;0.06;True;0.01;False;0.0020451853051781654
76;ERR;ERR;0.02;True;0.01;True;TO;TO;TO;0.71;True;0.08027417199999998;0.07;True;0.04;True;0.04;True;ERR;ERR;ERR
77;0.38;False;0.0;False;0.01;False;0.22;False;0.195766195;0.1;False;0.06734641699999999;0.05;False;0.04;False;0.03;False;ERR;ERR;ERR
78;0.01;False;0.02;False;0.01;False;7.97;False;0.3236396829999997;0.88;False;0.059514972;0.08;False;0.14;False;0.04;False;ERR;ERR;ERR
79;ERR;ERR;0.0;False;0.01;False;15.87;False;0.15578056600000068;0.39;False;0.029855271999999988;0.06;False;0.03;False;0.05;False;ERR;ERR;ERR
80;TO;TO;TO;TO;ERR;ERR;TO;TO;TO;ERR;ERR;ERR;TO;TO;TO;TO;TO;TO;ERR;ERR;ERR
81;0.04;True;0.01;True;0.01;True;1.29;True;0.21636610499999998;0.1;True;0.040248933;0.07;True;0.17;False;0.05;True;ERR;ERR;ERR
82;ERR;ERR;TO;TO;ERR;ERR;TO;TO;TO;TO;TO;TO;TO;TO;ERR;ERR;TO;TO;ERR;ERR;ERR
83;0.02;False;0.01;True;0.01;True;12.78;True;0.3935662529999995;2.29;True;0.035960516999999914;ERR;ERR;ERR;ERR;ERR;ERR;ERR;ERR;ERR
84;0.01;False;2.76;False;4.51;False;0.44;False;0.361423036;0.1;False;0.065402199;0.61;False;2.26;False;8.46;False;ERR;ERR;ERR
85;0.01;False;0.0;False;0.0;False;1.29;False;4.7150999999967524e-05;0.04;False;1.6834999999999767e-05;0.06;False;0.03;False;0.04;False;ERR;ERR;ERR
86;0.01;False;0.0;True;0.0;True;18.3;True;0.24960904299999953;2.08;True;0.02790072900000018;0.05;True;0.11;False;0.03;True;ERR;ERR;ERR
87;0.01;False;0.01;True;0.01;True;5.71;True;0.20449482800000052;0.72;True;0.02557596900000003;ERR;ERR;ERR;ERR;ERR;ERR;ERR;ERR;ERR
88;0.01;False;TO;TO;0.01;False;3.03;False;0.16369474499999992;0.22;False;0.04168756300000001;60.01;False;3.79;False;TO;TO;ERR;ERR;ERR
89;0.0;False;0.0;True;0.01;True;0.32;True;0.03345361400000002;0.07;True;0.012823427999999998;0.05;True;ERR;ERR;0.04;True;ERR;ERR;ERR
90;0.01;False;TO;TO;0.01;False;12.46;False;0.17905335900000097;0.11;False;0.028588219999999998;TO;TO;TO;TO;TO;TO;ERR;ERR;ERR
91;0.01;True;0.01;False;0.01;False;TO;TO;TO;TO;TO;TO;0.06;False;0.03;False;0.05;False;ERR;ERR;ERR
92;0.02;False;0.08;False;0.04;False;0.47;False;0.321263727;0.12;False;0.085342359;0.13;False;0.15;False;0.03;False;ERR;ERR;ERR
93;TO;TO;TO;TO;ERR;ERR;0.17;False;0.12993369;0.05;False;0.021967030999999998;TO;TO;TO;TO;TO;TO;ERR;ERR;ERR
94;0.01;False;0.01;False;0.0;False;1.27;False;0.18594287999999992;0.22;False;0.05894587699999998;0.06;False;0.03;False;0.04;False;ERR;ERR;ERR
95;ERR;ERR;0.01;True;0.01;True;0.47;False;0.157313137;0.13;False;0.029698217;ERR;ERR;0.04;False;0.03;True;ERR;ERR;ERR
96;ERR;ERR;0.01;False;0.01;False;0.04;False;2.0670999999999884e-05;0.02;False;1.352999999999771e-05;0.06;False;0.04;False;0.03;False;0.07;False;0.05961807910352945
97;ERR;ERR;0.01;False;0.0;False;9.57;False;0.002165671000000202;0.25;False;0.0003549620000000142;0.06;False;0.04;False;0.02;False;ERR;ERR;ERR
98;0.01;False;0.01;False;0.01;False;1.85;False;0.15611551899999987;0.13;False;0.03739538099999999;0.05;False;0.03;False;0.04;False;ERR;ERR;ERR
99;0.01;False;0.01;False;0.0;False;TO;TO;TO;0.3;False;0.03984874300000002;0.06;False;ERR;ERR;0.03;False;ERR;ERR;ERR
100;0.01;False;0.01;False;0.01;False;7.07;False;0.09625102299999977;0.36;False;0.016513005999999997;0.06;False;0.04;False;0.04;False;ERR;ERR;ERR
101;0.01;False;0.09;False;0.01;False;TO;TO;TO;1.72;False;0.052916758000000064;0.1;False;0.24;False;0.58;False;ERR;ERR;ERR
102;0.01;False;0.02;False;0.03;False;9.21;False;0.1796238559999992;1.24;False;0.02888680999999993;ERR;ERR;ERR;ERR;ERR;ERR;ERR;ERR;ERR
103;0.01;False;0.01;False;0.01;False;17.29;False;0.09453736000000035;3.65;False;0.024764722000000017;0.06;False;0.04;False;0.03;False;0.04;False;0.0269665801897645
104;ERR;ERR;0.01;True;0.01;True;TO;TO;TO;1.53;True;0.00041994100000009027;0.06;True;0.02;True;0.04;True;0.01;False;0.001831253059208393
105;ERR;ERR;0.01;False;0.01;False;1.61;False;0.18518398199999986;0.22;False;0.031360711999999985;0.06;False;0.04;False;0.04;False;ERR;ERR;ERR
106;ERR;ERR;0.0;True;0.01;True;0.18;True;0.143135927;0.12;True;0.09289193;0.05;True;0.07;True;0.02;True;ERR;ERR;ERR
107;0.02;False;0.01;False;0.01;False;0.15;False;0.10247469299999999;0.07;False;0.036769261000000004;0.06;False;0.05;False;0.03;False;ERR;ERR;ERR
108;0.01;False;TO;TO;ERR;ERR;0.22;False;0.156923192;0.06;False;0.026005033000000004;TO;TO;TO;TO;TO;TO;ERR;ERR;ERR
109;TO;TO;0.0;True;0.01;True;3.17;True;1.6062368310000001;0.16;True;0.05284125499999999;0.07;True;0.05;True;0.04;True;ERR;ERR;ERR
110;0.01;False;0.0;False;0.01;False;1.88;False;0.06366794600000003;0.09;False;0.021136195999999996;0.06;False;0.03;False;0.03;False;ERR;ERR;ERR
111;0.01;False;TO;TO;0.01;False;0.65;False;0.0005067709999999614;0.17;False;0.00015600399999998737;TO;TO;TO;TO;TO;TO;ERR;ERR;ERR
112;0.01;False;0.01;False;0.01;False;1.49;False;0.19792506600000004;0.21;False;0.07029643500000002;0.06;False;ERR;ERR;0.04;False;ERR;ERR;ERR
113;0.24;True;0.01;True;0.01;True;0.05;True;0.028000208;0.05;True;0.015123790999999998;0.06;True;0.03;True;0.05;True;ERR;ERR;ERR
114;ERR;ERR;0.01;False;0.02;False;2.57;False;0.2266845540000002;0.26;False;0.068484566;0.06;False;0.11;False;0.04;False;ERR;ERR;ERR
115;0.01;False;0.01;False;0.0;False;0.2;False;6.995500000001043e-05;0.03;False;2.0621000000005385e-05;0.05;False;0.03;False;0.03;False;ERR;ERR;ERR
116;0.01;False;0.01;True;0.01;True;1.21;True;0.3405495249999999;0.23;True;0.09455012999999998;0.07;True;0.05;True;0.04;True;ERR;ERR;ERR
117;0.01;False;0.01;False;0.01;False;0.45;False;0.05628771799999999;0.11;False;0.014460074999999989;0.07;False;0.03;False;0.03;False;0.03;False;0.016074905171990395
118;0.01;False;0.01;True;0.01;True;4.39;True;0.2655919629999999;0.6;True;0.03611076199999996;ERR;ERR;ERR;ERR;ERR;ERR;ERR;ERR;ERR
119;0.0;False;0.13;False;0.01;False;0.64;False;0.08837732400000003;0.09;False;0.026840688;0.22;False;0.35;False;0.05;False;ERR;ERR;ERR
120;0.01;False;0.42;False;0.01;False;TO;TO;TO;TO;TO;TO;ERR;ERR;ERR;ERR;ERR;ERR;ERR;ERR;ERR
121;0.84;True;0.0;True;0.0;True;0.38;True;0.31027785700000005;0.11;True;0.075619025;0.05;True;0.06;False;0.04;True;ERR;ERR;ERR
122;0.01;False;0.0;False;0.0;False;0.59;False;0.069305428;0.14;False;0.017245555999999995;0.05;False;0.03;False;0.03;False;ERR;ERR;ERR
123;0.01;False;0.01;False;0.01;False;0.04;False;2.5118000000004526e-05;0.03;False;1.5633000000001007e-05;0.07;False;0.04;False;0.02;False;ERR;ERR;ERR
124;ERR;ERR;0.0;False;0.0;False;TO;TO;TO;ERR;ERR;ERR;0.05;False;0.04;False;0.03;False;ERR;ERR;ERR
125;0.02;False;0.01;False;0.0;False;TO;TO;TO;TO;TO;TO;0.05;False;0.06;False;0.03;False;ERR;ERR;ERR
126;10.95;True;0.01;True;0.01;True;0.85;True;0.450547161;0.24;True;0.148539538;0.07;True;0.07;True;0.05;True;0.02;False;0.002255474217236042
127;0.02;True;0.0;True;0.01;True;0.79;True;0.088648532;0.1;True;0.03578131799999999;0.06;True;0.06;False;0.05;True;0.01;False;0.0017669200897216797
128;0.02;False;0.0;True;0.01;True;18.54;True;0.29837423900000104;1.54;True;0.05034966499999993;0.06;True;0.11;False;0.04;True;ERR;ERR;ERR
129;0.01;False;0.01;True;0.0;True;6.15;True;0.2994794179999998;0.74;True;0.03647185500000005;ERR;ERR;ERR;ERR;ERR;ERR;ERR;ERR;ERR
130;0.0;False;0.01;False;0.01;False;TO;TO;TO;TO;TO;TO;0.05;False;0.06;False;0.04;False;0.03;False;0.01888743881136179
131;0.01;False;0.01;True;0.01;True;8.94;True;0.20817427899999874;0.99;True;0.024045072000000056;ERR;ERR;ERR;ERR;ERR;ERR;ERR;ERR;ERR
132;0.01;False;0.01;True;0.01;True;6.45;True;0.20958779199999977;0.74;True;0.027545374999999983;ERR;ERR;ERR;ERR;ERR;ERR;ERR;ERR;ERR
133;0.01;False;0.01;False;0.01;False;0.69;False;0.21357301300000003;0.07;False;0.029568642;0.06;True;0.06;False;0.03;False;ERR;ERR;ERR
134;0.0;False;0.01;False;0.01;False;0.36;False;0.24724020800000002;0.11;False;0.033554626000000004;0.06;False;0.06;False;0.02;False;ERR;ERR;ERR
135;87.32;True;0.01;True;0.01;True;0.47;True;0.427944675;0.14;True;0.11169684700000002;0.05;True;3.76;False;0.02;True;0.01;False;0.0020683230832219124
136;0.01;False;0.01;True;0.01;True;37.89;True;0.2581649659999954;4.67;True;0.02594637600000027;ERR;ERR;ERR;ERR;ERR;ERR;0.02;False;0.01407257467508316
137;0.0;False;0.1;False;0.23;False;0.55;False;0.17077995099999999;0.18;False;0.051804218;0.09;False;ERR;ERR;0.54;False;ERR;ERR;ERR
138;ERR;ERR;0.0;False;0.01;False;TO;TO;TO;TO;TO;TO;ERR;ERR;ERR;ERR;ERR;ERR;ERR;ERR;ERR
139;16.57;True;0.01;True;0.01;True;0.2;True;0.170525259;0.11;True;0.078100889;0.05;True;0.06;True;0.03;True;0.15;False;0.14055628888309002
140;0.01;False;0.01;True;0.01;True;4.03;True;0.2872079190000001;0.29;True;0.05987400100000004;0.07;True;0.21;False;0.02;True;0.0;False;0.0015476690605282784
141;0.01;False;0.01;False;0.01;False;0.04;False;6.725099999999734e-05;0.04;False;2.3646000000002165e-05;0.06;False;0.04;False;0.04;False;ERR;ERR;ERR
142;0.01;False;TO;TO;ERR;ERR;0.42;False;0.08793624300000003;0.1;False;0.021877908;TO;TO;TO;TO;TO;TO;0.04;False;0.029009402729570866
143;0.02;False;1.25;False;0.01;False;TO;TO;TO;ERR;ERR;ERR;0.14;False;ERR;ERR;3.62;False;0.02;False;0.001607387326657772
144;ERR;ERR;0.02;False;ERR;ERR;TO;TO;TO;TO;TO;TO;0.06;False;ERR;ERR;0.06;False;ERR;ERR;ERR
145;ERR;ERR;2.8;False;0.01;False;1.89;False;0.21937897699999986;0.21;False;0.070385008;0.5;False;0.06;False;3.95;False;ERR;ERR;ERR
146;0.33;True;0.01;True;0.0;True;1.55;True;0.397940859;0.17;True;0.08445526700000001;0.07;True;0.02;False;0.04;True;ERR;ERR;ERR
147;0.01;False;0.07;False;0.1;False;TO;TO;TO;TO;TO;TO;ERR;ERR;ERR;ERR;ERR;ERR;ERR;ERR;ERR
148;TO;TO;0.0;True;0.01;True;0.74;True;0.19181775899999992;0.15;True;0.051631549;0.06;True;0.04;True;0.04;True;ERR;ERR;ERR
149;0.01;False;0.01;False;0.01;False;TO;TO;TO;0.16;False;5.2459000000004696e-05;0.07;False;0.05;False;0.03;False;ERR;ERR;ERR
150;0.01;False;0.02;False;0.01;False;65.91;False;0.2747887579999997;0.54;False;0.05408269800000004;ERR;ERR;ERR;ERR;ERR;ERR;ERR;ERR;ERR
151;0.01;False;0.01;False;0.01;False;0.09;False;6.870300000000329e-05;0.03;False;2.4246999999998076e-05;0.05;False;0.02;False;0.05;False;0.01;False;0.001955341547727585
152;0.01;False;0.0;True;0.01;True;22.22;True;0.3019912990000009;1.76;True;0.02564570399999999;ERR;ERR;ERR;ERR;ERR;ERR;ERR;ERR;ERR
153;0.01;False;0.0;True;0.01;True;0.22;True;0.135331523;0.09;True;0.04991291;0.06;True;ERR;ERR;0.03;True;ERR;ERR;ERR
154;19.15;True;0.01;True;0.01;True;0.08;True;0.054591011;0.05;True;0.019809143;0.05;True;0.03;True;0.03;True;ERR;ERR;ERR
155;0.01;False;0.85;False;0.01;False;6.56;False;0.07276866599999998;0.06;False;0.017908411000000006;0.28;False;0.03;False;2.95;False;ERR;ERR;ERR
156;0.01;False;0.01;False;0.01;False;11.43;False;0.108427249;2.52;False;0.015461736999999864;0.06;False;0.03;False;0.04;False;ERR;ERR;ERR
157;0.01;False;0.0;True;0.0;True;43.75;True;0.7198279019999987;15.78;True;0.13383951299999985;0.06;True;4.11;False;0.02;True;0.0;False;0.001791585236787796
158;0.01;False;0.03;False;0.0;False;TO;TO;TO;2.48;False;0.02856998399999977;0.06;False;0.05;False;0.1;False;ERR;ERR;ERR
159;ERR;ERR;0.0;False;0.01;False;2.57;False;0.14236552099999988;0.23;False;0.044322047;0.06;False;0.04;False;0.04;False;ERR;ERR;ERR
160;ERR;ERR;0.1;False;1.17;False;TO;TO;TO;0.24;False;0.10731260599999998;0.21;False;0.22;False;0.05;False;0.1;False;0.09296304173767567
161;ERR;ERR;0.01;True;0.0;True;0.28;True;0.0005424949999999762;0.03;True;0.00017269899999999838;0.05;True;0.03;True;0.03;True;ERR;ERR;ERR
162;ERR;ERR;TO;TO;ERR;ERR;TO;TO;TO;TO;TO;TO;TO;TO;ERR;ERR;TO;TO;ERR;ERR;ERR
163;TO;TO;0.38;False;0.58;False;TO;TO;TO;1.59;False;0.15966281400000004;0.09;False;0.4;False;1.24;False;ERR;ERR;ERR
164;0.67;False;0.0;False;0.0;False;0.8;False;0.130669154;0.12;False;0.03381862199999999;0.05;True;0.06;False;0.04;False;ERR;ERR;ERR
165;0.01;False;0.01;False;0.01;False;TO;TO;TO;59.37;False;0.02610519399999589;ERR;ERR;ERR;ERR;ERR;ERR;ERR;ERR;ERR
166;0.03;True;0.0;True;0.01;True;0.2;True;0.104582258;0.08;True;0.033580555000000005;0.05;True;0.03;False;0.04;True;ERR;ERR;ERR
167;0.01;False;0.01;False;0.01;False;TO;TO;TO;ERR;ERR;ERR;0.07;False;ERR;ERR;0.03;False;ERR;ERR;ERR
168;0.01;False;0.0;False;0.01;False;0.06;False;2.8052000000000632e-05;0.03;False;1.4341000000001047e-05;ERR;ERR;ERR;ERR;ERR;ERR;ERR;ERR;ERR
169;0.01;False;0.01;False;0.01;False;0.23;False;0.144204471;0.12;False;0.020195984;0.05;False;0.05;False;0.03;False;ERR;ERR;ERR
170;0.01;False;TO;TO;0.01;False;2.86;False;0.20652235999999968;0.24;False;0.060444948;8.15;False;83.99;False;1.38;False;ERR;ERR;ERR
171;0.01;False;0.01;True;0.01;True;9.47;True;0.37279692799999964;1.39;True;0.04507667999999998;ERR;ERR;ERR;ERR;ERR;ERR;ERR;ERR;ERR
172;0.02;False;0.0;False;0.01;False;2.69;False;0.3601190380000001;0.2;False;0.07778812;0.05;False;0.05;False;0.03;False;ERR;ERR;ERR
173;0.01;False;0.38;False;0.03;False;1.31;False;0.08759456900000018;0.39;False;0.02049592499999997;0.13;False;0.31;False;0.36;False;ERR;ERR;ERR
174;0.01;False;0.01;False;0.01;False;TO;TO;TO;TO;TO;TO;0.06;False;0.04;False;0.05;False;ERR;ERR;ERR
175;0.11;True;0.01;True;0.01;True;0.2;True;0.134007025;0.07;True;0.049497015;0.05;True;ERR;ERR;0.04;True;ERR;ERR;ERR
176;0.02;False;1.22;False;0.01;False;0.3;False;0.05807006299999998;0.1;False;0.021383085999999996;0.38;False;ERR;ERR;0.05;False;ERR;ERR;ERR
177;0.01;False;0.45;False;0.01;False;1.12;False;0.07709305700000002;0.1;False;0.029591346000000004;0.17;False;0.55;False;1.48;False;ERR;ERR;ERR
178;0.0;False;2.35;False;0.01;False;4.76;False;0.4005602009999998;0.77;False;0.14991697599999998;0.5;False;2.07;False;7.79;False;ERR;ERR;ERR
179;0.0;False;0.01;True;0.01;True;37.72;True;0.352680552999999;8.43;True;0.035458774000000304;ERR;ERR;ERR;ERR;ERR;ERR;ERR;ERR;ERR
180;ERR;ERR;0.01;False;0.01;False;TO;TO;TO;0.16;False;3.4221000000000945e-05;0.06;False;0.04;False;0.03;False;ERR;ERR;ERR
181;0.01;False;0.01;False;0.01;False;0.24;False;0.00011735599999998514;0.12;False;4.239400000000115e-05;0.07;False;0.03;False;0.04;False;ERR;ERR;ERR
182;TO;TO;0.67;False;1.54;False;0.23;False;0.193272582;0.14;False;0.10538451199999999;0.32;False;0.93;False;2.99;False;ERR;ERR;ERR
183;ERR;ERR;0.01;False;0.01;False;9.76;False;9.996000000001004e-05;0.12;False;5.5773000000008954e-05;0.06;False;0.03;False;0.03;False;ERR;ERR;ERR
184;0.01;False;1.72;True;2.27;True;19.47;True;0.3442121709999988;2.48;True;0.11691405799999988;0.38;True;2.57;False;4.43;True;ERR;ERR;ERR
185;0.01;False;1.21;False;2.07;False;5.27;False;0.19899947800000017;0.67;False;0.02979182800000002;0.34;False;0.74;False;5.01;False;ERR;ERR;ERR
186;0.01;False;0.01;True;0.01;True;5.37;True;0.29923204800000036;0.67;True;0.035652565000000025;ERR;ERR;ERR;ERR;ERR;ERR;ERR;ERR;ERR
187;ERR;ERR;0.0;False;0.01;False;4.4;False;9.363999999933981e-05;0.14;False;3.194800000000386e-05;0.06;False;ERR;ERR;0.02;False;ERR;ERR;ERR
188;59.06;False;0.36;False;0.57;False;ERR;ERR;ERR;0.19;False;0.13640151900000003;0.1;False;0.4;False;1.14;False;0.13;True;0.1324048601090908
189;0.01;False;0.01;False;0.0;False;0.05;False;2.5969000000000686e-05;0.03;False;1.9680000000001086e-05;0.06;False;0.04;False;0.04;False;ERR;ERR;ERR
190;0.01;False;0.0;True;0.0;True;5.9;True;0.356827719;0.7;True;0.04443688999999995;ERR;ERR;ERR;ERR;ERR;ERR;ERR;ERR;ERR
191;0.01;False;0.01;True;0.01;True;4.66;True;0.3654460249999998;0.11;True;0.062063247;0.05;True;ERR;ERR;0.03;True;ERR;ERR;ERR
192;0.01;False;0.01;True;0.01;True;5.16;True;0.18518866799999945;0.67;True;0.02457857200000002;ERR;ERR;ERR;ERR;ERR;ERR;ERR;ERR;ERR
193;0.01;False;TO;TO;0.01;False;TO;TO;TO;4.4;False;0.04206329700000033;TO;TO;6.03;False;TO;TO;ERR;ERR;ERR
194;3.56;False;0.08;False;0.11;False;0.23;False;0.06323994399999999;0.08;False;0.017789641999999994;0.05;True;0.04;False;0.32;False;ERR;ERR;ERR
195;ERR;ERR;0.0;False;0.0;False;0.07;False;2.631000000000161e-05;0.03;False;1.3750999999999347e-05;0.05;False;0.03;False;0.03;False;ERR;ERR;ERR
196;ERR;ERR;4.15;False;0.01;False;4.12;False;0.17108659100000034;0.5;False;0.03383767000000004;0.8;False;2.25;False;8.61;False;ERR;ERR;ERR
197;ERR;ERR;0.01;False;0.0;False;TO;TO;TO;27.09;False;0.029098345999997832;ERR;ERR;ERR;ERR;ERR;ERR;ERR;ERR;ERR
198;0.11;True;0.0;True;0.01;True;0.41;True;0.182042115;0.11;True;0.057734270000000004;0.06;True;0.68;False;0.04;True;ERR;ERR;ERR
199;11.07;True;0.01;True;0.0;True;0.26;True;0.23567703099999998;0.13;True;0.088896564;0.06;True;0.07;True;0.02;True;ERR;ERR;ERR
200;ERR;ERR;0.0;False;0.0;False;14.35;False;0.2723341329999993;2.37;False;0.04632930000000002;0.06;False;ERR;ERR;0.04;False;ERR;ERR;ERR
201;87.99;False;0.37;False;0.85;False;ERR;ERR;ERR;0.15;False;0.09358085499999999;0.1;False;0.36;False;1.22;False;ERR;ERR;ERR
202;0.02;False;TO;TO;0.01;False;27.43;False;0.37906400500000004;0.36;False;0.09175066799999998;11.88;False;55.95;False;TO;TO;ERR;ERR;ERR
203;0.01;False;0.65;False;1.71;False;TO;TO;TO;6.52;False;0.20066797199999975;0.27;False;ERR;ERR;2.5;False;ERR;ERR;ERR
204;ERR;ERR;0.01;True;0.01;True;5.05;True;0.18338581200000004;0.75;True;0.02426309900000001;0.06;True;0.14;False;0.04;True;ERR;ERR;ERR
205;0.01;False;0.01;False;0.01;False;TO;TO;TO;6.78;False;0.03534861899999964;0.04;False;0.02;False;0.04;False;ERR;ERR;ERR
206;0.01;False;0.01;True;0.0;True;0.36;True;0.10585483799999998;0.09;True;0.02550152800000001;0.06;True;0.05;False;0.04;True;ERR;ERR;ERR
207;0.01;False;0.01;False;0.0;False;TO;TO;TO;TO;TO;TO;0.06;False;0.04;False;0.03;False;ERR;ERR;ERR
208;TO;TO;0.55;False;0.73;False;0.2;False;0.15291177;0.1;False;0.060869595000000006;0.1;False;0.57;False;1.76;False;ERR;ERR;ERR
209;0.1;True;0.01;True;0.0;True;0.21;True;0.135493646;0.09;True;0.052933051999999994;0.06;True;ERR;ERR;0.03;True;ERR;ERR;ERR
210;0.01;False;0.01;True;0.01;True;15.69;True;0.14941406000000157;1.34;True;0.02685224499999994;0.05;True;0.09;False;0.02;True;ERR;ERR;ERR
211;ERR;ERR;0.0;False;0.0;False;TO;TO;TO;1.71;False;0.0003900649999999395;0.06;False;0.05;False;0.04;False;ERR;ERR;ERR
212;0.01;False;0.0;False;0.0;False;0.15;False;0.09186432800000001;0.07;False;0.018273017000000003;0.05;False;0.05;False;0.02;False;ERR;ERR;ERR
213;0.01;False;0.02;True;0.02;True;5.42;True;0.0012987490000000435;0.18;True;0.00041239899999998;TO;TO;0.12;False;0.07;True;ERR;ERR;ERR
214;0.01;False;0.01;True;0.0;True;5.79;True;0.22448124699999994;0.78;True;0.030367411999999927;ERR;ERR;ERR;ERR;ERR;ERR;ERR;ERR;ERR
215;0.0;False;0.99;False;0.0;False;1.04;False;0.419303474;0.22;False;0.09737310700000001;ERR;ERR;ERR;ERR;ERR;ERR;ERR;ERR;ERR
216;0.01;True;0.0;True;0.0;True;1.51;True;0.0010600109999998608;0.06;True;0.00018563800000000186;0.04;True;2.13;False;0.03;True;ERR;ERR;ERR
217;0.0;False;0.58;False;0.96;False;33.25;False;0.1674179450000004;0.13;False;0.063095616;ERR;ERR;ERR;ERR;ERR;ERR;ERR;ERR;ERR
218;0.02;True;0.01;True;0.0;True;0.5;True;0.407921501;0.21;True;0.170370125;0.06;True;0.03;True;0.03;True;ERR;ERR;ERR
219;0.01;False;0.01;True;0.01;True;12.9;True;0.32778027800000054;1.55;True;0.03852559700000002;ERR;ERR;ERR;ERR;ERR;ERR;ERR;ERR;ERR
220;ERR;ERR;0.01;False;0.01;False;0.72;False;0.10970553799999994;0.13;False;0.037464515000000004;0.05;False;0.06;False;0.04;False;ERR;ERR;ERR
221;41.53;True;0.01;True;0.01;True;0.75;True;0.235777483;0.17;True;0.057260138;0.06;True;0.33;False;0.04;True;ERR;ERR;ERR
222;0.01;False;TO;TO;ERR;ERR;68.48;False;0.26494265900000613;1.95;False;0.0604102660000001;TO;TO;13.65;False;TO;TO;ERR;ERR;ERR
223;0.01;True;0.01;True;0.0;True;0.91;True;0.0014116190000000861;0.07;True;0.0003701559999999965;0.06;True;ERR;ERR;0.04;True;ERR;ERR;ERR
224;0.01;False;0.01;True;0.01;True;4.66;True;0.35876034999999984;0.13;True;0.065817402;0.06;True;ERR;ERR;0.04;True;ERR;ERR;ERR
225;0.02;False;TO;TO;0.0;False;3.34;False;0.14050548800000007;0.33;False;0.036366025999999996;TO;TO;5.04;False;46.94;False;ERR;ERR;ERR
226;ERR;ERR;0.01;False;0.01;False;6.46;False;0.07374443099999972;1.57;False;0.014526563999999853;0.06;False;0.03;False;0.03;False;ERR;ERR;ERR
227;0.03;False;0.01;False;0.01;False;0.26;False;0.225853837;0.14;False;0.09930210199999999;0.06;False;0.06;False;0.04;False;ERR;ERR;ERR
228;0.01;True;0.01;True;0.0;True;0.16;True;0.0007887940000000093;0.03;True;0.00023781700000000128;0.07;True;0.12;False;0.04;True;ERR;ERR;ERR
229;ERR;ERR;0.44;False;0.96;False;0.24;False;0.13298548200000002;0.06;False;0.026817983999999996;0.14;False;0.42;False;1.58;False;ERR;ERR;ERR
230;0.01;False;0.01;True;0.01;True;7.66;True;0.0026189909999994043;0.09;True;0.0001895150000000012;0.06;True;ERR;ERR;0.04;True;ERR;ERR;ERR
231;0.01;False;2.1;False;4.77;False;2.98;False;0.4272235630000001;0.25;False;0.14739903599999998;0.56;False;1.9;False;8.77;False;ERR;ERR;ERR
232;0.01;False;0.01;False;0.01;False;TO;TO;TO;TO;TO;TO;0.06;False;0.04;False;0.04;False;ERR;ERR;ERR
233;0.01;False;0.01;False;0.01;False;32.6;False;0.3224364770000001;10.2;False;0.029297375000000514;0.05;False;0.03;False;0.03;False;ERR;ERR;ERR
234;0.01;False;0.02;False;0.01;False;46.09;False;0.0013685840000050575;0.05;False;0.00019604499999999886;0.04;False;ERR;ERR;0.03;False;ERR;ERR;ERR
235;0.01;False;0.01;True;0.01;True;31.5;True;0.22401271299999692;7.76;True;0.02440424100000005;ERR;ERR;ERR;ERR;ERR;ERR;ERR;ERR;ERR
236;0.01;False;0.44;False;0.01;False;TO;TO;TO;TO;TO;TO;ERR;ERR;ERR;ERR;ERR;ERR;ERR;ERR;ERR
237;0.0;False;0.0;False;0.01;False;39.01;False;0.00020407699999935858;0.08;False;4.616899999999868e-05;0.05;False;0.04;False;0.03;False;ERR;ERR;ERR
238;ERR;ERR;0.0;False;0.01;False;6.45;False;0.07108126299999995;1.55;False;0.014915467999999876;0.05;False;0.03;False;0.05;False;ERR;ERR;ERR
239;ERR;ERR;TO;TO;0.01;False;0.45;False;0.0011158449999999487;0.08;False;0.0003819830000000024;TO;TO;TO;TO;TO;TO;ERR;ERR;ERR
240;0.02;True;0.01;True;0.01;True;0.46;True;0.338961521;0.2;True;0.146993648;0.05;True;0.04;True;0.04;True;ERR;ERR;ERR
241;0.01;False;0.01;False;0.01;False;0.03;False;2.063100000000012e-05;0.03;False;1.3198999999998462e-05;0.06;False;0.03;False;0.04;False;ERR;ERR;ERR
242;ERR;ERR;TO;TO;ERR;ERR;16.24;False;0.0027193610000004753;0.24;False;0.0008197000000000065;TO;TO;TO;TO;TO;TO;ERR;ERR;ERR
243;0.0;False;0.01;False;0.01;False;0.44;False;0.20851507200000002;0.16;False;0.080494063;0.05;False;0.07;False;0.04;False;ERR;ERR;ERR
244;0.01;False;0.0;False;0.01;False;1.22;False;0.1890954720000001;0.47;False;0.026228269000000026;0.06;False;0.06;False;0.04;False;0.02;False;0.02170264534652233
245;0.01;False;0.01;True;0.01;True;6.3;True;0.20214569999999998;0.75;True;0.02353055000000004;ERR;ERR;ERR;ERR;ERR;ERR;ERR;ERR;ERR
246;ERR;ERR;0.01;True;0.01;True;TO;TO;TO;ERR;ERR;ERR;0.07;True;TO;TO;0.04;True;ERR;ERR;ERR
247;0.01;False;0.01;False;0.01;False;0.2;False;7.587400000000355e-05;0.03;False;1.9309000000002075e-05;0.06;False;0.04;False;0.03;False;ERR;ERR;ERR
248;0.01;False;1.29;False;2.09;False;4.99;False;0.19573930499999914;0.62;False;0.029169634000000055;ERR;ERR;ERR;ERR;ERR;ERR;ERR;ERR;ERR
249;0.02;False;0.0;False;0.0;False;0.15;False;0.08795810500000001;0.08;False;0.03924678;0.05;False;0.04;False;0.03;False;ERR;ERR;ERR
250;0.0;False;0.0;False;0.01;False;6.11;False;0.12775960800000075;0.12;False;0.04005049599999999;0.06;False;ERR;ERR;0.04;False;ERR;ERR;ERR
251;0.01;False;0.38;False;0.58;False;17.02;False;0.13636363200000012;3.17;False;0.041152038999999974;0.15;False;ERR;ERR;1.32;False;ERR;ERR;ERR
252;ERR;ERR;0.01;False;0.01;False;11.65;False;0.00010379599999943423;0.13;False;5.0085000000005264e-05;0.06;False;0.02;False;0.03;False;ERR;ERR;ERR
253;ERR;ERR;0.01;True;0.01;True;2.82;True;0.582209126;0.19;True;0.12029568300000001;0.06;True;0.04;True;0.03;True;ERR;ERR;ERR
254;ERR;ERR;0.01;True;0.01;True;1.26;True;0.13496576299999985;0.19;True;0.038785666999999996;0.06;True;ERR;ERR;0.03;True;ERR;ERR;ERR
255;ERR;ERR;0.0;False;0.0;False;TO;TO;TO;1.82;False;0.029218637000000047;0.06;False;0.03;False;0.05;False;ERR;ERR;ERR
256;0.0;False;0.01;True;0.01;True;1.01;True;0.17526343;0.21;True;0.04311484500000001;ERR;ERR;ERR;ERR;ERR;ERR;ERR;ERR;ERR
257;0.01;False;0.02;False;0.0;False;27.43;False;0.1470810190000016;2.23;False;0.02534519299999971;0.06;False;ERR;ERR;0.13;False;ERR;ERR;ERR
258;0.0;False;5.37;False;0.0;False;10.51;False;0.1522158660000006;0.34;False;0.025370722000000012;1.19;False;0.17;False;16.43;False;ERR;ERR;ERR
259;0.01;False;0.01;False;0.01;False;1.0;False;0.07648603600000003;0.23;False;0.014520444999999993;0.05;False;0.03;False;0.02;False;ERR;ERR;ERR
260;0.01;False;0.01;False;0.01;False;20.29;False;0.2191713660000012;1.86;False;0.033064360000000015;0.06;False;0.05;False;0.05;False;ERR;ERR;ERR
261;0.0;False;0.01;True;0.01;True;3.88;True;0.254866915;0.56;True;0.03721044299999998;ERR;ERR;ERR;ERR;ERR;ERR;ERR;ERR;ERR
262;0.02;True;0.02;True;0.0;True;0.36;True;0.14348935799999998;0.13;True;0.050609926;0.07;True;0.05;False;0.04;True;ERR;ERR;ERR
263;0.01;False;16.11;False;8.72;False;88.19;False;0.4056382830000018;1.54;False;0.07899739500000003;19.73;False;32.63;False;1.64;False;ERR;ERR;ERR
264;3.27;False;3.58;False;12.34;False;0.25;False;0.222290268;0.14;False;0.11423696;2.14;False;3.93;False;17.88;False;ERR;ERR;ERR
265;0.02;True;TO;TO;ERR;ERR;0.57;True;0.23796443400000006;0.27;True;0.09515962500000003;TO;TO;ERR;ERR;TO;TO;ERR;ERR;ERR
266;0.01;True;0.01;True;0.01;True;0.16;True;0.0008347830000000056;0.04;True;0.00023816799999999694;0.04;True;0.12;False;0.04;True;ERR;ERR;ERR
267;0.01;False;0.01;False;0.01;False;0.16;False;4.582899999999723e-05;0.04;False;1.7996999999998764e-05;0.06;False;0.02;False;0.04;False;ERR;ERR;ERR
268;0.01;True;0.0;True;0.01;True;0.26;True;0.0012645380000000095;0.04;True;0.0002737910000000024;0.06;True;0.05;False;0.03;True;ERR;ERR;ERR
269;0.02;False;0.43;False;0.75;False;3.38;False;0.2630329119999999;0.15;False;0.06996083100000001;ERR;ERR;ERR;ERR;ERR;ERR;ERR;ERR;ERR
270;0.0;False;0.0;False;0.01;False;0.35;False;7.659500000001263e-05;0.04;False;2.569799999999761e-05;0.06;False;0.03;False;0.02;False;ERR;ERR;ERR
271;0.01;False;0.01;True;0.01;True;0.19;True;0.0009440170000000192;0.03;True;0.0002964049999999996;0.06;True;ERR;ERR;0.03;True;ERR;ERR;ERR
272;0.01;False;0.01;False;0.01;False;TO;TO;TO;ERR;ERR;ERR;0.05;False;0.02;False;0.04;False;ERR;ERR;ERR
273;0.01;False;0.01;False;0.01;False;1.05;False;0.126246827;0.33;False;0.014180865000000042;0.06;False;0.03;False;0.05;False;ERR;ERR;ERR
274;0.0;False;1.42;False;0.01;False;TO;TO;TO;51.9;False;0.0006617430000019908;0.22;False;ERR;ERR;3.42;False;ERR;ERR;ERR
275;0.0;False;0.01;False;0.01;False;TO;TO;TO;ERR;ERR;ERR;0.05;False;0.02;False;0.04;False;ERR;ERR;ERR
276;0.01;False;TO;TO;ERR;ERR;5.34;False;0.7154958900000001;0.22;False;0.140954452;16.25;False;TO;TO;TO;TO;ERR;ERR;ERR
277;ERR;ERR;0.01;False;0.01;False;TO;TO;TO;1.27;False;0.000373179999999973;0.06;False;0.03;False;0.03;False;ERR;ERR;ERR
278;0.01;False;0.0;True;0.01;True;0.48;True;0.254205252;0.26;True;0.08049704599999999;ERR;ERR;ERR;ERR;ERR;ERR;ERR;ERR;ERR
279;0.0;False;0.01;False;0.01;False;2.21;False;0.16823285799999987;0.14;False;0.040536686;ERR;ERR;0.04;False;0.02;False;ERR;ERR;ERR
280;0.01;False;TO;TO;0.01;False;0.3;False;0.04704179000000003;0.1;False;0.020538688;TO;TO;0.4;False;TO;TO;ERR;ERR;ERR
281;TO;TO;1.0;False;1.37;False;0.13;False;0.10917782599999999;0.1;False;0.061777298;0.07;True;0.56;False;2.84;False;ERR;ERR;ERR
282;0.01;False;0.0;True;0.0;True;1.14;True;0.14325166100000009;0.21;True;0.031191529000000023;ERR;ERR;ERR;ERR;ERR;ERR;ERR;ERR;ERR
283;0.01;False;0.01;False;0.0;False;0.09;False;0.057842782;0.06;False;0.040942364;0.07;False;0.04;False;0.03;False;ERR;ERR;ERR
284;0.01;False;0.01;False;0.01;False;1.76;False;0.19313387399999993;0.16;False;0.046918945000000004;0.05;False;0.03;False;0.03;False;ERR;ERR;ERR
285;0.01;False;0.01;False;0.01;False;TO;TO;TO;TO;TO;TO;0.07;False;0.07;False;0.03;False;ERR;ERR;ERR
286;0.01;False;0.01;False;0.01;False;0.16;False;0.07547177299999999;0.07;False;0.035783661;0.06;False;0.05;False;0.04;False;ERR;ERR;ERR
287;TO;TO;0.01;True;0.0;True;0.16;True;0.13032406600000002;0.05;True;0.022379841999999997;0.05;True;0.47;False;0.03;True;ERR;ERR;ERR
288;ERR;ERR;0.27;False;0.01;False;0.66;False;0.14691529999999997;0.17;False;0.06609877399999999;0.13;False;ERR;ERR;0.74;False;ERR;ERR;ERR
289;0.02;True;0.0;True;0.01;True;0.5;True;0.20398067499999994;0.12;True;0.07208733299999999;ERR;ERR;ERR;ERR;ERR;ERR;ERR;ERR;ERR
290;0.01;False;0.12;False;0.18;False;0.85;False;0.20836634900000006;0.2;False;0.057650323;0.07;False;0.13;False;0.21;False;ERR;ERR;ERR
291;0.01;False;0.01;False;0.01;False;0.27;False;0.170815474;0.11;False;0.022164920000000005;0.05;False;0.04;False;0.04;False;ERR;ERR;ERR
292;0.01;False;0.01;True;0.01;True;7.98;True;0.22237280199999976;0.28;True;0.031198488999999996;ERR;ERR;ERR;ERR;ERR;ERR;ERR;ERR;ERR
293;0.01;False;0.0;True;0.01;True;0.35;True;0.16716824000000002;0.1;True;0.045058342;ERR;ERR;ERR;ERR;ERR;ERR;ERR;ERR;ERR
294;0.01;False;1.74;False;0.01;False;0.9;False;0.119931958;0.24;False;0.023538911999999995;ERR;ERR;ERR;ERR;ERR;ERR;ERR;ERR;ERR
295;0.01;False;0.01;False;0.01;False;2.23;False;0.08916488699999991;0.18;False;0.018761330999999992;0.07;False;0.04;False;0.04;False;ERR;ERR;ERR
296;0.01;False;2.78;False;8.48;False;9.47;False;0.1777506330000005;2.32;False;0.03641296599999988;ERR;ERR;ERR;ERR;ERR;ERR;ERR;ERR;ERR
297;0.01;False;0.0;False;0.01;False;26.37;False;0.48654794799999834;4.0;False;0.05127657600000024;ERR;ERR;ERR;ERR;ERR;ERR;ERR;ERR;ERR
298;0.02;False;0.01;False;0.01;False;0.05;False;3.635400000000233e-05;0.03;False;2.1292000000006084e-05;0.06;False;0.05;False;0.03;False;ERR;ERR;ERR
299;0.01;False;0.0;False;0.01;False;1.16;False;0.19330276700000004;0.66;False;0.035043611000000086;0.06;False;0.04;False;0.04;False;ERR;ERR;ERR
300;ERR;ERR;0.0;False;0.01;False;TO;TO;TO;TO;TO;TO;ERR;ERR;ERR;ERR;ERR;ERR;ERR;ERR;ERR
301;0.0;False;14.89;False;ERR;ERR;0.86;False;0.31727256600000003;0.17;False;0.08383164100000001;ERR;ERR;38.08;False;TO;TO;ERR;ERR;ERR
302;0.01;False;TO;TO;ERR;ERR;7.45;False;0.23459711000000016;0.19;False;0.044671081;TO;TO;61.6;False;TO;TO;ERR;ERR;ERR
303;0.02;False;2.12;False;4.8;False;2.86;False;0.422283137;0.25;False;0.149744967;0.58;False;1.82;False;8.82;False;ERR;ERR;ERR
304;0.01;False;TO;TO;ERR;ERR;9.98;False;0.0012557349999990919;0.17;False;0.0003889640000000194;TO;TO;TO;TO;TO;TO;ERR;ERR;ERR
305;0.01;False;15.67;False;ERR;ERR;TO;TO;TO;5.55;False;0.06470972999999969;17.59;False;42.73;False;TO;TO;ERR;ERR;ERR
306;0.61;False;TO;TO;TO;TO;0.25;False;0.13989986000000001;0.17;False;0.085971733;20.43;False;0.49;False;TO;TO;ERR;ERR;ERR
307;0.0;False;0.01;True;0.01;True;10.25;True;0.2801422440000003;1.09;True;0.029648333000000138;ERR;ERR;ERR;ERR;ERR;ERR;ERR;ERR;ERR
308;ERR;ERR;0.01;False;0.0;False;ERR;ERR;ERR;0.07;False;3.3860999999996144e-05;0.06;False;0.03;False;0.04;False;ERR;ERR;ERR
309;0.01;False;0.0;False;0.01;False;80.81;False;0.25641607999999394;1.16;False;0.02797455900000001;ERR;ERR;ERR;ERR;ERR;ERR;ERR;ERR;ERR
310;88.31;False;0.36;False;0.85;False;ERR;ERR;ERR;0.13;False;0.09370215700000001;0.1;False;0.4;False;1.26;False;ERR;ERR;ERR
311;0.01;False;0.01;False;0.0;False;10.72;False;0.15968898300000056;0.71;False;0.03466838800000005;0.07;False;0.06;False;0.04;False;ERR;ERR;ERR
312;0.01;False;0.01;False;0.01;False;TO;TO;TO;0.74;False;5.037499999993589e-05;0.06;False;0.04;False;0.04;False;ERR;ERR;ERR
313;0.01;False;0.01;True;0.01;True;4.72;True;0.2113430860000003;0.62;True;0.029271175999999954;ERR;ERR;ERR;ERR;ERR;ERR;ERR;ERR;ERR
314;0.12;True;0.0;True;0.01;True;0.44;True;0.24662386199999997;0.09;True;0.059271737;0.05;True;0.26;False;0.04;True;ERR;ERR;ERR
315;0.02;True;0.0;False;0.01;False;TO;TO;TO;TO;TO;TO;ERR;ERR;ERR;ERR;ERR;ERR;ERR;ERR;ERR
316;0.01;False;0.01;False;0.01;False;0.39;False;0.270014912;0.17;False;0.091055665;0.04;False;ERR;ERR;0.05;False;ERR;ERR;ERR
317;ERR;ERR;0.01;False;0.01;False;0.05;False;7.341999999999765e-05;0.03;False;2.4517000000001676e-05;0.06;False;0.04;False;0.03;False;ERR;ERR;ERR
318;0.01;False;0.01;True;0.01;True;5.03;True;0.27905680400000055;0.67;True;0.03598559499999998;ERR;ERR;ERR;ERR;ERR;ERR;ERR;ERR;ERR
319;0.01;False;0.01;True;0.0;True;0.2;True;0.130737076;0.08;True;0.047831435;0.06;True;ERR;ERR;0.02;True;ERR;ERR;ERR
320;0.02;True;0.01;True;0.01;True;0.54;True;0.0010499659999999578;0.05;True;0.0002527490000000035;0.06;True;0.12;False;0.03;True;ERR;ERR;ERR
321;0.0;False;0.94;False;1.41;False;1.54;False;0.28905936;0.25;False;0.10909569200000002;0.11;False;0.74;False;3.17;False;ERR;ERR;ERR
322;0.01;False;0.01;True;0.0;True;1.09;True;0.3082082599999999;0.24;True;0.08149607499999997;ERR;ERR;ERR;ERR;ERR;ERR;ERR;ERR;ERR
323;0.0;False;0.02;False;0.01;False;1.51;False;0.0014577179999999412;0.08;False;0.0005550229999999878;0.06;False;0.12;False;0.09;False;ERR;ERR;ERR
324;0.01;False;0.05;False;0.01;False;5.5;False;0.40713151499999967;0.78;False;0.051367052000000024;ERR;ERR;ERR;ERR;ERR;ERR;ERR;ERR;ERR
325;0.01;False;0.58;False;0.51;False;TO;TO;TO;6.04;False;0.12893501200000035;0.13;False;0.32;False;0.6;False;ERR;ERR;ERR
326;0.01;False;0.01;True;0.01;True;32.27;True;0.2243558979999989;7.77;True;0.02436231799999966;ERR;ERR;ERR;ERR;ERR;ERR;ERR;ERR;ERR
327;14.31;False;6.65;False;0.0;False;0.18;False;0.127805526;0.07;False;0.038617144;1.35;False;0.06;False;0.03;False;ERR;ERR;ERR
328;0.0;False;0.0;False;0.01;False;0.04;False;2.395599999999859e-05;0.03;False;1.3819999999997723e-05;ERR;ERR;ERR;ERR;ERR;ERR;ERR;ERR;ERR
329;11.34;True;0.01;True;0.01;True;0.35;True;0.28123920999999996;0.11;True;0.08161269099999999;0.05;True;0.05;True;0.05;True;ERR;ERR;ERR
330;ERR;ERR;0.01;False;0.0;False;TO;TO;TO;1.29;False;0.00037589400000004325;0.06;False;0.04;False;0.03;False;ERR;ERR;ERR
331;0.0;False;0.01;True;0.01;True;0.17;True;0.10054236400000001;0.08;True;0.036762109999999994;0.07;True;0.05;False;0.04;True;ERR;ERR;ERR
332;ERR;ERR;0.0;False;0.01;False;9.05;False;0.17188943599999984;0.27;False;0.02950614899999998;0.06;False;0.02;False;0.04;False;ERR;ERR;ERR
333;ERR;ERR;0.01;False;0.01;False;9.18;False;0.0017960959999996362;0.23;False;0.00034868400000001576;0.06;False;0.03;False;0.03;False;ERR;ERR;ERR
334;0.14;False;0.09;False;0.12;False;0.6;False;0.10564695600000001;0.16;False;0.028607660000000007;0.06;False;ERR;ERR;0.21;False;ERR;ERR;ERR
335;ERR;ERR;TO;TO;0.0;False;16.49;False;0.07864004800000046;3.77;False;0.02399459600000009;34.56;False;0.28;False;TO;TO;ERR;ERR;ERR
336;ERR;ERR;0.01;True;0.01;True;1.5;True;0.14116668200000015;0.18;True;0.022680693000000002;0.06;True;ERR;ERR;0.05;True;ERR;ERR;ERR
337;0.0;False;0.0;False;0.0;False;19.35;False;0.1158675370000033;2.18;False;0.03344920699999987;ERR;ERR;ERR;ERR;ERR;ERR;ERR;ERR;ERR
338;42.09;True;0.02;True;0.01;True;0.32;True;0.112280783;0.1;True;0.02830743000000001;0.05;True;0.19;False;0.03;True;ERR;ERR;ERR
339;0.01;False;0.1;False;0.01;False;0.46;False;0.138716263;0.15;False;0.04033874800000001;0.07;False;0.18;False;0.04;False;ERR;ERR;ERR
340;11.42;True;0.0;True;0.01;True;0.7;True;0.16225713700000005;0.23;True;0.044681677;0.05;True;0.19;False;0.03;True;ERR;ERR;ERR
341;0.01;False;0.01;True;0.01;True;0.41;True;0.233453814;0.15;True;0.07449477700000001;0.06;True;ERR;ERR;0.03;True;ERR;ERR;ERR
342;0.02;False;0.01;True;0.01;True;TO;TO;TO;4.69;True;0.21239191000000002;0.05;True;ERR;ERR;0.04;True;ERR;ERR;ERR
343;0.01;False;0.0;True;0.0;True;4.84;True;0.2800648180000005;0.64;True;0.03575272500000004;ERR;ERR;ERR;ERR;ERR;ERR;ERR;ERR;ERR
344;0.01;False;0.0;True;0.01;True;0.2;True;0.138104125;0.09;True;0.04858945299999999;0.07;True;ERR;ERR;0.03;True;ERR;ERR;ERR
345;39.99;False;14.3;False;0.0;False;0.28;False;0.22009301999999997;0.11;False;0.067999578;3.15;False;0.05;False;0.03;False;ERR;ERR;ERR
346;ERR;ERR;0.0;True;0.01;True;0.79;True;0.1551678569999999;0.16;True;0.04920882200000001;0.06;True;ERR;ERR;0.04;True;ERR;ERR;ERR
347;0.01;False;0.01;False;0.01;False;TO;TO;TO;TO;TO;TO;0.06;False;0.04;False;0.05;False;ERR;ERR;ERR
348;0.12;True;0.01;True;0.01;True;0.39;True;0.17791222599999998;0.13;True;0.062015716;0.06;True;0.75;False;0.04;True;ERR;ERR;ERR
349;38.04;True;0.01;True;0.01;True;0.72;True;0.172315475;0.15;True;0.03971235899999999;0.06;True;0.22;False;0.04;True;ERR;ERR;ERR
350;0.01;False;0.21;False;0.01;False;6.46;False;0.33872400400000036;0.82;False;0.09660923100000007;0.08;False;0.3;False;0.03;False;ERR;ERR;ERR
351;0.02;False;0.01;False;0.01;False;TO;TO;TO;ERR;ERR;ERR;0.06;False;0.05;False;0.03;False;ERR;ERR;ERR
352;77.3;False;0.43;False;0.49;False;0.19;False;0.155838834;0.1;False;0.059306138;0.11;False;0.45;False;1.21;False;ERR;ERR;ERR
353;0.01;False;0.0;True;0.01;True;1.31;True;0.34040807299999987;0.24;True;0.10480203799999999;0.05;True;0.05;True;0.05;True;ERR;ERR;ERR
354;ERR;ERR;6.53;False;0.01;False;1.34;False;0.10723121400000002;0.18;False;0.036254649;0.8;False;0.05;False;13.2;False;ERR;ERR;ERR
355;0.01;False;0.01;False;0.01;False;1.81;False;0.20849923799999992;0.69;False;0.032713112000000044;0.05;False;0.02;False;0.04;False;ERR;ERR;ERR
356;0.01;False;1.7;True;2.29;True;19.16;True;0.34481587800000213;2.47;True;0.10925409099999994;0.37;True;2.53;False;5.34;True;ERR;ERR;ERR
357;0.21;False;0.1;False;0.12;False;0.41;False;0.094249368;0.16;False;0.02696831899999999;0.07;False;ERR;ERR;0.36;False;ERR;ERR;ERR
358;0.02;False;0.01;False;0.02;False;0.54;False;0.12734020799999995;0.13;False;0.035533335;0.05;False;0.03;False;0.03;False;ERR;ERR;ERR
359;0.01;False;0.0;False;0.01;False;3.69;False;0.07889379000000041;0.14;False;0.01994369600000001;0.06;False;0.02;False;0.04;False;ERR;ERR;ERR
