name;grep-runtime;grep-result;re-runtime;re-result;pcre2-runtime;pcre2-result;rsaregex-runtime;rsaregex-result;rsaregex-matchtime;notrackrsa-runtime;notrackrsa-result;notrackrsa-matchtime;js-runtime;java-runtime;net-runtime;rsacpp-runtime;rsacpp-result;rsacpp-matchtime
0;0.01;False;0.01;True;0.01;True;ERR;ERR;ERR;ERR;ERR;ERR;ERR;ERR;ERR;ERR;ERR;ERR
1;0.02;False;0.01;True;0.01;True;ERR;ERR;ERR;ERR;ERR;ERR;ERR;ERR;ERR;ERR;ERR;ERR
2;0.02;False;0.0;False;0.01;False;ERR;ERR;ERR;ERR;ERR;ERR;ERR;ERR;ERR;ERR;ERR;ERR
3;0.14;False;0.07;False;0.09;False;0.52;False;0.08366565199999998;1.15;False;0.12080987500000007;ERR;ERR;ERR;0.04;False;0.03297942178323865
4;0.03;True;0.11;True;0.2;True;ERR;ERR;ERR;ERR;ERR;ERR;ERR;ERR;ERR;ERR;ERR;ERR
5;0.01;False;0.01;False;0.01;False;33.95;False;0.08327874200000096;18.88;False;0.07579606000000005;ERR;ERR;ERR;ERR;ERR;ERR
6;0.0;False;0.01;True;0.01;True;ERR;ERR;ERR;ERR;ERR;ERR;ERR;ERR;ERR;ERR;ERR;ERR
7;0.0;False;0.01;False;0.01;False;0.53;False;0.274686534;0.41;False;0.286520738;ERR;ERR;ERR;0.13;False;0.12143452791497111
8;ERR;ERR;0.0;True;0.01;True;TO;TO;TO;TO;TO;TO;ERR;ERR;ERR;ERR;ERR;ERR
9;0.01;False;0.0;False;0.01;False;3.07;False;0.19457746099999973;TO;TO;TO;ERR;ERR;ERR;ERR;ERR;ERR
10;0.02;False;0.01;False;0.01;False;TO;TO;TO;TO;TO;TO;ERR;ERR;ERR;ERR;ERR;ERR
11;ERR;ERR;0.01;False;0.01;False;ERR;ERR;ERR;ERR;ERR;ERR;ERR;ERR;ERR;ERR;ERR;ERR
12;0.01;True;0.0;True;0.0;True;0.15;True;0.0018441580000000124;0.16;True;0.004122186999999999;ERR;ERR;ERR;0.01;True;0.002522315364331007
13;ERR;ERR;0.01;False;0.01;False;ERR;ERR;ERR;ERR;ERR;ERR;ERR;ERR;ERR;ERR;ERR;ERR
14;0.0;False;82.21;False;0.0;False;0.62;False;0.46951323899999997;1.02;False;0.9250931649999999;ERR;ERR;ERR;0.23;False;0.22786686336621642
15;0.0;False;0.01;False;0.01;False;ERR;ERR;ERR;ERR;ERR;ERR;ERR;ERR;ERR;ERR;ERR;ERR
16;0.01;False;0.01;False;0.07;False;TO;TO;TO;TO;TO;TO;ERR;ERR;ERR;ERR;ERR;ERR
17;0.01;False;0.01;False;0.01;False;0.03;False;1.4631999999993595e-05;0.03;False;1.4831999999999346e-05;ERR;ERR;ERR;0.02;False;0.0019303606823086739
18;0.0;False;0.03;False;0.04;False;ERR;ERR;ERR;ERR;ERR;ERR;ERR;ERR;ERR;ERR;ERR;ERR
19;0.01;False;0.01;False;0.01;False;ERR;ERR;ERR;ERR;ERR;ERR;ERR;ERR;ERR;ERR;ERR;ERR
20;0.01;False;0.01;False;0.0;False;ERR;ERR;ERR;ERR;ERR;ERR;ERR;ERR;ERR;ERR;ERR;ERR
21;0.02;False;0.01;False;0.01;False;ERR;ERR;ERR;ERR;ERR;ERR;ERR;ERR;ERR;ERR;ERR;ERR
22;0.01;False;0.0;False;0.01;False;ERR;ERR;ERR;ERR;ERR;ERR;ERR;ERR;ERR;ERR;ERR;ERR
23;0.01;False;0.26;False;0.01;False;TO;TO;TO;TO;TO;TO;ERR;ERR;ERR;ERR;ERR;ERR
24;0.02;False;0.01;False;0.01;False;TO;TO;TO;TO;TO;TO;ERR;ERR;ERR;ERR;ERR;ERR
25;0.02;False;0.08;False;0.01;False;32.8;False;0.16960307499999772;TO;TO;TO;ERR;ERR;ERR;ERR;ERR;ERR
26;0.01;False;0.01;False;0.0;False;1.23;False;0.17002088199999998;21.02;False;0.2685804279999999;ERR;ERR;ERR;0.07;False;0.0737244407646358
27;0.02;False;0.0;False;0.01;False;0.03;False;8.754100000000348e-05;0.03;False;9.030600000000527e-05;ERR;ERR;ERR;0.0;False;0.005564102903008461
28;0.01;False;TO;TO;TO;TO;ERR;ERR;ERR;ERR;ERR;ERR;ERR;ERR;ERR;ERR;ERR;ERR
29;0.02;False;0.01;False;0.01;False;ERR;ERR;ERR;ERR;ERR;ERR;ERR;ERR;ERR;ERR;ERR;ERR
30;0.0;False;38.36;False;87.61;False;ERR;ERR;ERR;ERR;ERR;ERR;ERR;ERR;ERR;ERR;ERR;ERR
31;ERR;ERR;30.94;True;25.44;True;ERR;ERR;ERR;ERR;ERR;ERR;ERR;ERR;ERR;ERR;ERR;ERR
32;1.29;True;0.01;True;0.01;True;0.38;True;0.155783551;5.93;True;0.4131359659999996;ERR;ERR;ERR;0.06;True;0.06944099487736821
33;0.01;False;4.55;False;0.01;False;ERR;ERR;ERR;ERR;ERR;ERR;ERR;ERR;ERR;ERR;ERR;ERR
34;0.02;False;0.0;False;0.02;False;0.27;False;0.22832811099999997;0.25;False;0.21607155400000003;ERR;ERR;ERR;0.13;False;0.1254270919598639
35;0.01;False;46.62;False;55.32;False;ERR;ERR;ERR;ERR;ERR;ERR;ERR;ERR;ERR;ERR;ERR;ERR
36;0.01;False;0.01;False;0.0;False;ERR;ERR;ERR;ERR;ERR;ERR;ERR;ERR;ERR;ERR;ERR;ERR
37;0.01;False;0.01;False;0.01;False;ERR;ERR;ERR;ERR;ERR;ERR;ERR;ERR;ERR;ERR;ERR;ERR
38;ERR;ERR;0.01;False;0.01;False;ERR;ERR;ERR;ERR;ERR;ERR;ERR;ERR;ERR;ERR;ERR;ERR
39;0.01;False;0.01;False;0.01;False;ERR;ERR;ERR;ERR;ERR;ERR;ERR;ERR;ERR;ERR;ERR;ERR
40;0.01;False;TO;TO;0.01;False;ERR;ERR;ERR;ERR;ERR;ERR;ERR;ERR;ERR;ERR;ERR;ERR
41;0.01;True;0.0;True;0.01;True;9.57;True;3.8759831929999997;10.23;True;8.692420724;ERR;ERR;ERR;ERR;ERR;ERR
42;TO;TO;0.47;False;0.78;False;0.27;False;0.23871033400000002;0.37;False;0.33118248499999997;ERR;ERR;ERR;0.13;False;0.11683596298098564
43;0.01;False;0.01;True;0.01;True;0.23;True;0.207733528;0.24;True;0.20873446;ERR;ERR;ERR;0.1;True;0.10028496291488409
44;0.01;False;0.0;True;ERR;ERR;TO;TO;TO;TO;TO;TO;ERR;ERR;ERR;ERR;ERR;ERR
45;0.01;False;0.01;False;0.01;False;ERR;ERR;ERR;ERR;ERR;ERR;ERR;ERR;ERR;ERR;ERR;ERR
46;0.0;False;0.01;False;0.01;False;TO;TO;TO;TO;TO;TO;ERR;ERR;ERR;ERR;ERR;ERR
47;0.01;False;0.0;True;0.01;True;ERR;ERR;ERR;ERR;ERR;ERR;ERR;ERR;ERR;ERR;ERR;ERR
48;ERR;ERR;0.0;True;0.01;True;ERR;ERR;ERR;ERR;ERR;ERR;ERR;ERR;ERR;ERR;ERR;ERR
49;0.01;False;TO;TO;0.01;False;TO;TO;TO;TO;TO;TO;ERR;ERR;ERR;ERR;ERR;ERR
50;0.02;True;0.0;True;0.01;True;0.39;True;0.19571813300000002;0.97;True;0.6824180879999999;ERR;ERR;ERR;0.08;True;0.07838009390980005
51;0.01;False;0.01;True;0.01;True;7.71;True;0.3267053149999999;12.33;True;0.644653936000001;ERR;ERR;ERR;ERR;ERR;ERR
52;ERR;ERR;0.01;False;0.01;False;2.19;False;0.15419661899999992;4.25;False;0.14664512399999996;ERR;ERR;ERR;ERR;ERR;ERR
53;0.01;False;0.01;True;0.0;True;ERR;ERR;ERR;ERR;ERR;ERR;ERR;ERR;ERR;ERR;ERR;ERR
54;ERR;ERR;0.0;False;ERR;ERR;ERR;ERR;ERR;ERR;ERR;ERR;ERR;ERR;ERR;ERR;ERR;ERR
55;0.01;False;0.01;False;0.01;False;ERR;ERR;ERR;ERR;ERR;ERR;ERR;ERR;ERR;ERR;ERR;ERR
56;0.01;False;0.0;False;0.01;False;TO;TO;TO;28.56;False;0.22104237499999968;ERR;ERR;ERR;ERR;ERR;ERR
57;0.01;False;0.01;False;0.01;False;47.92;False;0.00013997000000642856;4.83;False;9.853800000048096e-05;ERR;ERR;ERR;ERR;ERR;ERR
58;0.0;False;1.0;False;0.0;False;ERR;ERR;ERR;ERR;ERR;ERR;ERR;ERR;ERR;ERR;ERR;ERR
59;0.01;False;0.01;False;0.01;False;ERR;ERR;ERR;ERR;ERR;ERR;ERR;ERR;ERR;ERR;ERR;ERR
60;0.01;False;0.0;False;0.01;False;ERR;ERR;ERR;ERR;ERR;ERR;ERR;ERR;ERR;ERR;ERR;ERR
61;0.01;False;0.01;False;0.01;False;0.19;False;7.799699999999632e-05;0.06;False;6.014000000000019e-05;ERR;ERR;ERR;0.02;False;0.009727307129651308
62;0.01;False;TO;TO;0.01;False;2.84;False;0.12496374100000018;2.96;False;0.3344172900000002;ERR;ERR;ERR;ERR;ERR;ERR
63;0.01;False;0.02;False;0.02;False;0.03;False;0.0003394489999999986;0.03;False;0.0003057389999999993;ERR;ERR;ERR;0.02;False;0.0055459039285779
64;TO;TO;57.12;True;0.48;True;ERR;ERR;ERR;ERR;ERR;ERR;ERR;ERR;ERR;ERR;ERR;ERR
65;ERR;ERR;0.0;False;0.0;False;11.73;False;0.00017442199999884167;6.58;False;0.00015289999999978932;ERR;ERR;ERR;ERR;ERR;ERR
66;0.01;False;0.01;False;0.01;False;ERR;ERR;ERR;ERR;ERR;ERR;ERR;ERR;ERR;ERR;ERR;ERR
67;0.03;True;0.11;True;0.21;True;ERR;ERR;ERR;ERR;ERR;ERR;ERR;ERR;ERR;ERR;ERR;ERR
68;0.01;False;0.04;False;0.01;False;ERR;ERR;ERR;ERR;ERR;ERR;ERR;ERR;ERR;ERR;ERR;ERR
69;ERR;ERR;0.01;False;0.0;False;10.27;False;0.0018414140000011514;2.89;False;0.0015372270000000299;ERR;ERR;ERR;ERR;ERR;ERR
70;0.01;False;TO;TO;ERR;ERR;0.13;False;0.0006790299999999971;0.07;False;0.000895384000000013;ERR;ERR;ERR;0.02;False;0.06081965798512101
71;ERR;ERR;0.01;False;0.0;False;ERR;ERR;ERR;ERR;ERR;ERR;ERR;ERR;ERR;ERR;ERR;ERR
72;0.01;False;0.01;False;ERR;ERR;0.05;False;0.0007406009999999935;0.12;False;0.0007693250000000013;ERR;ERR;ERR;0.01;False;0.04711991781368852
73;91.33;True;0.01;True;0.01;True;0.68;True;0.609184956;0.56;True;0.521207723;ERR;ERR;ERR;0.24;True;0.2400441118516028
74;ERR;ERR;0.0;True;0.01;True;0.45;True;0.09222592099999999;0.62;True;0.159943265;ERR;ERR;ERR;ERR;ERR;ERR
75;0.01;False;0.01;False;0.01;False;0.27;False;3.633399999999898e-05;0.1;False;3.66349999999932e-05;ERR;ERR;ERR;0.01;False;0.005898694042116404
76;0.01;False;0.01;False;0.01;False;ERR;ERR;ERR;ERR;ERR;ERR;ERR;ERR;ERR;ERR;ERR;ERR
77;ERR;ERR;0.01;False;0.01;False;ERR;ERR;ERR;ERR;ERR;ERR;ERR;ERR;ERR;ERR;ERR;ERR
78;0.03;True;0.0;True;0.01;True;ERR;ERR;ERR;ERR;ERR;ERR;ERR;ERR;ERR;ERR;ERR;ERR
79;0.01;False;0.0;False;0.01;False;ERR;ERR;ERR;ERR;ERR;ERR;ERR;ERR;ERR;ERR;ERR;ERR
80;7.72;True;0.01;False;0.01;False;ERR;ERR;ERR;ERR;ERR;ERR;ERR;ERR;ERR;ERR;ERR;ERR
81;0.01;False;0.01;False;0.03;False;ERR;ERR;ERR;ERR;ERR;ERR;ERR;ERR;ERR;ERR;ERR;ERR
82;0.01;False;0.01;False;0.01;False;ERR;ERR;ERR;ERR;ERR;ERR;ERR;ERR;ERR;ERR;ERR;ERR
83;0.01;False;2.23;False;0.08;False;ERR;ERR;ERR;ERR;ERR;ERR;ERR;ERR;ERR;ERR;ERR;ERR
84;0.01;False;4.43;False;0.01;False;ERR;ERR;ERR;ERR;ERR;ERR;ERR;ERR;ERR;ERR;ERR;ERR
85;0.02;False;0.01;False;0.0;False;ERR;ERR;ERR;ERR;ERR;ERR;ERR;ERR;ERR;ERR;ERR;ERR
86;0.01;False;0.01;False;0.01;False;ERR;ERR;ERR;ERR;ERR;ERR;ERR;ERR;ERR;ERR;ERR;ERR
87;0.0;False;0.01;False;ERR;ERR;ERR;ERR;ERR;ERR;ERR;ERR;ERR;ERR;ERR;ERR;ERR;ERR
88;ERR;ERR;0.02;True;0.02;True;ERR;ERR;ERR;ERR;ERR;ERR;ERR;ERR;ERR;ERR;ERR;ERR
89;0.01;False;39.51;False;2.5;False;ERR;ERR;ERR;ERR;ERR;ERR;ERR;ERR;ERR;ERR;ERR;ERR
90;0.01;False;1.61;False;2.11;False;ERR;ERR;ERR;ERR;ERR;ERR;ERR;ERR;ERR;ERR;ERR;ERR
91;ERR;ERR;0.01;False;0.01;False;ERR;ERR;ERR;ERR;ERR;ERR;ERR;ERR;ERR;ERR;ERR;ERR
92;ERR;ERR;0.01;False;0.01;False;21.0;False;0.1748546669999982;5.29;False;0.15089745700000012;ERR;ERR;ERR;ERR;ERR;ERR
93;0.02;True;0.01;True;0.02;True;ERR;ERR;ERR;ERR;ERR;ERR;ERR;ERR;ERR;ERR;ERR;ERR
94;ERR;ERR;0.01;False;0.0;False;2.17;False;0.20007216800000016;1.91;False;0.18922611899999997;ERR;ERR;ERR;ERR;ERR;ERR
95;0.01;False;0.01;False;0.01;False;ERR;ERR;ERR;ERR;ERR;ERR;ERR;ERR;ERR;ERR;ERR;ERR
96;ERR;ERR;TO;TO;0.0;False;0.29;False;0.0008516279999999932;0.11;False;0.001195764000000002;ERR;ERR;ERR;0.0;False;0.0096886046230793
97;0.0;False;0.01;False;0.01;False;ERR;ERR;ERR;ERR;ERR;ERR;ERR;ERR;ERR;ERR;ERR;ERR
98;0.01;False;0.73;False;0.72;False;TO;TO;TO;50.44;False;2.1673125069999983;ERR;ERR;ERR;ERR;ERR;ERR
99;0.01;False;0.74;False;0.0;False;ERR;ERR;ERR;ERR;ERR;ERR;ERR;ERR;ERR;ERR;ERR;ERR
100;ERR;ERR;0.0;True;0.01;True;ERR;ERR;ERR;ERR;ERR;ERR;ERR;ERR;ERR;ERR;ERR;ERR
101;0.01;False;TO;TO;0.01;False;ERR;ERR;ERR;ERR;ERR;ERR;ERR;ERR;ERR;ERR;ERR;ERR
102;0.01;False;0.01;False;0.01;False;ERR;ERR;ERR;ERR;ERR;ERR;ERR;ERR;ERR;ERR;ERR;ERR
103;0.01;False;0.01;True;0.0;True;0.44;True;0.141854504;1.22;True;0.370104597;ERR;ERR;ERR;0.07;True;0.09506573295220733
104;TO;TO;0.0;True;0.01;True;0.72;True;0.351568684;2.85;True;0.7418133919999998;ERR;ERR;ERR;0.16;True;0.17762149590998888
105;TO;TO;0.35;False;0.68;False;ERR;ERR;ERR;ERR;ERR;ERR;ERR;ERR;ERR;ERR;ERR;ERR
106;0.01;False;0.0;True;0.01;True;10.5;True;0.23956706999999966;14.46;True;0.41457270299999927;ERR;ERR;ERR;ERR;ERR;ERR
107;ERR;ERR;TO;TO;ERR;ERR;ERR;ERR;ERR;ERR;ERR;ERR;ERR;ERR;ERR;ERR;ERR;ERR
108;0.01;False;21.27;False;0.0;False;ERR;ERR;ERR;ERR;ERR;ERR;ERR;ERR;ERR;ERR;ERR;ERR
109;0.01;False;0.01;False;0.01;False;3.31;False;0.10777944699999997;66.76;False;0.12832548600000138;ERR;ERR;ERR;ERR;ERR;ERR
110;ERR;ERR;0.01;False;0.01;False;ERR;ERR;ERR;ERR;ERR;ERR;ERR;ERR;ERR;ERR;ERR;ERR
111;TO;TO;0.01;True;0.0;True;ERR;ERR;ERR;ERR;ERR;ERR;ERR;ERR;ERR;ERR;ERR;ERR
112;0.01;False;0.0;True;0.01;True;7.03;True;0.2196949419999994;10.05;True;0.42617345700000087;ERR;ERR;ERR;ERR;ERR;ERR
113;0.01;False;0.71;False;0.01;False;ERR;ERR;ERR;ERR;ERR;ERR;ERR;ERR;ERR;ERR;ERR;ERR
114;0.01;False;0.0;True;0.0;True;ERR;ERR;ERR;ERR;ERR;ERR;ERR;ERR;ERR;ERR;ERR;ERR
115;0.01;False;0.01;False;0.01;False;ERR;ERR;ERR;ERR;ERR;ERR;ERR;ERR;ERR;ERR;ERR;ERR
116;0.0;False;0.01;False;0.01;False;ERR;ERR;ERR;ERR;ERR;ERR;ERR;ERR;ERR;ERR;ERR;ERR
117;0.01;False;0.01;False;0.01;False;0.06;False;0.030201432;0.05;False;0.029908944;ERR;ERR;ERR;0.03;False;0.019725143909454346
118;0.01;False;0.0;True;0.01;True;ERR;ERR;ERR;ERR;ERR;ERR;ERR;ERR;ERR;ERR;ERR;ERR
119;0.01;False;0.01;False;0.01;False;ERR;ERR;ERR;ERR;ERR;ERR;ERR;ERR;ERR;ERR;ERR;ERR
120;0.02;False;0.0;False;0.01;False;ERR;ERR;ERR;ERR;ERR;ERR;ERR;ERR;ERR;ERR;ERR;ERR
121;0.01;False;0.0;False;0.01;False;ERR;ERR;ERR;ERR;ERR;ERR;ERR;ERR;ERR;ERR;ERR;ERR
122;0.01;False;0.0;False;0.01;False;ERR;ERR;ERR;ERR;ERR;ERR;ERR;ERR;ERR;ERR;ERR;ERR
123;0.01;False;ERR;ERR;0.01;True;ERR;ERR;ERR;ERR;ERR;ERR;ERR;ERR;ERR;ERR;ERR;ERR
124;TO;TO;TO;TO;ERR;ERR;ERR;ERR;ERR;ERR;ERR;ERR;ERR;ERR;ERR;ERR;ERR;ERR
125;0.01;False;0.01;True;0.01;True;ERR;ERR;ERR;ERR;ERR;ERR;ERR;ERR;ERR;ERR;ERR;ERR
126;0.0;False;0.01;False;ERR;ERR;0.06;False;0.0007317690000000002;0.11;False;0.0007811520000000072;ERR;ERR;ERR;0.01;False;0.008562427945435047
127;0.0;False;0.01;False;0.01;False;0.91;False;6.469700000000245e-05;0.85;False;5.4631999999998904e-05;ERR;ERR;ERR;0.01;False;0.008513113018125296
128;TO;TO;TO;TO;TO;TO;ERR;ERR;ERR;ERR;ERR;ERR;ERR;ERR;ERR;ERR;ERR;ERR
129;ERR;ERR;0.02;False;ERR;ERR;TO;TO;TO;TO;TO;TO;ERR;ERR;ERR;ERR;ERR;ERR
130;0.02;False;0.01;False;0.0;False;0.27;False;0.18108356700000003;0.3;False;0.180229384;ERR;ERR;ERR;0.07;False;0.06841615214943886
131;0.01;False;0.01;False;0.01;False;ERR;ERR;ERR;ERR;ERR;ERR;ERR;ERR;ERR;ERR;ERR;ERR
132;ERR;ERR;TO;TO;0.01;False;ERR;ERR;ERR;ERR;ERR;ERR;ERR;ERR;ERR;ERR;ERR;ERR
133;0.01;False;1.31;False;3.16;False;ERR;ERR;ERR;ERR;ERR;ERR;ERR;ERR;ERR;ERR;ERR;ERR
134;0.01;False;TO;TO;TO;TO;ERR;ERR;ERR;ERR;ERR;ERR;ERR;ERR;ERR;ERR;ERR;ERR
135;89.03;False;0.53;False;0.76;False;0.4;False;0.253706404;0.56;False;0.351203646;ERR;ERR;ERR;0.13;False;0.1346084359101951
136;0.01;False;85.72;False;0.01;False;0.88;False;0.5472447839999999;0.96;False;0.77579596;ERR;ERR;ERR;0.24;False;0.24656672729179263
137;0.01;False;2.0;False;3.92;False;ERR;ERR;ERR;ERR;ERR;ERR;ERR;ERR;ERR;ERR;ERR;ERR
138;0.01;False;0.01;False;0.0;False;ERR;ERR;ERR;ERR;ERR;ERR;ERR;ERR;ERR;ERR;ERR;ERR
139;0.01;False;0.1;False;0.13;False;0.55;False;0.09725582100000002;0.63;False;0.13300010299999998;ERR;ERR;ERR;0.06;False;0.07947168592363596
140;0.0;False;0.0;False;0.01;False;0.03;False;2.1062000000002246e-05;0.03;False;2.1721999999994857e-05;ERR;ERR;ERR;0.02;False;0.0036098179407417774
141;0.01;False;56.22;False;82.31;False;ERR;ERR;ERR;ERR;ERR;ERR;ERR;ERR;ERR;ERR;ERR;ERR
142;0.02;False;0.01;False;0.01;False;0.83;False;0.13252161500000004;0.42;False;0.138070994;ERR;ERR;ERR;0.07;False;0.06983317201957107
143;0.01;False;0.01;False;0.01;False;0.03;False;5.66949999999955e-05;0.07;False;9.586400000000106e-05;ERR;ERR;ERR;0.01;False;0.003240923397243023
144;0.02;False;0.01;False;0.01;False;ERR;ERR;ERR;ERR;ERR;ERR;ERR;ERR;ERR;ERR;ERR;ERR
145;ERR;ERR;1.91;False;1.36;False;ERR;ERR;ERR;ERR;ERR;ERR;ERR;ERR;ERR;ERR;ERR;ERR
146;0.02;False;10.53;False;0.01;False;15.46;False;0.3268628300000014;49.12;False;0.6820244379999991;ERR;ERR;ERR;ERR;ERR;ERR
147;0.02;True;0.01;False;0.01;False;TO;TO;TO;TO;TO;TO;ERR;ERR;ERR;ERR;ERR;ERR
148;0.01;False;0.01;False;0.01;False;ERR;ERR;ERR;ERR;ERR;ERR;ERR;ERR;ERR;ERR;ERR;ERR
149;0.01;False;0.01;False;0.01;False;ERR;ERR;ERR;ERR;ERR;ERR;ERR;ERR;ERR;ERR;ERR;ERR
150;0.01;False;0.59;False;0.01;False;43.37;False;0.22104114300000077;TO;TO;TO;ERR;ERR;ERR;ERR;ERR;ERR
151;TO;TO;0.44;False;0.85;False;0.2;False;0.159170525;0.28;False;0.243844661;ERR;ERR;ERR;0.08;False;0.07534391386434436
152;ERR;ERR;0.01;False;0.0;False;2.71;False;4.972500000022251e-05;6.29;False;5.046500000016607e-05;ERR;ERR;ERR;ERR;ERR;ERR
153;0.01;False;0.01;True;0.01;True;5.38;True;0.3582679210000004;8.1;True;0.6619905770000001;ERR;ERR;ERR;ERR;ERR;ERR
154;0.0;False;0.06;False;0.06;False;ERR;ERR;ERR;ERR;ERR;ERR;ERR;ERR;ERR;ERR;ERR;ERR
155;0.01;False;0.0;False;0.01;False;TO;TO;TO;TO;TO;TO;ERR;ERR;ERR;ERR;ERR;ERR
156;0.01;False;0.26;False;0.11;False;ERR;ERR;ERR;ERR;ERR;ERR;ERR;ERR;ERR;ERR;ERR;ERR
157;0.01;False;0.01;False;0.01;False;0.03;False;1.951000000000036e-05;0.03;False;2.0050000000000623e-05;ERR;ERR;ERR;0.01;False;0.005781862884759903
158;0.01;False;0.01;False;0.01;False;ERR;ERR;ERR;ERR;ERR;ERR;ERR;ERR;ERR;ERR;ERR;ERR
159;0.53;False;64.16;False;0.01;False;ERR;ERR;ERR;ERR;ERR;ERR;ERR;ERR;ERR;ERR;ERR;ERR
160;0.06;True;0.92;True;1.72;True;0.43;True;0.36711566;0.99;True;0.808557324;ERR;ERR;ERR;0.19;True;0.18164189998060465
161;0.02;False;0.01;False;0.01;False;ERR;ERR;ERR;ERR;ERR;ERR;ERR;ERR;ERR;ERR;ERR;ERR
162;0.01;False;0.01;True;0.01;True;7.17;True;0.23020244400000056;10.48;True;0.3961291599999992;ERR;ERR;ERR;ERR;ERR;ERR
163;ERR;ERR;0.04;False;0.02;False;3.26;False;0.3777970030000004;1.26;False;0.36174115299999987;ERR;ERR;ERR;ERR;ERR;ERR
164;0.01;False;0.0;False;0.01;False;ERR;ERR;ERR;ERR;ERR;ERR;ERR;ERR;ERR;ERR;ERR;ERR
165;0.01;False;0.01;True;0.0;True;ERR;ERR;ERR;ERR;ERR;ERR;ERR;ERR;ERR;ERR;ERR;ERR
166;0.01;False;0.0;False;0.01;False;0.23;False;0.133127805;0.29;False;0.115570381;ERR;ERR;ERR;ERR;ERR;ERR
167;0.01;False;0.86;False;1.28;False;ERR;ERR;ERR;ERR;ERR;ERR;ERR;ERR;ERR;ERR;ERR;ERR
168;0.01;False;0.01;False;0.01;False;0.19;False;0.00016964499999999605;0.06;False;0.00015210799999999802;ERR;ERR;ERR;ERR;ERR;ERR
169;ERR;ERR;0.01;True;0.01;True;ERR;ERR;ERR;ERR;ERR;ERR;ERR;ERR;ERR;ERR;ERR;ERR
170;0.01;False;0.9;False;1.11;False;ERR;ERR;ERR;ERR;ERR;ERR;ERR;ERR;ERR;ERR;ERR;ERR
171;0.01;False;0.01;False;0.01;False;ERR;ERR;ERR;ERR;ERR;ERR;ERR;ERR;ERR;ERR;ERR;ERR
172;20.37;True;0.0;True;0.0;True;1.63;True;0.25219872;3.83;True;0.58436368;ERR;ERR;ERR;ERR;ERR;ERR
173;0.01;False;52.61;False;57.94;False;ERR;ERR;ERR;ERR;ERR;ERR;ERR;ERR;ERR;ERR;ERR;ERR
174;0.01;False;0.12;False;0.15;False;ERR;ERR;ERR;ERR;ERR;ERR;ERR;ERR;ERR;ERR;ERR;ERR
175;7.14;True;0.01;True;0.01;True;ERR;ERR;ERR;TO;TO;TO;ERR;ERR;ERR;ERR;ERR;ERR
176;0.02;False;0.0;False;0.01;False;ERR;ERR;ERR;ERR;ERR;ERR;ERR;ERR;ERR;ERR;ERR;ERR
177;0.02;False;0.01;False;0.01;False;TO;TO;TO;47.03;False;0.3161424090000011;ERR;ERR;ERR;ERR;ERR;ERR
178;0.01;True;0.01;False;0.0;False;ERR;ERR;ERR;ERR;ERR;ERR;ERR;ERR;ERR;ERR;ERR;ERR
179;0.01;False;0.01;True;0.0;True;5.56;True;0.28178403700000043;8.26;True;0.5484463180000008;ERR;ERR;ERR;ERR;ERR;ERR
180;ERR;ERR;0.01;False;0.01;False;ERR;ERR;ERR;ERR;ERR;ERR;ERR;ERR;ERR;ERR;ERR;ERR
181;0.01;False;TO;TO;0.01;False;ERR;ERR;ERR;ERR;ERR;ERR;ERR;ERR;ERR;ERR;ERR;ERR
182;0.01;False;0.01;False;0.01;False;ERR;ERR;ERR;ERR;ERR;ERR;ERR;ERR;ERR;ERR;ERR;ERR
183;TO;TO;58.05;True;0.45;True;ERR;ERR;ERR;ERR;ERR;ERR;ERR;ERR;ERR;ERR;ERR;ERR
184;TO;TO;0.01;True;0.0;True;35.09;True;20.576127089;42.92;True;39.006102252000005;ERR;ERR;ERR;ERR;ERR;ERR
185;0.01;False;0.06;False;0.06;False;0.44;False;0.05937277900000004;1.01;False;0.08529951499999999;ERR;ERR;ERR;ERR;ERR;ERR
186;TO;TO;0.01;True;0.01;True;TO;TO;TO;TO;TO;TO;ERR;ERR;ERR;ERR;ERR;ERR
187;0.01;False;0.01;True;0.01;True;5.55;True;0.3067165110000003;8.3;True;0.5758190259999996;ERR;ERR;ERR;ERR;ERR;ERR
188;TO;TO;0.01;True;0.0;True;0.39;True;0.35795968699999997;0.86;True;0.825172644;ERR;ERR;ERR;0.16;True;0.15860608918592334
189;0.01;False;0.19;False;0.01;False;TO;TO;TO;49.5;False;0.48863975899999446;ERR;ERR;ERR;ERR;ERR;ERR
190;0.01;False;0.01;False;0.01;False;ERR;ERR;ERR;ERR;ERR;ERR;ERR;ERR;ERR;ERR;ERR;ERR
191;0.01;False;0.01;False;0.01;False;ERR;ERR;ERR;ERR;ERR;ERR;ERR;ERR;ERR;ERR;ERR;ERR
192;ERR;ERR;0.0;True;0.0;True;TO;TO;TO;TO;TO;TO;ERR;ERR;ERR;ERR;ERR;ERR
193;0.01;False;0.01;False;0.01;False;TO;TO;TO;TO;TO;TO;ERR;ERR;ERR;ERR;ERR;ERR
194;0.02;False;0.01;False;0.01;False;ERR;ERR;ERR;ERR;ERR;ERR;ERR;ERR;ERR;ERR;ERR;ERR
195;0.01;False;0.02;False;0.03;False;ERR;ERR;ERR;ERR;ERR;ERR;ERR;ERR;ERR;ERR;ERR;ERR
196;ERR;ERR;0.02;False;0.02;False;ERR;ERR;ERR;ERR;ERR;ERR;ERR;ERR;ERR;ERR;ERR;ERR
197;0.01;False;0.01;False;0.01;False;ERR;ERR;ERR;ERR;ERR;ERR;ERR;ERR;ERR;ERR;ERR;ERR
198;ERR;ERR;0.0;True;0.01;True;ERR;ERR;ERR;ERR;ERR;ERR;ERR;ERR;ERR;ERR;ERR;ERR
199;0.0;False;0.47;False;0.02;False;ERR;ERR;ERR;ERR;ERR;ERR;ERR;ERR;ERR;ERR;ERR;ERR
200;0.01;False;0.0;False;0.01;False;ERR;ERR;ERR;ERR;ERR;ERR;ERR;ERR;ERR;ERR;ERR;ERR
201;0.01;False;1.06;False;0.0;False;TO;TO;TO;TO;TO;TO;ERR;ERR;ERR;ERR;ERR;ERR
202;4.08;False;2.01;False;0.01;False;1.71;False;0.14849533100000012;5.33;False;0.18052624999999978;ERR;ERR;ERR;ERR;ERR;ERR
203;0.01;False;0.01;False;0.01;False;ERR;ERR;ERR;ERR;ERR;ERR;ERR;ERR;ERR;ERR;ERR;ERR
204;0.01;True;0.0;True;0.01;True;2.92;True;0.20920852199999995;3.62;True;0.33186460900000014;ERR;ERR;ERR;ERR;ERR;ERR
205;0.02;False;0.01;False;0.01;False;ERR;ERR;ERR;ERR;ERR;ERR;ERR;ERR;ERR;ERR;ERR;ERR
206;0.01;False;0.72;False;1.75;False;ERR;ERR;ERR;ERR;ERR;ERR;ERR;ERR;ERR;ERR;ERR;ERR
207;0.01;True;0.01;True;0.01;True;0.29;True;0.0012661010000000195;0.15;True;0.0019932619999999956;ERR;ERR;ERR;ERR;ERR;ERR
208;ERR;ERR;0.0;True;0.01;True;TO;TO;TO;TO;TO;TO;ERR;ERR;ERR;ERR;ERR;ERR
209;0.38;False;0.01;False;0.01;False;0.23;False;0.194951161;0.2;False;0.169856114;ERR;ERR;ERR;ERR;ERR;ERR
210;0.01;False;0.02;False;0.01;False;8.81;False;0.3220388999999999;10.0;False;0.4650305020000003;ERR;ERR;ERR;ERR;ERR;ERR
211;ERR;ERR;0.0;False;0.01;False;17.52;False;0.14972915400000097;4.18;False;0.13004585899999999;ERR;ERR;ERR;ERR;ERR;ERR
212;TO;TO;TO;TO;ERR;ERR;TO;TO;TO;TO;TO;TO;ERR;ERR;ERR;ERR;ERR;ERR
213;0.04;True;0.0;True;0.01;True;1.41;True;0.21653425800000003;0.64;True;0.3468685;ERR;ERR;ERR;ERR;ERR;ERR
214;0.0;False;0.01;False;0.01;False;ERR;ERR;ERR;ERR;ERR;ERR;ERR;ERR;ERR;ERR;ERR;ERR
215;ERR;ERR;TO;TO;ERR;ERR;TO;TO;TO;TO;TO;TO;ERR;ERR;ERR;ERR;ERR;ERR
216;0.01;False;0.01;False;0.01;False;ERR;ERR;ERR;ERR;ERR;ERR;ERR;ERR;ERR;ERR;ERR;ERR
217;0.01;False;0.01;False;0.01;False;ERR;ERR;ERR;ERR;ERR;ERR;ERR;ERR;ERR;ERR;ERR;ERR
218;0.01;False;0.01;True;0.0;True;14.08;True;0.38648672599999934;20.75;True;0.6561231210000003;ERR;ERR;ERR;ERR;ERR;ERR
219;0.37;True;0.01;True;0.01;True;ERR;ERR;ERR;ERR;ERR;ERR;ERR;ERR;ERR;ERR;ERR;ERR
220;0.0;False;2.61;False;4.51;False;0.44;False;0.367449933;0.36;False;0.32328164600000003;ERR;ERR;ERR;ERR;ERR;ERR
221;0.01;False;0.01;False;0.01;False;1.49;False;5.840799999989876e-05;0.3;False;4.1722999999993515e-05;ERR;ERR;ERR;ERR;ERR;ERR
222;0.0;False;0.0;True;0.01;True;19.47;True;0.2524156459999993;29.97;True;0.4439900690000016;ERR;ERR;ERR;ERR;ERR;ERR
223;ERR;ERR;0.0;False;0.01;False;ERR;ERR;ERR;ERR;ERR;ERR;ERR;ERR;ERR;ERR;ERR;ERR
224;0.02;True;0.01;True;0.0;True;ERR;ERR;ERR;ERR;ERR;ERR;ERR;ERR;ERR;ERR;ERR;ERR
225;ERR;ERR;0.0;False;0.01;False;ERR;ERR;ERR;ERR;ERR;ERR;ERR;ERR;ERR;ERR;ERR;ERR
226;0.02;False;0.0;False;0.0;False;0.03;False;3.601400000000088e-05;0.04;False;3.861800000000415e-05;ERR;ERR;ERR;ERR;ERR;ERR
227;0.01;True;0.01;False;0.0;False;ERR;ERR;ERR;ERR;ERR;ERR;ERR;ERR;ERR;ERR;ERR;ERR
228;0.02;False;0.01;True;0.0;True;6.28;True;0.21704392200000022;9.62;True;0.3808601810000001;ERR;ERR;ERR;ERR;ERR;ERR
229;TO;TO;0.01;True;0.01;True;ERR;ERR;ERR;ERR;ERR;ERR;ERR;ERR;ERR;ERR;ERR;ERR
230;23.83;True;0.01;True;0.01;True;0.34;True;0.29603592;0.66;True;0.569372518;ERR;ERR;ERR;ERR;ERR;ERR
231;ERR;ERR;0.01;True;0.01;True;ERR;ERR;ERR;ERR;ERR;ERR;ERR;ERR;ERR;ERR;ERR;ERR
232;0.01;False;TO;TO;0.0;False;3.27;False;0.16009501199999976;4.02;False;0.3762213280000002;ERR;ERR;ERR;ERR;ERR;ERR
233;0.01;False;26.02;False;37.76;False;ERR;ERR;ERR;ERR;ERR;ERR;ERR;ERR;ERR;ERR;ERR;ERR
234;0.02;False;0.13;False;0.05;False;ERR;ERR;ERR;ERR;ERR;ERR;ERR;ERR;ERR;ERR;ERR;ERR
235;0.01;False;0.01;True;0.01;True;0.33;True;0.031362796000000026;0.31;True;0.11481477799999998;ERR;ERR;ERR;ERR;ERR;ERR
236;0.01;False;0.01;False;0.0;False;ERR;ERR;ERR;ERR;ERR;ERR;ERR;ERR;ERR;ERR;ERR;ERR
237;0.0;False;TO;TO;0.01;False;13.88;False;0.18024065100000008;2.34;False;0.323236128;ERR;ERR;ERR;ERR;ERR;ERR
238;0.01;False;25.59;False;36.03;False;ERR;ERR;ERR;ERR;ERR;ERR;ERR;ERR;ERR;ERR;ERR;ERR
239;0.01;False;0.01;False;0.01;False;13.99;False;0.0002800500000006423;TO;TO;TO;ERR;ERR;ERR;ERR;ERR;ERR
240;0.0;False;0.01;False;0.01;False;ERR;ERR;ERR;ERR;ERR;ERR;ERR;ERR;ERR;ERR;ERR;ERR
241;0.02;True;0.01;False;0.01;False;TO;TO;TO;TO;TO;TO;ERR;ERR;ERR;ERR;ERR;ERR
242;0.0;False;0.01;False;ERR;ERR;ERR;ERR;ERR;ERR;ERR;ERR;ERR;ERR;ERR;ERR;ERR;ERR
243;0.01;False;0.07;False;0.04;False;0.44;False;0.305421627;0.34;False;0.273998582;ERR;ERR;ERR;ERR;ERR;ERR
244;TO;TO;TO;TO;ERR;ERR;0.17;False;0.127180127;0.23;False;0.19921431;ERR;ERR;ERR;0.06;False;0.060294533148407936
245;ERR;ERR;TO;TO;4.91;False;ERR;ERR;ERR;ERR;ERR;ERR;ERR;ERR;ERR;ERR;ERR;ERR
246;0.01;False;0.01;False;0.01;False;1.36;False;0.18775765399999989;1.73;False;0.26775147500000007;ERR;ERR;ERR;ERR;ERR;ERR
247;ERR;ERR;0.01;True;0.01;True;0.52;False;0.16262996700000004;1.29;False;0.16294983800000007;ERR;ERR;ERR;ERR;ERR;ERR
248;ERR;ERR;0.01;False;ERR;ERR;ERR;ERR;ERR;ERR;ERR;ERR;ERR;ERR;ERR;ERR;ERR;ERR
249;0.01;False;0.44;False;0.54;False;ERR;ERR;ERR;ERR;ERR;ERR;ERR;ERR;ERR;ERR;ERR;ERR
250;ERR;ERR;0.01;False;0.01;False;0.04;False;4.8733999999994726e-05;0.04;False;2.3525000000003404e-05;ERR;ERR;ERR;ERR;ERR;ERR
251;0.01;False;0.01;False;0.01;False;ERR;ERR;ERR;ERR;ERR;ERR;ERR;ERR;ERR;ERR;ERR;ERR
252;0.02;False;3.2;False;4.46;False;ERR;ERR;ERR;ERR;ERR;ERR;ERR;ERR;ERR;ERR;ERR;ERR
253;ERR;ERR;0.0;False;0.01;False;11.09;False;0.002013863000000171;2.74;False;0.001693171999999965;ERR;ERR;ERR;ERR;ERR;ERR
254;ERR;ERR;0.01;True;0.0;True;TO;TO;TO;TO;TO;TO;ERR;ERR;ERR;ERR;ERR;ERR
255;0.01;False;0.0;False;0.01;False;2.05;False;0.15306151499999987;0.8;False;0.13859342899999993;ERR;ERR;ERR;ERR;ERR;ERR
256;0.01;True;0.0;True;0.0;True;ERR;ERR;ERR;ERR;ERR;ERR;ERR;ERR;ERR;ERR;ERR;ERR
257;0.16;True;0.01;True;0.01;True;ERR;ERR;ERR;ERR;ERR;ERR;ERR;ERR;ERR;ERR;ERR;ERR
258;ERR;ERR;0.01;False;0.01;False;ERR;ERR;ERR;ERR;ERR;ERR;ERR;ERR;ERR;ERR;ERR;ERR
259;0.01;False;0.01;False;0.01;False;ERR;ERR;ERR;ERR;ERR;ERR;ERR;ERR;ERR;ERR;ERR;ERR
260;0.0;False;0.01;False;0.01;False;ERR;ERR;ERR;ERR;ERR;ERR;ERR;ERR;ERR;ERR;ERR;ERR
261;0.02;False;0.01;True;0.01;True;ERR;ERR;ERR;ERR;ERR;ERR;ERR;ERR;ERR;ERR;ERR;ERR
262;0.0;False;0.01;False;0.01;False;TO;TO;TO;TO;TO;TO;ERR;ERR;ERR;ERR;ERR;ERR
263;ERR;ERR;0.0;True;0.0;True;ERR;ERR;ERR;ERR;ERR;ERR;ERR;ERR;ERR;ERR;ERR;ERR
264;TO;TO;0.0;True;0.01;True;ERR;ERR;ERR;ERR;ERR;ERR;ERR;ERR;ERR;ERR;ERR;ERR
265;0.01;False;0.01;False;0.01;False;ERR;ERR;ERR;ERR;ERR;ERR;ERR;ERR;ERR;ERR;ERR;ERR
266;ERR;ERR;0.01;True;0.01;True;ERR;ERR;ERR;ERR;ERR;ERR;ERR;ERR;ERR;ERR;ERR;ERR
267;0.01;False;0.0;False;0.0;False;ERR;ERR;ERR;ERR;ERR;ERR;ERR;ERR;ERR;ERR;ERR;ERR
268;0.02;False;4.85;False;0.01;False;0.29;False;0.06913254799999999;1.55;False;0.13545470800000015;ERR;ERR;ERR;ERR;ERR;ERR
269;0.01;False;0.01;False;0.01;False;ERR;ERR;ERR;ERR;ERR;ERR;ERR;ERR;ERR;ERR;ERR;ERR
270;0.01;False;0.0;False;0.01;False;7.72;False;0.09690707700000001;3.12;False;0.09116716199999964;ERR;ERR;ERR;ERR;ERR;ERR
271;0.01;False;0.0;False;0.01;False;ERR;ERR;ERR;ERR;ERR;ERR;ERR;ERR;ERR;ERR;ERR;ERR
272;0.01;False;0.1;False;0.01;False;TO;TO;TO;TO;TO;TO;ERR;ERR;ERR;ERR;ERR;ERR
273;0.0;False;0.02;False;0.02;False;10.03;False;0.19028829400000014;13.03;False;0.19199687699999934;ERR;ERR;ERR;ERR;ERR;ERR
274;0.01;False;0.01;True;0.01;True;ERR;ERR;ERR;ERR;ERR;ERR;ERR;ERR;ERR;ERR;ERR;ERR
275;0.01;False;0.0;False;0.01;False;ERR;ERR;ERR;ERR;ERR;ERR;ERR;ERR;ERR;ERR;ERR;ERR
276;0.01;False;0.01;False;0.01;False;ERR;ERR;ERR;ERR;ERR;ERR;ERR;ERR;ERR;ERR;ERR;ERR
277;0.01;False;0.01;False;0.01;False;ERR;ERR;ERR;ERR;ERR;ERR;ERR;ERR;ERR;ERR;ERR;ERR
278;0.01;False;0.0;True;0.01;True;ERR;ERR;ERR;ERR;ERR;ERR;ERR;ERR;ERR;ERR;ERR;ERR
279;0.02;False;0.0;False;0.01;False;ERR;ERR;ERR;ERR;ERR;ERR;ERR;ERR;ERR;ERR;ERR;ERR
280;0.01;False;0.01;False;0.0;False;ERR;ERR;ERR;ERR;ERR;ERR;ERR;ERR;ERR;ERR;ERR;ERR
281;0.0;False;0.44;False;1.03;False;ERR;ERR;ERR;ERR;ERR;ERR;ERR;ERR;ERR;ERR;ERR;ERR
282;0.02;False;0.0;False;0.01;False;18.9;False;0.09785643300000046;45.7;False;0.13165773799999414;ERR;ERR;ERR;ERR;ERR;ERR
283;ERR;ERR;0.01;True;0.01;True;TO;TO;TO;TO;TO;TO;ERR;ERR;ERR;ERR;ERR;ERR
284;0.01;False;0.01;False;0.0;False;ERR;ERR;ERR;ERR;ERR;ERR;ERR;ERR;ERR;ERR;ERR;ERR
285;0.0;False;TO;TO;0.01;False;ERR;ERR;ERR;ERR;ERR;ERR;ERR;ERR;ERR;ERR;ERR;ERR
286;ERR;ERR;TO;TO;0.0;False;ERR;ERR;ERR;ERR;ERR;ERR;ERR;ERR;ERR;ERR;ERR;ERR
287;ERR;ERR;0.0;False;0.01;False;1.69;False;0.18131164899999996;1.25;False;0.1565450839999999;ERR;ERR;ERR;ERR;ERR;ERR
288;32.61;True;0.0;True;0.0;True;1.83;True;0.41710631600000014;TO;TO;TO;ERR;ERR;ERR;ERR;ERR;ERR
289;ERR;ERR;0.0;True;0.01;True;0.18;True;0.14036653;0.51;True;0.462748636;ERR;ERR;ERR;ERR;ERR;ERR
290;0.01;False;0.01;False;0.01;False;ERR;ERR;ERR;ERR;ERR;ERR;ERR;ERR;ERR;ERR;ERR;ERR
291;0.01;False;0.01;False;0.01;False;ERR;ERR;ERR;ERR;ERR;ERR;ERR;ERR;ERR;ERR;ERR;ERR
292;0.01;False;0.01;False;0.0;False;ERR;ERR;ERR;ERR;ERR;ERR;ERR;ERR;ERR;ERR;ERR;ERR
293;0.01;False;0.01;False;0.01;False;ERR;ERR;ERR;ERR;ERR;ERR;ERR;ERR;ERR;ERR;ERR;ERR
294;0.01;False;0.01;False;0.01;False;ERR;ERR;ERR;ERR;ERR;ERR;ERR;ERR;ERR;ERR;ERR;ERR
295;0.01;False;0.01;False;0.01;False;0.15;False;0.101538369;0.12;False;0.084851121;ERR;ERR;ERR;ERR;ERR;ERR
296;0.01;False;TO;TO;ERR;ERR;ERR;ERR;ERR;ERR;ERR;ERR;ERR;ERR;ERR;ERR;ERR;ERR
297;0.01;False;0.01;False;0.01;False;ERR;ERR;ERR;ERR;ERR;ERR;ERR;ERR;ERR;ERR;ERR;ERR
298;0.02;False;0.0;True;0.01;True;TO;TO;TO;TO;TO;TO;ERR;ERR;ERR;ERR;ERR;ERR
299;0.01;True;0.01;False;0.01;False;ERR;ERR;ERR;ERR;ERR;ERR;ERR;ERR;ERR;ERR;ERR;ERR
300;0.01;True;0.01;True;0.01;True;ERR;ERR;ERR;ERR;ERR;ERR;ERR;ERR;ERR;ERR;ERR;ERR
301;0.01;False;0.01;False;0.0;False;2.79;False;0.19457112100000007;TO;TO;TO;ERR;ERR;ERR;ERR;ERR;ERR
302;0.01;False;0.01;False;0.0;False;ERR;ERR;ERR;ERR;ERR;ERR;ERR;ERR;ERR;ERR;ERR;ERR
303;TO;TO;TO;TO;4.7;True;ERR;ERR;ERR;ERR;ERR;ERR;ERR;ERR;ERR;ERR;ERR;ERR
304;0.01;False;TO;TO;ERR;ERR;0.23;False;0.173106762;0.21;False;0.168856403;ERR;ERR;ERR;ERR;ERR;ERR
305;0.15;True;0.01;True;0.01;True;ERR;ERR;ERR;ERR;ERR;ERR;ERR;ERR;ERR;ERR;ERR;ERR
306;TO;TO;0.0;True;0.01;True;3.37;True;1.536837804;8.74;True;5.927695871;ERR;ERR;ERR;ERR;ERR;ERR
307;0.01;False;0.0;False;0.01;False;2.08;False;0.06358531200000006;0.86;False;0.06615835400000003;ERR;ERR;ERR;ERR;ERR;ERR
308;0.01;False;TO;TO;0.01;False;0.72;False;0.0005410319999999968;5.76;False;0.0009225250000000074;ERR;ERR;ERR;ERR;ERR;ERR
309;0.01;False;0.01;True;0.01;True;ERR;ERR;ERR;ERR;ERR;ERR;ERR;ERR;ERR;ERR;ERR;ERR
310;0.01;False;0.0;False;0.0;False;1.65;False;0.20269983199999997;1.95;False;0.27385193100000005;ERR;ERR;ERR;ERR;ERR;ERR
311;0.11;True;0.01;True;0.01;True;ERR;ERR;ERR;ERR;ERR;ERR;ERR;ERR;ERR;ERR;ERR;ERR
312;0.0;False;0.86;False;0.01;False;ERR;ERR;ERR;ERR;ERR;ERR;ERR;ERR;ERR;ERR;ERR;ERR
313;0.01;False;0.01;False;0.0;False;ERR;ERR;ERR;ERR;ERR;ERR;ERR;ERR;ERR;ERR;ERR;ERR
314;0.22;True;0.01;True;0.01;True;0.06;True;0.027202451000000002;0.06;True;0.043654324999999994;ERR;ERR;ERR;ERR;ERR;ERR
315;1.73;True;0.01;True;0.01;True;0.23;True;0.121767943;0.96;True;0.19499713099999993;ERR;ERR;ERR;ERR;ERR;ERR
316;0.01;False;40.46;False;2.56;False;ERR;ERR;ERR;ERR;ERR;ERR;ERR;ERR;ERR;ERR;ERR;ERR
317;0.01;False;TO;TO;TO;TO;ERR;ERR;ERR;ERR;ERR;ERR;ERR;ERR;ERR;ERR;ERR;ERR
318;0.01;False;58.05;True;0.47;True;ERR;ERR;ERR;ERR;ERR;ERR;ERR;ERR;ERR;ERR;ERR;ERR
319;0.01;False;58.87;True;0.64;True;ERR;ERR;ERR;ERR;ERR;ERR;ERR;ERR;ERR;ERR;ERR;ERR
320;3.27;True;0.0;True;0.01;True;2.95;True;0.5072866569999999;78.29;True;1.6312656200000077;ERR;ERR;ERR;ERR;ERR;ERR
321;0.01;False;0.01;True;0.01;True;ERR;ERR;ERR;ERR;ERR;ERR;ERR;ERR;ERR;ERR;ERR;ERR
322;0.02;False;0.0;True;0.01;True;0.13;True;0.054263969999999995;2.17;True;1.010935615;ERR;ERR;ERR;ERR;ERR;ERR
323;0.02;False;0.01;True;0.0;True;ERR;ERR;ERR;ERR;ERR;ERR;ERR;ERR;ERR;ERR;ERR;ERR
324;0.02;False;0.01;False;0.01;False;ERR;ERR;ERR;ERR;ERR;ERR;ERR;ERR;ERR;ERR;ERR;ERR
325;0.01;True;0.01;True;0.01;True;ERR;ERR;ERR;ERR;ERR;ERR;ERR;ERR;ERR;ERR;ERR;ERR
326;ERR;ERR;0.01;False;0.01;False;2.79;False;0.2253215179999999;2.75;False;0.2906470720000003;ERR;ERR;ERR;ERR;ERR;ERR
327;0.01;False;0.01;False;0.01;False;0.19;False;9.51120000000083e-05;0.07;False;6.418699999999333e-05;ERR;ERR;ERR;ERR;ERR;ERR
328;0.01;False;0.0;False;0.01;False;ERR;ERR;ERR;ERR;ERR;ERR;ERR;ERR;ERR;ERR;ERR;ERR
329;0.0;False;0.01;False;0.0;False;ERR;ERR;ERR;ERR;ERR;ERR;ERR;ERR;ERR;ERR;ERR;ERR
330;0.02;False;0.0;False;0.01;False;ERR;ERR;ERR;ERR;ERR;ERR;ERR;ERR;ERR;ERR;ERR;ERR
331;0.0;False;0.0;True;0.0;True;1.34;True;0.33834588599999993;2.54;True;0.6416594109999998;ERR;ERR;ERR;ERR;ERR;ERR
332;0.01;False;0.01;False;0.01;False;0.78;False;0.12922853199999995;13.18;False;0.13245292200000058;ERR;ERR;ERR;ERR;ERR;ERR
333;0.01;False;TO;TO;0.02;False;ERR;ERR;ERR;ERR;ERR;ERR;ERR;ERR;ERR;ERR;ERR;ERR
334;0.0;False;11.24;False;0.01;False;ERR;ERR;ERR;ERR;ERR;ERR;ERR;ERR;ERR;ERR;ERR;ERR
335;0.01;True;0.01;True;0.01;True;ERR;ERR;ERR;ERR;ERR;ERR;ERR;ERR;ERR;ERR;ERR;ERR
336;0.01;False;0.01;False;0.01;False;ERR;ERR;ERR;ERR;ERR;ERR;ERR;ERR;ERR;ERR;ERR;ERR
337;0.01;False;0.01;False;0.01;False;0.46;False;0.05615325600000004;0.96;False;0.05535058100000001;ERR;ERR;ERR;ERR;ERR;ERR
338;ERR;ERR;0.01;True;0.01;True;ERR;ERR;ERR;ERR;ERR;ERR;ERR;ERR;ERR;ERR;ERR;ERR
339;0.02;False;0.0;True;0.01;True;4.64;True;0.265757362;7.68;True;0.5468727859999998;ERR;ERR;ERR;ERR;ERR;ERR
340;0.01;False;0.14;False;0.01;False;0.71;False;0.09144164399999999;0.39;False;0.11432360999999999;ERR;ERR;ERR;ERR;ERR;ERR
341;0.01;False;0.93;False;0.01;False;ERR;ERR;ERR;ERR;ERR;ERR;ERR;ERR;ERR;ERR;ERR;ERR
342;ERR;ERR;0.01;False;0.01;False;ERR;ERR;ERR;ERR;ERR;ERR;ERR;ERR;ERR;ERR;ERR;ERR
343;0.01;False;0.01;False;0.01;False;ERR;ERR;ERR;ERR;ERR;ERR;ERR;ERR;ERR;ERR;ERR;ERR
344;0.01;False;0.42;False;0.01;False;TO;TO;TO;TO;TO;TO;ERR;ERR;ERR;ERR;ERR;ERR
345;0.01;False;TO;TO;TO;TO;ERR;ERR;ERR;ERR;ERR;ERR;ERR;ERR;ERR;ERR;ERR;ERR
346;0.84;True;0.01;True;0.0;True;0.4;True;0.325734297;0.33;True;0.288646639;ERR;ERR;ERR;ERR;ERR;ERR
347;0.01;False;0.01;False;0.0;False;0.63;False;0.07024782200000002;1.38;False;0.06659476900000016;ERR;ERR;ERR;ERR;ERR;ERR
348;0.02;False;0.0;False;0.0;False;5.26;False;0.16106411799999965;89.0;False;0.19441626799999767;ERR;ERR;ERR;ERR;ERR;ERR
349;ERR;ERR;0.01;True;0.01;True;ERR;ERR;ERR;ERR;ERR;ERR;ERR;ERR;ERR;ERR;ERR;ERR
350;0.01;False;0.01;False;0.01;False;0.06;False;2.6680000000001147e-05;0.05;False;2.6669999999999472e-05;ERR;ERR;ERR;ERR;ERR;ERR
351;ERR;ERR;0.0;False;0.01;False;TO;TO;TO;TO;TO;TO;ERR;ERR;ERR;ERR;ERR;ERR
352;0.01;False;0.01;False;0.01;False;TO;TO;TO;TO;TO;TO;ERR;ERR;ERR;ERR;ERR;ERR
353;0.01;False;0.09;False;0.01;False;ERR;ERR;ERR;ERR;ERR;ERR;ERR;ERR;ERR;ERR;ERR;ERR
354;0.01;True;0.01;True;0.0;True;0.55;True;0.14364687399999998;58.85;True;4.048342482999999;ERR;ERR;ERR;ERR;ERR;ERR
355;10.92;True;0.01;True;0.01;True;0.88;True;0.456607068;4.04;True;2.3018670520000004;ERR;ERR;ERR;ERR;ERR;ERR
356;ERR;ERR;0.01;False;0.01;False;ERR;ERR;ERR;ERR;ERR;ERR;ERR;ERR;ERR;ERR;ERR;ERR
357;0.0;False;0.0;False;0.01;False;43.38;False;0.8712469019999958;TO;TO;TO;ERR;ERR;ERR;ERR;ERR;ERR
358;0.01;False;5.22;False;0.01;False;ERR;ERR;ERR;ERR;ERR;ERR;ERR;ERR;ERR;ERR;ERR;ERR
359;0.02;True;0.01;True;0.01;True;0.8;True;0.08941613400000004;1.43;True;0.32870581799999987;ERR;ERR;ERR;ERR;ERR;ERR
360;0.01;False;0.01;False;0.01;False;8.02;False;0.2780264379999995;TO;TO;TO;ERR;ERR;ERR;ERR;ERR;ERR
361;0.02;False;0.01;False;0.01;False;ERR;ERR;ERR;ERR;ERR;ERR;ERR;ERR;ERR;ERR;ERR;ERR
362;0.0;False;0.74;False;0.08;False;ERR;ERR;ERR;ERR;ERR;ERR;ERR;ERR;ERR;ERR;ERR;ERR
363;0.02;False;0.06;False;0.4;False;ERR;ERR;ERR;ERR;ERR;ERR;ERR;ERR;ERR;ERR;ERR;ERR
364;0.01;False;0.01;True;0.01;True;19.23;True;0.2948437900000016;11.9;True;0.5501132690000006;ERR;ERR;ERR;ERR;ERR;ERR
365;ERR;ERR;0.01;True;0.01;True;ERR;ERR;ERR;ERR;ERR;ERR;ERR;ERR;ERR;ERR;ERR;ERR
366;0.01;False;0.0;True;0.01;True;7.06;True;0.3033131830000002;9.54;True;0.5851353789999996;ERR;ERR;ERR;ERR;ERR;ERR
367;0.01;False;0.69;False;0.01;False;ERR;ERR;ERR;ERR;ERR;ERR;ERR;ERR;ERR;ERR;ERR;ERR
368;0.0;False;48.55;False;2.51;False;ERR;ERR;ERR;ERR;ERR;ERR;ERR;ERR;ERR;ERR;ERR;ERR
369;0.01;False;0.0;False;0.01;False;TO;TO;TO;TO;TO;TO;ERR;ERR;ERR;ERR;ERR;ERR
370;0.0;False;0.01;True;0.01;True;9.33;True;0.21768298199999947;15.68;True;0.3956240320000006;ERR;ERR;ERR;ERR;ERR;ERR
371;ERR;ERR;0.0;False;0.01;False;ERR;ERR;ERR;ERR;ERR;ERR;ERR;ERR;ERR;ERR;ERR;ERR
372;0.01;False;0.01;True;0.01;True;6.62;True;0.20651106400000074;10.78;True;0.3947565289999986;ERR;ERR;ERR;ERR;ERR;ERR
373;0.0;False;0.01;False;0.01;False;ERR;ERR;ERR;ERR;ERR;ERR;ERR;ERR;ERR;ERR;ERR;ERR
374;0.01;False;0.01;False;0.01;False;0.75;False;0.21509412599999994;0.3;False;0.18928926299999999;ERR;ERR;ERR;ERR;ERR;ERR
375;0.01;False;0.01;False;0.0;False;ERR;ERR;ERR;ERR;ERR;ERR;ERR;ERR;ERR;ERR;ERR;ERR
376;ERR;ERR;0.0;False;0.01;False;ERR;ERR;ERR;ERR;ERR;ERR;ERR;ERR;ERR;ERR;ERR;ERR
377;0.01;False;0.01;False;0.01;False;ERR;ERR;ERR;ERR;ERR;ERR;ERR;ERR;ERR;ERR;ERR;ERR
378;0.12;True;0.01;True;0.01;True;ERR;ERR;ERR;ERR;ERR;ERR;ERR;ERR;ERR;ERR;ERR;ERR
379;ERR;ERR;0.01;True;0.01;True;ERR;ERR;ERR;ERR;ERR;ERR;ERR;ERR;ERR;ERR;ERR;ERR
380;0.02;False;0.01;False;0.01;False;83.82;False;0.24233191999999804;TO;TO;TO;ERR;ERR;ERR;ERR;ERR;ERR
381;0.48;True;0.01;False;0.01;False;ERR;ERR;ERR;ERR;ERR;ERR;ERR;ERR;ERR;ERR;ERR;ERR
382;0.01;False;0.0;False;0.01;False;ERR;ERR;ERR;ERR;ERR;ERR;ERR;ERR;ERR;ERR;ERR;ERR
383;0.01;False;0.01;False;0.01;False;0.36;False;0.25174418899999995;0.49;False;0.221219741;ERR;ERR;ERR;ERR;ERR;ERR
384;87.26;True;0.01;True;0.01;True;0.5;True;0.45965006399999997;0.46;True;0.43185158;ERR;ERR;ERR;ERR;ERR;ERR
385;0.01;False;0.69;False;0.01;False;ERR;ERR;ERR;ERR;ERR;ERR;ERR;ERR;ERR;ERR;ERR;ERR
386;5.39;False;TO;TO;0.01;False;ERR;ERR;ERR;ERR;ERR;ERR;ERR;ERR;ERR;ERR;ERR;ERR
387;0.01;False;0.0;True;0.01;True;32.66;True;0.2499095639999993;55.77;True;0.41722382200000396;ERR;ERR;ERR;ERR;ERR;ERR
388;0.01;False;0.11;False;0.38;False;0.61;False;0.17980524800000003;0.66;False;0.215473747;ERR;ERR;ERR;ERR;ERR;ERR
389;ERR;ERR;0.01;False;0.01;False;TO;TO;TO;TO;TO;TO;ERR;ERR;ERR;ERR;ERR;ERR
390;0.01;False;0.01;False;0.01;False;ERR;ERR;ERR;ERR;ERR;ERR;ERR;ERR;ERR;ERR;ERR;ERR
391;16.64;True;0.01;True;0.01;True;0.2;True;0.177265586;0.18;True;0.154561967;ERR;ERR;ERR;ERR;ERR;ERR
392;0.0;True;0.01;False;0.01;False;ERR;ERR;ERR;ERR;ERR;ERR;ERR;ERR;ERR;ERR;ERR;ERR
393;0.01;False;0.01;False;0.0;False;ERR;ERR;ERR;ERR;ERR;ERR;ERR;ERR;ERR;ERR;ERR;ERR
394;0.01;False;0.05;False;0.01;False;ERR;ERR;ERR;ERR;ERR;ERR;ERR;ERR;ERR;ERR;ERR;ERR
395;0.01;False;0.01;True;0.0;True;3.83;True;0.29078835299999994;2.65;True;0.3690769639999998;ERR;ERR;ERR;ERR;ERR;ERR
396;0.01;False;0.0;False;0.01;False;ERR;ERR;ERR;ERR;ERR;ERR;ERR;ERR;ERR;ERR;ERR;ERR
397;0.01;False;0.01;False;0.0;False;ERR;ERR;ERR;ERR;ERR;ERR;ERR;ERR;ERR;ERR;ERR;ERR
398;0.02;False;0.0;False;0.01;False;0.03;False;6.298400000000204e-05;0.09;False;9.194799999999448e-05;ERR;ERR;ERR;ERR;ERR;ERR
399;ERR;ERR;0.01;False;0.01;False;ERR;ERR;ERR;ERR;ERR;ERR;ERR;ERR;ERR;ERR;ERR;ERR
400;0.0;False;0.88;False;2.1;False;ERR;ERR;ERR;ERR;ERR;ERR;ERR;ERR;ERR;ERR;ERR;ERR
401;0.01;False;TO;TO;ERR;ERR;0.42;False;0.08832579700000004;3.36;False;0.20726528500000008;ERR;ERR;ERR;ERR;ERR;ERR
402;ERR;ERR;0.01;False;0.01;False;ERR;ERR;ERR;ERR;ERR;ERR;ERR;ERR;ERR;ERR;ERR;ERR
403;0.02;False;1.47;False;0.01;False;TO;TO;TO;TO;TO;TO;ERR;ERR;ERR;ERR;ERR;ERR
404;0.01;True;0.01;False;0.0;False;ERR;ERR;ERR;ERR;ERR;ERR;ERR;ERR;ERR;ERR;ERR;ERR
405;0.0;False;0.01;False;0.01;False;ERR;ERR;ERR;ERR;ERR;ERR;ERR;ERR;ERR;ERR;ERR;ERR
406;ERR;ERR;0.01;False;ERR;ERR;TO;TO;TO;TO;TO;TO;ERR;ERR;ERR;ERR;ERR;ERR
407;ERR;ERR;2.81;False;0.01;False;2.04;False;0.21719672200000018;11.67;False;0.3111039059999996;ERR;ERR;ERR;ERR;ERR;ERR
408;0.32;True;0.01;True;0.01;True;1.48;True;0.37807310800000005;1.27;True;0.5783674809999999;ERR;ERR;ERR;ERR;ERR;ERR
409;0.0;False;0.07;False;0.09;False;TO;TO;TO;TO;TO;TO;ERR;ERR;ERR;ERR;ERR;ERR
410;ERR;ERR;0.42;False;0.01;False;ERR;ERR;ERR;ERR;ERR;ERR;ERR;ERR;ERR;ERR;ERR;ERR
411;TO;TO;0.0;True;0.0;True;0.75;True;0.19276848599999996;4.89;True;1.4211895769999998;ERR;ERR;ERR;ERR;ERR;ERR
412;0.01;False;0.0;False;0.01;False;TO;TO;TO;TO;TO;TO;ERR;ERR;ERR;ERR;ERR;ERR
413;0.01;False;3.34;False;ERR;ERR;ERR;ERR;ERR;ERR;ERR;ERR;ERR;ERR;ERR;ERR;ERR;ERR
414;0.01;False;0.02;False;0.01;False;72.98;False;0.27209343199999125;23.76;False;0.3834455709999993;ERR;ERR;ERR;ERR;ERR;ERR
415;0.01;False;0.01;False;0.01;False;0.08;False;7.271999999999834e-05;0.09;False;6.83130000000004e-05;ERR;ERR;ERR;ERR;ERR;ERR
416;0.02;False;0.01;False;0.01;False;ERR;ERR;ERR;ERR;ERR;ERR;ERR;ERR;ERR;ERR;ERR;ERR
417;ERR;ERR;0.01;False;0.0;False;ERR;ERR;ERR;ERR;ERR;ERR;ERR;ERR;ERR;ERR;ERR;ERR
418;0.01;False;0.01;True;0.0;True;ERR;ERR;ERR;ERR;ERR;ERR;ERR;ERR;ERR;ERR;ERR;ERR
419;45.79;True;0.0;True;0.01;True;ERR;ERR;ERR;ERR;ERR;ERR;ERR;ERR;ERR;ERR;ERR;ERR
420;0.01;False;0.0;False;0.0;False;ERR;ERR;ERR;ERR;ERR;ERR;ERR;ERR;ERR;ERR;ERR;ERR
421;0.01;False;0.11;False;0.01;False;ERR;ERR;ERR;ERR;ERR;ERR;ERR;ERR;ERR;ERR;ERR;ERR
422;0.01;False;0.44;False;0.09;False;ERR;ERR;ERR;ERR;ERR;ERR;ERR;ERR;ERR;ERR;ERR;ERR
423;0.02;False;0.01;False;0.01;False;1.84;False;0.2178155610000001;37.46;False;0.20311293199999625;ERR;ERR;ERR;ERR;ERR;ERR
424;0.01;False;0.01;False;0.0;False;ERR;ERR;ERR;ERR;ERR;ERR;ERR;ERR;ERR;ERR;ERR;ERR
425;0.01;False;0.01;False;0.01;False;ERR;ERR;ERR;ERR;ERR;ERR;ERR;ERR;ERR;ERR;ERR;ERR
426;0.01;False;2.21;False;0.01;False;ERR;ERR;ERR;ERR;ERR;ERR;ERR;ERR;ERR;ERR;ERR;ERR
427;0.01;False;0.01;True;0.01;True;20.19;True;0.2931873540000005;27.38;True;0.4704186589999999;ERR;ERR;ERR;ERR;ERR;ERR
428;0.0;False;0.01;True;0.01;True;0.21;True;0.14183876;0.25;True;0.21011210799999996;ERR;ERR;ERR;ERR;ERR;ERR
429;19.21;True;0.0;True;0.01;True;0.09;True;0.058746417999999995;0.08;True;0.05309782;ERR;ERR;ERR;ERR;ERR;ERR
430;ERR;ERR;0.01;True;0.01;True;ERR;ERR;ERR;ERR;ERR;ERR;ERR;ERR;ERR;ERR;ERR;ERR
431;0.01;False;38.47;False;51.54;False;ERR;ERR;ERR;ERR;ERR;ERR;ERR;ERR;ERR;ERR;ERR;ERR
432;0.01;False;0.0;False;0.01;False;ERR;ERR;ERR;ERR;ERR;ERR;ERR;ERR;ERR;ERR;ERR;ERR
433;0.01;False;0.86;False;0.01;False;7.39;False;0.07237370300000023;1.45;False;0.1657343469999999;ERR;ERR;ERR;ERR;ERR;ERR
434;0.01;False;TO;TO;0.01;False;ERR;ERR;ERR;ERR;ERR;ERR;ERR;ERR;ERR;ERR;ERR;ERR
435;0.01;False;0.0;False;0.01;False;10.3;False;0.10779653200000006;14.46;False;0.09477650900000079;ERR;ERR;ERR;ERR;ERR;ERR
436;88.82;False;2.18;False;4.02;False;ERR;ERR;ERR;ERR;ERR;ERR;ERR;ERR;ERR;ERR;ERR;ERR
437;0.01;False;0.01;True;0.01;True;46.63;True;0.7297815430000014;TO;TO;TO;ERR;ERR;ERR;ERR;ERR;ERR
438;0.01;False;0.03;False;0.01;False;TO;TO;TO;46.05;False;0.15710057799999788;ERR;ERR;ERR;ERR;ERR;ERR
439;0.01;False;0.09;False;0.01;False;ERR;ERR;ERR;ERR;ERR;ERR;ERR;ERR;ERR;ERR;ERR;ERR
440;ERR;ERR;0.01;False;0.0;False;2.77;False;0.13944600799999973;16.59;False;0.19566770700000014;ERR;ERR;ERR;ERR;ERR;ERR
441;0.01;False;0.01;True;0.01;True;ERR;ERR;ERR;ERR;ERR;ERR;ERR;ERR;ERR;ERR;ERR;ERR
442;0.01;False;0.01;False;0.01;False;ERR;ERR;ERR;ERR;ERR;ERR;ERR;ERR;ERR;ERR;ERR;ERR
443;ERR;ERR;0.09;False;1.16;False;TO;TO;TO;15.51;False;0.5163146980000004;ERR;ERR;ERR;ERR;ERR;ERR
444;TO;TO;58.03;True;0.73;True;ERR;ERR;ERR;ERR;ERR;ERR;ERR;ERR;ERR;ERR;ERR;ERR
445;0.2;True;0.01;True;0.01;True;0.87;True;0.776750722;26.97;True;3.5416991709999976;ERR;ERR;ERR;ERR;ERR;ERR
446;0.0;False;51.51;False;58.31;False;ERR;ERR;ERR;ERR;ERR;ERR;ERR;ERR;ERR;ERR;ERR;ERR
447;0.01;False;0.01;True;0.01;True;ERR;ERR;ERR;ERR;ERR;ERR;ERR;ERR;ERR;ERR;ERR;ERR
448;ERR;ERR;0.01;True;0.01;True;0.29;True;0.0005881030000000065;0.08;True;0.00073345100000001;ERR;ERR;ERR;ERR;ERR;ERR
449;0.0;False;0.0;True;0.01;True;ERR;ERR;ERR;ERR;ERR;ERR;ERR;ERR;ERR;ERR;ERR;ERR
450;TO;TO;0.01;True;0.01;True;ERR;ERR;ERR;ERR;ERR;ERR;ERR;ERR;ERR;ERR;ERR;ERR
451;ERR;ERR;TO;TO;ERR;ERR;TO;TO;TO;TO;TO;TO;ERR;ERR;ERR;ERR;ERR;ERR
452;0.0;False;TO;TO;ERR;ERR;ERR;ERR;ERR;ERR;ERR;ERR;ERR;ERR;ERR;ERR;ERR;ERR
453;0.02;True;0.01;False;0.0;False;ERR;ERR;ERR;ERR;ERR;ERR;ERR;ERR;ERR;ERR;ERR;ERR
454;ERR;ERR;0.01;False;0.01;False;ERR;ERR;ERR;ERR;ERR;ERR;ERR;ERR;ERR;ERR;ERR;ERR
455;0.0;False;0.0;False;0.01;False;ERR;ERR;ERR;ERR;ERR;ERR;ERR;ERR;ERR;ERR;ERR;ERR
456;TO;TO;0.38;False;0.53;False;TO;TO;TO;TO;TO;TO;ERR;ERR;ERR;ERR;ERR;ERR
457;0.01;False;0.01;False;0.0;False;ERR;ERR;ERR;ERR;ERR;ERR;ERR;ERR;ERR;ERR;ERR;ERR
458;0.0;False;7.65;False;31.21;False;ERR;ERR;ERR;ERR;ERR;ERR;ERR;ERR;ERR;ERR;ERR;ERR
459;0.68;False;0.01;False;0.01;False;0.85;False;0.13328198599999996;0.87;False;0.15475716000000006;ERR;ERR;ERR;ERR;ERR;ERR
460;0.01;False;0.0;False;0.01;False;ERR;ERR;ERR;ERR;ERR;ERR;ERR;ERR;ERR;ERR;ERR;ERR
461;0.01;False;0.01;False;0.01;False;TO;TO;TO;TO;TO;TO;ERR;ERR;ERR;ERR;ERR;ERR
462;0.04;True;0.0;True;0.01;True;0.19;True;0.096133447;0.38;True;0.254474326;ERR;ERR;ERR;ERR;ERR;ERR
463;0.0;False;0.01;False;0.01;False;TO;TO;TO;TO;TO;TO;ERR;ERR;ERR;ERR;ERR;ERR
464;0.01;False;1.11;True;2.24;True;ERR;ERR;ERR;ERR;ERR;ERR;ERR;ERR;ERR;ERR;ERR;ERR
465;0.01;False;0.02;False;0.02;False;ERR;ERR;ERR;ERR;ERR;ERR;ERR;ERR;ERR;ERR;ERR;ERR
466;0.0;False;TO;TO;0.01;False;ERR;ERR;ERR;ERR;ERR;ERR;ERR;ERR;ERR;ERR;ERR;ERR
467;0.01;False;0.13;False;0.08;False;ERR;ERR;ERR;ERR;ERR;ERR;ERR;ERR;ERR;ERR;ERR;ERR
468;0.02;False;0.15;False;0.03;False;ERR;ERR;ERR;ERR;ERR;ERR;ERR;ERR;ERR;ERR;ERR;ERR
469;0.01;False;0.01;False;0.01;False;ERR;ERR;ERR;ERR;ERR;ERR;ERR;ERR;ERR;ERR;ERR;ERR
470;0.0;False;0.01;False;0.01;False;0.06;False;3.121700000000005e-05;0.07;False;3.070600000000534e-05;ERR;ERR;ERR;ERR;ERR;ERR
471;0.01;False;0.01;False;0.01;False;0.24;False;0.143176859;0.34;False;0.12344733500000002;ERR;ERR;ERR;ERR;ERR;ERR
472;0.02;False;0.88;False;0.01;False;2.94;False;0.11745730399999976;84.55;False;0.4353023190000016;ERR;ERR;ERR;ERR;ERR;ERR
473;0.0;False;TO;TO;0.01;False;2.95;False;0.20690057799999995;3.58;False;0.574374325;ERR;ERR;ERR;ERR;ERR;ERR
474;0.01;False;0.01;False;0.01;False;ERR;ERR;ERR;ERR;ERR;ERR;ERR;ERR;ERR;ERR;ERR;ERR
475;ERR;ERR;0.0;False;0.01;False;ERR;ERR;ERR;ERR;ERR;ERR;ERR;ERR;ERR;ERR;ERR;ERR
476;0.01;False;0.01;True;0.01;True;10.28;True;0.3822142320000008;14.77;True;0.7136614249999997;ERR;ERR;ERR;ERR;ERR;ERR
477;0.01;False;0.01;False;0.01;False;ERR;ERR;ERR;ERR;ERR;ERR;ERR;ERR;ERR;ERR;ERR;ERR
478;0.01;False;0.01;False;0.01;False;3.02;False;0.35988525800000026;1.69;False;0.3179397169999998;ERR;ERR;ERR;ERR;ERR;ERR
479;0.02;False;0.01;True;0.0;True;ERR;ERR;ERR;ERR;ERR;ERR;ERR;ERR;ERR;ERR;ERR;ERR
480;0.02;False;2.34;False;0.0;False;ERR;ERR;ERR;ERR;ERR;ERR;ERR;ERR;ERR;ERR;ERR;ERR
481;0.01;False;0.36;False;0.02;False;1.45;False;0.0848331149999999;3.08;False;0.13736199999999998;ERR;ERR;ERR;ERR;ERR;ERR
482;0.02;False;0.01;True;0.0;True;0.25;True;0.208549483;0.28;True;0.199484807;ERR;ERR;ERR;ERR;ERR;ERR
483;TO;TO;58.08;True;0.44;True;ERR;ERR;ERR;ERR;ERR;ERR;ERR;ERR;ERR;ERR;ERR;ERR
484;ERR;ERR;0.01;False;0.01;False;ERR;ERR;ERR;ERR;ERR;ERR;ERR;ERR;ERR;ERR;ERR;ERR
485;ERR;ERR;0.0;False;0.01;False;ERR;ERR;ERR;ERR;ERR;ERR;ERR;ERR;ERR;ERR;ERR;ERR
486;0.01;True;0.62;False;0.77;False;ERR;ERR;ERR;ERR;ERR;ERR;ERR;ERR;ERR;ERR;ERR;ERR
487;0.01;False;0.01;False;ERR;ERR;ERR;ERR;ERR;ERR;ERR;ERR;ERR;ERR;ERR;ERR;ERR;ERR
488;0.01;False;0.01;False;0.01;False;TO;TO;TO;TO;TO;TO;ERR;ERR;ERR;ERR;ERR;ERR
489;0.1;True;0.01;True;0.01;True;0.21;True;0.138540098;0.24;True;0.19768512499999996;ERR;ERR;ERR;ERR;ERR;ERR
490;0.02;False;7.35;False;7.99;False;ERR;ERR;ERR;ERR;ERR;ERR;ERR;ERR;ERR;ERR;ERR;ERR
491;0.01;False;0.98;False;1.3;False;ERR;ERR;ERR;ERR;ERR;ERR;ERR;ERR;ERR;ERR;ERR;ERR
492;2.11;False;TO;TO;4.7;False;ERR;ERR;ERR;ERR;ERR;ERR;ERR;ERR;ERR;ERR;ERR;ERR
493;0.01;False;TO;TO;TO;TO;ERR;ERR;ERR;ERR;ERR;ERR;ERR;ERR;ERR;ERR;ERR;ERR
494;0.97;True;17.29;True;0.15;True;ERR;ERR;ERR;ERR;ERR;ERR;ERR;ERR;ERR;ERR;ERR;ERR
495;0.0;False;0.01;False;0.01;False;ERR;ERR;ERR;ERR;ERR;ERR;ERR;ERR;ERR;ERR;ERR;ERR
496;0.01;False;1.38;False;0.01;False;0.31;False;0.05877343900000001;0.72;False;0.10954049099999996;ERR;ERR;ERR;ERR;ERR;ERR
497;0.0;False;0.0;False;0.01;False;ERR;ERR;ERR;ERR;ERR;ERR;ERR;ERR;ERR;ERR;ERR;ERR
498;0.01;False;0.01;False;0.01;False;ERR;ERR;ERR;ERR;ERR;ERR;ERR;ERR;ERR;ERR;ERR;ERR
499;0.01;False;0.0;False;0.01;False;ERR;ERR;ERR;ERR;ERR;ERR;ERR;ERR;ERR;ERR;ERR;ERR
500;0.01;False;0.45;False;0.01;False;1.25;False;0.076892234;0.64;False;0.19101901;ERR;ERR;ERR;ERR;ERR;ERR
501;0.01;False;2.25;False;0.01;False;4.84;False;0.4034768289999997;15.83;False;1.2137503589999987;ERR;ERR;ERR;ERR;ERR;ERR
502;0.01;False;0.01;False;0.01;False;ERR;ERR;ERR;ERR;ERR;ERR;ERR;ERR;ERR;ERR;ERR;ERR
503;0.01;False;0.01;True;0.01;True;37.73;True;0.35377416499999725;76.39;True;0.6245791929999882;ERR;ERR;ERR;ERR;ERR;ERR
504;0.01;False;TO;TO;0.01;False;22.07;False;0.10371290299999814;TO;TO;TO;ERR;ERR;ERR;ERR;ERR;ERR
505;0.01;False;0.01;False;0.01;False;ERR;ERR;ERR;ERR;ERR;ERR;ERR;ERR;ERR;ERR;ERR;ERR
506;ERR;ERR;0.0;False;0.01;False;TO;TO;TO;TO;TO;TO;ERR;ERR;ERR;ERR;ERR;ERR
507;0.01;False;0.01;False;0.0;False;0.25;False;0.00012566899999999492;0.44;False;0.00012610899999998537;ERR;ERR;ERR;ERR;ERR;ERR
508;TO;TO;0.68;False;1.51;False;0.23;False;0.191623237;0.27;False;0.22989265799999997;ERR;ERR;ERR;ERR;ERR;ERR
509;ERR;ERR;0.01;False;0.01;False;10.99;False;0.00012966500000111125;0.78;False;0.00010141200000002293;ERR;ERR;ERR;ERR;ERR;ERR
510;0.0;False;1.55;True;2.28;True;20.46;True;0.34223189000000076;TO;TO;TO;ERR;ERR;ERR;ERR;ERR;ERR
511;0.01;False;0.01;False;0.01;False;0.65;False;0.00028768200000006683;10.92;False;0.00031841800000087517;ERR;ERR;ERR;ERR;ERR;ERR
512;0.02;False;1.15;False;0.01;False;ERR;ERR;ERR;ERR;ERR;ERR;ERR;ERR;ERR;ERR;ERR;ERR
513;0.01;False;0.01;False;0.01;False;ERR;ERR;ERR;ERR;ERR;ERR;ERR;ERR;ERR;ERR;ERR;ERR
514;0.01;False;59.22;False;81.07;False;ERR;ERR;ERR;ERR;ERR;ERR;ERR;ERR;ERR;ERR;ERR;ERR
515;0.01;False;1.25;False;2.07;False;5.92;False;0.21756895099999962;8.42;False;0.2867463560000001;ERR;ERR;ERR;ERR;ERR;ERR
516;0.01;False;0.01;False;0.01;False;ERR;ERR;ERR;ERR;ERR;ERR;ERR;ERR;ERR;ERR;ERR;ERR
517;0.01;False;0.0;True;0.01;True;5.6;True;0.29051574400000035;9.01;True;0.5538586510000005;ERR;ERR;ERR;ERR;ERR;ERR
518;0.01;False;TO;TO;3.59;False;ERR;ERR;ERR;ERR;ERR;ERR;ERR;ERR;ERR;ERR;ERR;ERR
519;0.02;False;0.0;False;0.01;False;ERR;ERR;ERR;ERR;ERR;ERR;ERR;ERR;ERR;ERR;ERR;ERR
520;ERR;ERR;0.01;False;0.01;False;4.9;False;0.00011399100000009099;2.88;False;9.620400000009965e-05;ERR;ERR;ERR;ERR;ERR;ERR
521;0.01;False;0.01;False;0.01;False;ERR;ERR;ERR;ERR;ERR;ERR;ERR;ERR;ERR;ERR;ERR;ERR
522;59.09;False;0.36;False;0.52;False;ERR;ERR;ERR;ERR;ERR;ERR;ERR;ERR;ERR;ERR;ERR;ERR
523;0.01;False;0.0;False;0.01;False;0.04;False;2.8372999999998205e-05;0.04;False;2.4357000000002627e-05;ERR;ERR;ERR;ERR;ERR;ERR
524;0.02;False;TO;TO;TO;TO;ERR;ERR;ERR;ERR;ERR;ERR;ERR;ERR;ERR;ERR;ERR;ERR
525;0.01;False;0.0;True;0.01;True;0.28;True;0.17421355400000002;0.45;True;0.189782393;ERR;ERR;ERR;ERR;ERR;ERR
526;0.01;False;0.01;True;0.01;True;6.95;True;0.36372280799999945;9.03;True;0.6257118129999997;ERR;ERR;ERR;ERR;ERR;ERR
527;0.14;True;0.01;True;0.01;True;ERR;ERR;ERR;ERR;ERR;ERR;ERR;ERR;ERR;ERR;ERR;ERR
528;0.01;False;0.0;True;0.0;True;4.94;True;0.3717152640000001;2.47;True;0.6632298179999998;ERR;ERR;ERR;ERR;ERR;ERR
529;ERR;ERR;0.0;True;0.01;True;ERR;ERR;ERR;ERR;ERR;ERR;ERR;ERR;ERR;ERR;ERR;ERR
530;0.01;False;0.59;False;0.85;False;ERR;ERR;ERR;ERR;ERR;ERR;ERR;ERR;ERR;ERR;ERR;ERR
531;0.01;True;0.0;False;0.01;False;ERR;ERR;ERR;ERR;ERR;ERR;ERR;ERR;ERR;ERR;ERR;ERR
532;0.01;False;0.01;False;0.01;False;ERR;ERR;ERR;ERR;ERR;ERR;ERR;ERR;ERR;ERR;ERR;ERR
533;0.01;False;0.01;False;0.01;False;ERR;ERR;ERR;ERR;ERR;ERR;ERR;ERR;ERR;ERR;ERR;ERR
534;0.01;False;0.01;False;0.01;False;ERR;ERR;ERR;ERR;ERR;ERR;ERR;ERR;ERR;ERR;ERR;ERR
535;0.01;True;0.0;True;0.01;True;ERR;ERR;ERR;ERR;ERR;ERR;ERR;ERR;ERR;ERR;ERR;ERR
536;0.01;False;0.01;True;0.01;True;5.55;True;0.18528043599999933;8.07;True;0.37823690299999946;ERR;ERR;ERR;ERR;ERR;ERR
537;0.0;False;0.01;False;0.0;False;5.92;False;0.2601007810000002;TO;TO;TO;ERR;ERR;ERR;ERR;ERR;ERR
538;0.25;True;0.0;True;0.02;True;0.87;True;0.767244755;26.4;True;3.709583876;ERR;ERR;ERR;ERR;ERR;ERR
539;0.02;False;TO;TO;0.01;False;TO;TO;TO;72.3;False;0.5944403239999971;ERR;ERR;ERR;ERR;ERR;ERR
540;0.01;False;0.75;False;0.01;False;ERR;ERR;ERR;ERR;ERR;ERR;ERR;ERR;ERR;ERR;ERR;ERR
541;0.01;False;TO;TO;ERR;ERR;ERR;ERR;ERR;ERR;ERR;ERR;ERR;ERR;ERR;ERR;ERR;ERR
542;0.01;False;0.26;False;0.0;False;0.93;False;0.06913900799999995;14.36;False;0.2212460509999996;ERR;ERR;ERR;ERR;ERR;ERR
543;0.01;False;0.02;False;0.02;False;ERR;ERR;ERR;ERR;ERR;ERR;ERR;ERR;ERR;ERR;ERR;ERR
544;0.02;False;1.24;False;0.0;False;ERR;ERR;ERR;ERR;ERR;ERR;ERR;ERR;ERR;ERR;ERR;ERR
545;3.56;False;0.08;False;0.11;False;0.25;False;0.060382324000000015;0.26;False;0.084788487;ERR;ERR;ERR;ERR;ERR;ERR
546;0.92;True;17.22;True;0.2;True;ERR;ERR;ERR;ERR;ERR;ERR;ERR;ERR;ERR;ERR;ERR;ERR
547;0.01;False;0.01;False;0.01;False;1.42;False;0.16995807699999999;25.49;False;0.1730009939999988;ERR;ERR;ERR;ERR;ERR;ERR
548;ERR;ERR;0.01;False;0.02;False;ERR;ERR;ERR;ERR;ERR;ERR;ERR;ERR;ERR;ERR;ERR;ERR
549;ERR;ERR;0.01;False;0.0;False;0.07;False;3.0205000000005366e-05;0.06;False;2.8603000000002043e-05;ERR;ERR;ERR;ERR;ERR;ERR
550;TO;TO;0.01;True;0.01;True;2.18;True;0.20327136099999987;TO;TO;TO;ERR;ERR;ERR;ERR;ERR;ERR
551;0.02;True;0.01;True;0.01;True;ERR;ERR;ERR;ERR;ERR;ERR;ERR;ERR;ERR;ERR;ERR;ERR
552;ERR;ERR;4.21;False;0.01;False;4.25;False;0.18840595699999962;13.8;False;0.4266810079999992;ERR;ERR;ERR;ERR;ERR;ERR
553;ERR;ERR;0.01;False;0.0;False;TO;TO;TO;TO;TO;TO;ERR;ERR;ERR;ERR;ERR;ERR
554;0.0;False;90.72;False;TO;TO;ERR;ERR;ERR;ERR;ERR;ERR;ERR;ERR;ERR;ERR;ERR;ERR
555;0.12;True;0.0;True;0.0;True;0.42;True;0.18483230300000003;1.31;True;0.7304412629999999;ERR;ERR;ERR;ERR;ERR;ERR
556;ERR;ERR;0.34;True;0.31;True;ERR;ERR;ERR;ERR;ERR;ERR;ERR;ERR;ERR;ERR;ERR;ERR
557;0.01;False;0.01;True;0.01;True;ERR;ERR;ERR;ERR;ERR;ERR;ERR;ERR;ERR;ERR;ERR;ERR
558;0.84;True;0.0;True;0.01;True;0.11;True;0.082454273;0.12;True;0.08693595000000001;ERR;ERR;ERR;ERR;ERR;ERR
559;0.01;False;0.0;False;0.01;False;ERR;ERR;ERR;ERR;ERR;ERR;ERR;ERR;ERR;ERR;ERR;ERR
560;0.01;False;0.0;False;0.01;False;ERR;ERR;ERR;ERR;ERR;ERR;ERR;ERR;ERR;ERR;ERR;ERR
561;0.01;False;0.01;False;0.01;False;ERR;ERR;ERR;ERR;ERR;ERR;ERR;ERR;ERR;ERR;ERR;ERR
562;0.01;False;0.0;False;0.01;False;ERR;ERR;ERR;ERR;ERR;ERR;ERR;ERR;ERR;ERR;ERR;ERR
563;0.01;False;0.09;False;0.09;False;ERR;ERR;ERR;ERR;ERR;ERR;ERR;ERR;ERR;ERR;ERR;ERR
564;11.11;True;0.01;True;0.01;True;0.29;True;0.270780081;0.25;True;0.22416573299999998;ERR;ERR;ERR;ERR;ERR;ERR
565;ERR;ERR;0.01;False;0.0;False;14.24;False;0.2661726659999992;17.68;False;0.2847421370000003;ERR;ERR;ERR;ERR;ERR;ERR
566;0.01;False;0.0;True;0.01;True;ERR;ERR;ERR;ERR;ERR;ERR;ERR;ERR;ERR;ERR;ERR;ERR
567;87.85;False;0.37;False;0.54;False;ERR;ERR;ERR;ERR;ERR;ERR;ERR;ERR;ERR;ERR;ERR;ERR
568;0.01;False;TO;TO;0.01;False;29.98;False;0.38970059100000043;16.34;False;0.7538969389999988;ERR;ERR;ERR;ERR;ERR;ERR
569;0.01;False;0.91;False;1.38;False;ERR;ERR;ERR;ERR;ERR;ERR;ERR;ERR;ERR;ERR;ERR;ERR
570;0.02;False;0.84;False;1.29;False;ERR;ERR;ERR;ERR;ERR;ERR;ERR;ERR;ERR;ERR;ERR;ERR
571;0.01;False;0.01;False;0.01;False;0.38;False;0.15085108699999997;5.1;False;0.21721974700000057;ERR;ERR;ERR;ERR;ERR;ERR
572;0.01;True;0.0;True;0.01;True;ERR;ERR;ERR;ERR;ERR;ERR;ERR;ERR;ERR;ERR;ERR;ERR
573;0.01;False;TO;TO;ERR;ERR;ERR;ERR;ERR;ERR;ERR;ERR;ERR;ERR;ERR;ERR;ERR;ERR
574;0.02;False;0.66;False;1.16;False;TO;TO;TO;TO;TO;TO;ERR;ERR;ERR;ERR;ERR;ERR
575;0.0;False;0.01;False;ERR;ERR;ERR;ERR;ERR;ERR;ERR;ERR;ERR;ERR;ERR;ERR;ERR;ERR
576;0.01;False;1.34;False;0.01;False;ERR;ERR;ERR;ERR;ERR;ERR;ERR;ERR;ERR;ERR;ERR;ERR
577;0.01;False;49.59;False;0.01;False;ERR;ERR;ERR;ERR;ERR;ERR;ERR;ERR;ERR;ERR;ERR;ERR
578;0.01;False;0.01;False;0.02;False;ERR;ERR;ERR;ERR;ERR;ERR;ERR;ERR;ERR;ERR;ERR;ERR
579;0.01;False;0.02;False;0.01;False;TO;TO;TO;TO;TO;TO;ERR;ERR;ERR;ERR;ERR;ERR
580;ERR;ERR;0.01;True;0.01;True;5.82;True;0.18416287800000042;9.68;True;0.38488993099999913;ERR;ERR;ERR;ERR;ERR;ERR
581;0.01;False;0.01;False;0.0;False;TO;TO;TO;TO;TO;TO;ERR;ERR;ERR;ERR;ERR;ERR
582;0.09;True;0.01;True;0.0;True;ERR;ERR;ERR;ERR;ERR;ERR;ERR;ERR;ERR;ERR;ERR;ERR
583;0.01;False;0.0;True;0.0;True;0.35;True;0.107240107;0.52;True;0.172687604;ERR;ERR;ERR;ERR;ERR;ERR
584;0.01;False;0.01;False;0.0;False;ERR;ERR;ERR;ERR;ERR;ERR;ERR;ERR;ERR;ERR;ERR;ERR
585;0.01;False;0.01;False;0.01;False;ERR;ERR;ERR;ERR;ERR;ERR;ERR;ERR;ERR;ERR;ERR;ERR
586;0.01;False;0.01;False;0.01;False;TO;TO;TO;TO;TO;TO;ERR;ERR;ERR;ERR;ERR;ERR
587;TO;TO;0.55;False;0.79;False;0.19;False;0.155767557;0.28;False;0.239115523;ERR;ERR;ERR;ERR;ERR;ERR
588;0.02;False;2.78;False;0.0;False;ERR;ERR;ERR;ERR;ERR;ERR;ERR;ERR;ERR;ERR;ERR;ERR
589;0.1;True;0.01;True;0.01;True;0.2;True;0.13468871799999999;0.25;True;0.196296361;ERR;ERR;ERR;ERR;ERR;ERR
590;0.0;False;0.01;True;0.01;True;16.99;True;0.14648495399999995;10.63;True;0.30642429300000096;ERR;ERR;ERR;ERR;ERR;ERR
591;TO;TO;55.2;True;0.7;True;ERR;ERR;ERR;ERR;ERR;ERR;ERR;ERR;ERR;ERR;ERR;ERR
592;ERR;ERR;0.01;False;0.01;False;TO;TO;TO;23.26;False;0.0021078740000000096;ERR;ERR;ERR;ERR;ERR;ERR
593;0.01;True;0.0;True;0.01;True;ERR;ERR;ERR;ERR;ERR;ERR;ERR;ERR;ERR;ERR;ERR;ERR
594;ERR;ERR;0.01;False;0.01;False;ERR;ERR;ERR;ERR;ERR;ERR;ERR;ERR;ERR;ERR;ERR;ERR
595;0.01;False;0.0;False;0.01;False;ERR;ERR;ERR;ERR;ERR;ERR;ERR;ERR;ERR;ERR;ERR;ERR
596;0.01;False;0.01;False;0.01;False;ERR;ERR;ERR;ERR;ERR;ERR;ERR;ERR;ERR;ERR;ERR;ERR
597;0.0;False;0.01;False;0.01;False;0.15;False;0.091874033;0.19;False;0.085073445;ERR;ERR;ERR;ERR;ERR;ERR
598;0.01;False;0.02;True;0.02;True;6.17;True;0.0013335019999995978;14.89;True;0.014202247999998363;ERR;ERR;ERR;ERR;ERR;ERR
599;0.01;False;0.0;False;0.01;False;ERR;ERR;ERR;ERR;ERR;ERR;ERR;ERR;ERR;ERR;ERR;ERR
600;0.01;False;0.01;False;0.01;False;ERR;ERR;ERR;ERR;ERR;ERR;ERR;ERR;ERR;ERR;ERR;ERR
601;0.01;False;0.61;False;1.31;False;ERR;ERR;ERR;ERR;ERR;ERR;ERR;ERR;ERR;ERR;ERR;ERR
602;0.01;False;0.01;True;0.0;True;6.63;True;0.2311711980000002;9.5;True;0.416559405000001;ERR;ERR;ERR;ERR;ERR;ERR
603;0.01;False;0.98;False;0.01;False;1.07;False;0.42141095800000006;3.85;False;0.6540576200000001;ERR;ERR;ERR;ERR;ERR;ERR
604;0.0;True;0.01;True;0.01;True;1.71;True;0.0010778579999999316;0.64;True;0.0015876739999999279;ERR;ERR;ERR;ERR;ERR;ERR
605;0.01;False;0.6;False;0.93;False;37.19;False;0.1714998009999995;6.26;False;0.19077380100000063;ERR;ERR;ERR;ERR;ERR;ERR
606;0.01;False;0.0;False;0.01;False;ERR;ERR;ERR;ERR;ERR;ERR;ERR;ERR;ERR;ERR;ERR;ERR
607;ERR;ERR;0.01;False;0.01;False;ERR;ERR;ERR;ERR;ERR;ERR;ERR;ERR;ERR;ERR;ERR;ERR
608;0.02;True;0.01;True;0.01;True;0.55;True;0.462760674;0.46;True;0.395155248;ERR;ERR;ERR;ERR;ERR;ERR
609;0.01;False;0.01;True;0.01;True;14.17;True;0.3316565160000007;22.15;True;0.6208914979999989;ERR;ERR;ERR;ERR;ERR;ERR
610;0.01;False;0.0;True;0.01;True;ERR;ERR;ERR;ERR;ERR;ERR;ERR;ERR;ERR;ERR;ERR;ERR
611;0.01;False;0.0;True;0.01;True;ERR;ERR;ERR;ERR;ERR;ERR;ERR;ERR;ERR;ERR;ERR;ERR
612;0.0;False;0.0;False;0.01;False;ERR;ERR;ERR;ERR;ERR;ERR;ERR;ERR;ERR;ERR;ERR;ERR
613;ERR;ERR;0.0;True;0.01;True;3.57;True;0.13552243899999983;TO;TO;TO;ERR;ERR;ERR;ERR;ERR;ERR
614;ERR;ERR;0.01;False;ERR;ERR;ERR;ERR;ERR;ERR;ERR;ERR;ERR;ERR;ERR;ERR;ERR;ERR
615;ERR;ERR;0.01;False;0.0;False;0.79;False;0.10941879799999998;0.67;False;0.14532317000000006;ERR;ERR;ERR;ERR;ERR;ERR
616;0.01;False;0.01;False;0.01;False;ERR;ERR;ERR;ERR;ERR;ERR;ERR;ERR;ERR;ERR;ERR;ERR
617;ERR;ERR;0.01;False;0.01;False;ERR;ERR;ERR;ERR;ERR;ERR;ERR;ERR;ERR;ERR;ERR;ERR
618;ERR;ERR;0.0;True;0.01;True;ERR;ERR;ERR;ERR;ERR;ERR;ERR;ERR;ERR;ERR;ERR;ERR
619;41.73;True;0.01;True;0.01;True;0.83;True;0.24599126300000007;1.94;True;0.5160321349999999;ERR;ERR;ERR;ERR;ERR;ERR
620;ERR;ERR;0.01;False;0.01;False;TO;TO;TO;TO;TO;TO;ERR;ERR;ERR;ERR;ERR;ERR
621;0.01;False;TO;TO;ERR;ERR;82.58;False;0.2657952080000001;38.52;False;0.5867791860000011;ERR;ERR;ERR;ERR;ERR;ERR
622;0.01;False;0.01;False;0.0;False;TO;TO;TO;TO;TO;TO;ERR;ERR;ERR;ERR;ERR;ERR
623;0.0;False;0.0;False;0.01;False;ERR;ERR;ERR;ERR;ERR;ERR;ERR;ERR;ERR;ERR;ERR;ERR
624;0.01;False;57.14;False;86.78;False;ERR;ERR;ERR;ERR;ERR;ERR;ERR;ERR;ERR;ERR;ERR;ERR
625;0.01;False;0.08;False;0.01;False;ERR;ERR;ERR;ERR;ERR;ERR;ERR;ERR;ERR;ERR;ERR;ERR
626;0.01;True;0.01;True;0.01;True;ERR;ERR;ERR;ERR;ERR;ERR;ERR;ERR;ERR;ERR;ERR;ERR
627;0.01;True;0.01;True;0.01;True;0.85;True;0.0013174069999999372;3.07;True;0.01126039099999998;ERR;ERR;ERR;ERR;ERR;ERR
628;0.01;False;TO;TO;0.01;False;ERR;ERR;ERR;ERR;ERR;ERR;ERR;ERR;ERR;ERR;ERR;ERR
629;0.0;False;0.01;True;0.0;True;4.93;True;0.3695361840000002;2.66;True;0.6129424959999998;ERR;ERR;ERR;ERR;ERR;ERR
630;0.01;False;0.0;True;0.0;True;ERR;ERR;ERR;ERR;ERR;ERR;ERR;ERR;ERR;ERR;ERR;ERR
631;0.01;False;0.0;False;0.01;False;ERR;ERR;ERR;ERR;ERR;ERR;ERR;ERR;ERR;ERR;ERR;ERR
632;0.02;False;TO;TO;0.01;False;3.87;False;0.14390522200000033;4.68;False;0.358133708;ERR;ERR;ERR;ERR;ERR;ERR
633;0.01;False;0.01;False;0.0;False;0.9;False;0.18457596799999998;10.72;False;0.3918434269999995;ERR;ERR;ERR;ERR;ERR;ERR
634;ERR;ERR;0.01;False;0.01;False;7.83;False;0.0750019480000006;13.95;False;0.06620337099999851;ERR;ERR;ERR;ERR;ERR;ERR
635;0.02;False;0.01;False;0.01;False;0.26;False;0.23327515599999998;0.24;False;0.20790368299999998;ERR;ERR;ERR;ERR;ERR;ERR
636;0.01;False;0.29;False;0.8;False;ERR;ERR;ERR;ERR;ERR;ERR;ERR;ERR;ERR;ERR;ERR;ERR
637;0.01;True;0.01;True;0.01;True;0.15;True;0.0008626349999999727;0.09;True;0.001186631999999993;ERR;ERR;ERR;ERR;ERR;ERR
638;ERR;ERR;0.4;False;0.85;False;0.24;False;0.137060487;0.2;False;0.130837677;ERR;ERR;ERR;ERR;ERR;ERR
639;ERR;ERR;2.09;False;0.01;False;ERR;ERR;ERR;ERR;ERR;ERR;ERR;ERR;ERR;ERR;ERR;ERR
640;0.01;False;0.01;False;0.01;False;ERR;ERR;ERR;ERR;ERR;ERR;ERR;ERR;ERR;ERR;ERR;ERR
641;0.02;False;0.0;False;0.01;False;ERR;ERR;ERR;ERR;ERR;ERR;ERR;ERR;ERR;ERR;ERR;ERR
642;TO;TO;0.1;False;0.01;False;ERR;ERR;ERR;ERR;ERR;ERR;ERR;ERR;ERR;ERR;ERR;ERR
643;0.02;False;0.01;True;0.01;True;8.15;True;0.0026032469999996977;5.48;True;0.003822216999999739;ERR;ERR;ERR;ERR;ERR;ERR
644;0.01;False;2.1;False;3.68;False;2.92;False;0.445281316;1.43;False;0.606807508;ERR;ERR;ERR;ERR;ERR;ERR
645;0.01;False;0.01;False;0.0;False;TO;TO;TO;TO;TO;TO;ERR;ERR;ERR;ERR;ERR;ERR
646;0.01;False;0.01;False;0.0;False;ERR;ERR;ERR;ERR;ERR;ERR;ERR;ERR;ERR;ERR;ERR;ERR
647;0.01;False;0.01;False;0.01;False;34.1;False;0.3320935019999993;TO;TO;TO;ERR;ERR;ERR;ERR;ERR;ERR
648;ERR;ERR;0.01;False;0.01;False;ERR;ERR;ERR;ERR;ERR;ERR;ERR;ERR;ERR;ERR;ERR;ERR
649;0.01;False;0.01;False;0.01;False;53.89;False;0.00140211499999765;20.54;False;0.0013289249999992592;ERR;ERR;ERR;ERR;ERR;ERR
650;0.01;False;3.93;False;0.01;False;ERR;ERR;ERR;ERR;ERR;ERR;ERR;ERR;ERR;ERR;ERR;ERR
651;0.01;False;2.5;False;4.11;False;ERR;ERR;ERR;ERR;ERR;ERR;ERR;ERR;ERR;ERR;ERR;ERR
652;0.01;False;0.01;False;0.01;False;ERR;ERR;ERR;ERR;ERR;ERR;ERR;ERR;ERR;ERR;ERR;ERR
653;0.01;False;0.22;False;2.72;False;ERR;ERR;ERR;ERR;ERR;ERR;ERR;ERR;ERR;ERR;ERR;ERR
654;ERR;ERR;0.01;False;0.0;False;ERR;ERR;ERR;ERR;ERR;ERR;ERR;ERR;ERR;ERR;ERR;ERR
655;ERR;ERR;0.01;False;0.01;False;ERR;ERR;ERR;ERR;ERR;ERR;ERR;ERR;ERR;ERR;ERR;ERR
656;0.01;False;0.01;True;0.01;True;34.68;True;0.2242222180000013;67.25;True;0.4035966789999961;ERR;ERR;ERR;ERR;ERR;ERR
657;ERR;ERR;0.01;True;0.01;True;ERR;ERR;ERR;ERR;ERR;ERR;ERR;ERR;ERR;ERR;ERR;ERR
658;0.01;False;0.44;False;0.01;False;TO;TO;TO;TO;TO;TO;ERR;ERR;ERR;ERR;ERR;ERR
659;0.01;False;0.01;False;0.01;False;ERR;ERR;ERR;ERR;ERR;ERR;ERR;ERR;ERR;ERR;ERR;ERR
660;0.01;False;0.01;False;0.01;False;41.35;False;0.0002376659999967501;4.48;False;0.00021625399999969375;ERR;ERR;ERR;ERR;ERR;ERR
661;0.01;False;0.01;False;0.01;False;ERR;ERR;ERR;ERR;ERR;ERR;ERR;ERR;ERR;ERR;ERR;ERR
662;ERR;ERR;0.0;True;0.01;True;ERR;ERR;ERR;ERR;ERR;ERR;ERR;ERR;ERR;ERR;ERR;ERR
663;ERR;ERR;0.01;False;0.01;False;7.17;False;0.07382113499999932;12.89;False;0.06494585399999941;ERR;ERR;ERR;ERR;ERR;ERR
664;0.0;False;0.01;False;0.01;False;ERR;ERR;ERR;ERR;ERR;ERR;ERR;ERR;ERR;ERR;ERR;ERR
665;0.01;False;0.01;False;0.01;False;ERR;ERR;ERR;ERR;ERR;ERR;ERR;ERR;ERR;ERR;ERR;ERR
666;0.01;False;10.73;False;0.27;False;ERR;ERR;ERR;ERR;ERR;ERR;ERR;ERR;ERR;ERR;ERR;ERR
667;0.02;False;0.01;False;0.01;False;ERR;ERR;ERR;ERR;ERR;ERR;ERR;ERR;ERR;ERR;ERR;ERR
668;0.01;False;0.01;False;0.0;False;ERR;ERR;ERR;ERR;ERR;ERR;ERR;ERR;ERR;ERR;ERR;ERR
669;0.0;False;0.01;False;0.01;False;ERR;ERR;ERR;ERR;ERR;ERR;ERR;ERR;ERR;ERR;ERR;ERR
670;ERR;ERR;TO;TO;0.0;False;0.47;False;0.001144168000000001;0.52;False;0.00227285100000002;ERR;ERR;ERR;ERR;ERR;ERR
671;0.02;True;0.01;True;0.01;True;0.49;True;0.36394266799999997;1.02;True;0.8333604929999999;ERR;ERR;ERR;ERR;ERR;ERR
672;0.01;False;0.6;False;0.07;False;ERR;ERR;ERR;ERR;ERR;ERR;ERR;ERR;ERR;ERR;ERR;ERR
673;0.01;False;0.01;False;0.01;False;0.04;False;2.4575999999998377e-05;0.04;False;2.4526000000003878e-05;ERR;ERR;ERR;ERR;ERR;ERR
674;0.02;False;0.0;True;0.01;True;ERR;ERR;ERR;ERR;ERR;ERR;ERR;ERR;ERR;ERR;ERR;ERR
675;ERR;ERR;TO;TO;ERR;ERR;18.01;False;0.0027786709999997328;52.77;False;0.013292801999995163;ERR;ERR;ERR;ERR;ERR;ERR
676;0.01;False;0.01;False;0.01;False;0.46;False;0.211916177;0.34;False;0.205152795;ERR;ERR;ERR;ERR;ERR;ERR
677;0.01;False;0.01;False;0.01;False;1.35;False;0.18367850100000005;2.93;False;0.19660830900000015;ERR;ERR;ERR;ERR;ERR;ERR
678;0.01;False;0.01;True;0.01;True;ERR;ERR;ERR;ERR;ERR;ERR;ERR;ERR;ERR;ERR;ERR;ERR
679;0.01;False;0.01;True;0.01;True;6.89;True;0.20703475999999998;10.27;True;0.3862820589999991;ERR;ERR;ERR;ERR;ERR;ERR
680;TO;TO;56.77;True;0.44;True;ERR;ERR;ERR;ERR;ERR;ERR;ERR;ERR;ERR;ERR;ERR;ERR
681;0.01;True;0.01;False;0.01;False;ERR;ERR;ERR;ERR;ERR;ERR;ERR;ERR;ERR;ERR;ERR;ERR
682;ERR;ERR;0.0;True;0.0;True;TO;TO;TO;TO;TO;TO;ERR;ERR;ERR;ERR;ERR;ERR
683;0.01;False;0.01;False;0.01;False;0.2;False;9.314000000001932e-05;0.06;False;7.823800000000825e-05;ERR;ERR;ERR;ERR;ERR;ERR
684;0.01;False;1.17;False;2.0;False;5.31;False;0.19525966399999994;8.13;False;0.2758280280000003;ERR;ERR;ERR;ERR;ERR;ERR
685;0.02;False;0.01;False;0.01;False;0.15;False;0.088512487;0.14;False;0.077659096;ERR;ERR;ERR;ERR;ERR;ERR
686;ERR;ERR;0.0;False;0.0;False;TO;TO;TO;TO;TO;TO;ERR;ERR;ERR;ERR;ERR;ERR
687;0.01;False;0.01;False;0.01;False;ERR;ERR;ERR;ERR;ERR;ERR;ERR;ERR;ERR;ERR;ERR;ERR
688;0.02;False;0.11;False;0.01;False;ERR;ERR;ERR;ERR;ERR;ERR;ERR;ERR;ERR;ERR;ERR;ERR
689;0.01;False;0.01;False;0.01;False;6.62;False;0.12855597200000002;4.52;False;0.12778168999999995;ERR;ERR;ERR;ERR;ERR;ERR
690;0.01;False;0.0;False;0.01;False;ERR;ERR;ERR;ERR;ERR;ERR;ERR;ERR;ERR;ERR;ERR;ERR
691;0.01;False;1.3;False;0.01;False;ERR;ERR;ERR;ERR;ERR;ERR;ERR;ERR;ERR;ERR;ERR;ERR
692;0.01;False;TO;TO;0.01;False;ERR;ERR;ERR;ERR;ERR;ERR;ERR;ERR;ERR;ERR;ERR;ERR
693;0.02;False;0.38;False;0.58;False;18.0;False;0.13979650399999954;56.35;False;0.262758790999996;ERR;ERR;ERR;ERR;ERR;ERR
694;ERR;ERR;0.01;False;0.01;False;13.14;False;0.00011290000000130362;1.0;False;0.00011516300000002921;ERR;ERR;ERR;ERR;ERR;ERR
695;0.0;False;0.2;False;0.44;False;ERR;ERR;ERR;ERR;ERR;ERR;ERR;ERR;ERR;ERR;ERR;ERR
696;0.02;True;0.0;True;0.01;True;ERR;ERR;ERR;ERR;ERR;ERR;ERR;ERR;ERR;ERR;ERR;ERR
697;0.01;False;0.0;False;0.01;False;ERR;ERR;ERR;ERR;ERR;ERR;ERR;ERR;ERR;ERR;ERR;ERR
698;ERR;ERR;0.01;True;0.0;True;2.94;True;0.5754647340000001;12.8;True;7.357287371000001;ERR;ERR;ERR;ERR;ERR;ERR
699;ERR;ERR;0.01;True;0.0;True;1.41;True;0.13751263699999994;3.99;True;0.8300660789999998;ERR;ERR;ERR;ERR;ERR;ERR
700;0.01;False;0.13;False;0.08;False;ERR;ERR;ERR;ERR;ERR;ERR;ERR;ERR;ERR;ERR;ERR;ERR
701;0.83;False;TO;TO;ERR;ERR;ERR;ERR;ERR;ERR;ERR;ERR;ERR;ERR;ERR;ERR;ERR;ERR
702;TO;TO;0.0;True;0.01;True;ERR;ERR;ERR;ERR;ERR;ERR;ERR;ERR;ERR;ERR;ERR;ERR
703;0.01;False;0.01;True;0.0;True;ERR;ERR;ERR;ERR;ERR;ERR;ERR;ERR;ERR;ERR;ERR;ERR
704;ERR;ERR;0.01;False;0.01;False;TO;TO;TO;24.43;False;0.1780795270000013;ERR;ERR;ERR;ERR;ERR;ERR
705;0.0;False;0.01;False;0.01;False;ERR;ERR;ERR;ERR;ERR;ERR;ERR;ERR;ERR;ERR;ERR;ERR
706;0.01;False;0.0;True;0.01;True;1.07;True;0.18837287800000002;2.34;True;0.51945438;ERR;ERR;ERR;ERR;ERR;ERR
707;0.01;False;0.01;True;0.01;True;ERR;ERR;ERR;ERR;ERR;ERR;ERR;ERR;ERR;ERR;ERR;ERR
708;0.02;False;0.02;False;0.01;False;ERR;ERR;ERR;ERR;ERR;ERR;ERR;ERR;ERR;ERR;ERR;ERR
709;0.01;False;0.03;False;0.01;False;30.79;False;0.14363243200000042;22.3;False;0.17955193699999938;ERR;ERR;ERR;ERR;ERR;ERR
710;0.01;False;4.73;False;0.0;False;11.62;False;0.1500942709999986;4.29;False;0.215445243;ERR;ERR;ERR;ERR;ERR;ERR
711;0.01;False;0.01;False;0.01;False;1.02;False;0.07915306899999996;2.59;False;0.07017672500000005;ERR;ERR;ERR;ERR;ERR;ERR
712;0.01;False;0.0;False;0.01;False;23.74;False;0.23297393400000033;21.85;False;0.24544815800000208;ERR;ERR;ERR;ERR;ERR;ERR
713;0.09;True;0.0;True;0.01;True;ERR;ERR;ERR;ERR;ERR;ERR;ERR;ERR;ERR;ERR;ERR;ERR
714;0.01;False;46.91;False;66.19;False;ERR;ERR;ERR;ERR;ERR;ERR;ERR;ERR;ERR;ERR;ERR;ERR
715;0.01;False;70.49;False;3.2;False;ERR;ERR;ERR;ERR;ERR;ERR;ERR;ERR;ERR;ERR;ERR;ERR
716;0.01;False;0.0;True;0.01;True;4.21;True;0.2627356059999997;7.13;True;0.5420442990000005;ERR;ERR;ERR;ERR;ERR;ERR
717;0.01;True;0.01;True;0.01;True;0.37;True;0.145346265;0.32;True;0.14757781400000003;ERR;ERR;ERR;ERR;ERR;ERR
718;0.01;False;0.0;False;0.01;False;2.19;False;0.1987506349999999;40.84;False;0.3920808940000029;ERR;ERR;ERR;ERR;ERR;ERR
719;0.01;False;18.17;False;8.67;False;TO;TO;TO;32.71;False;0.8220182289999975;ERR;ERR;ERR;ERR;ERR;ERR
720;0.01;False;1.7;False;0.02;False;ERR;ERR;ERR;ERR;ERR;ERR;ERR;ERR;ERR;ERR;ERR;ERR
721;3.25;False;3.57;False;12.16;False;0.25;False;0.229069784;0.25;False;0.22149095800000002;ERR;ERR;ERR;ERR;ERR;ERR
722;6.21;True;0.36;True;0.95;True;ERR;ERR;ERR;ERR;ERR;ERR;ERR;ERR;ERR;ERR;ERR;ERR
723;ERR;ERR;0.01;True;0.0;True;ERR;ERR;ERR;ERR;ERR;ERR;ERR;ERR;ERR;ERR;ERR;ERR
724;0.0;True;0.01;False;0.01;False;ERR;ERR;ERR;ERR;ERR;ERR;ERR;ERR;ERR;ERR;ERR;ERR
725;0.01;False;0.01;False;0.0;False;0.03;False;2.2793999999999592e-05;0.03;False;1.991999999999966e-05;ERR;ERR;ERR;ERR;ERR;ERR
726;0.01;False;0.01;False;0.01;False;ERR;ERR;ERR;ERR;ERR;ERR;ERR;ERR;ERR;ERR;ERR;ERR
727;0.0;False;0.08;False;0.0;False;ERR;ERR;ERR;ERR;ERR;ERR;ERR;ERR;ERR;ERR;ERR;ERR
728;0.01;True;TO;TO;ERR;ERR;0.57;True;0.24726175;13.59;True;3.394917631;ERR;ERR;ERR;ERR;ERR;ERR
729;0.02;True;0.01;True;0.01;True;0.15;True;0.0008569760000000093;0.09;True;0.0011872620000000084;ERR;ERR;ERR;ERR;ERR;ERR
730;0.01;False;1.95;False;2.53;False;ERR;ERR;ERR;ERR;ERR;ERR;ERR;ERR;ERR;ERR;ERR;ERR
731;0.01;False;0.01;False;0.01;False;ERR;ERR;ERR;ERR;ERR;ERR;ERR;ERR;ERR;ERR;ERR;ERR
732;TO;TO;0.01;True;0.01;True;2.18;True;0.19264369799999992;TO;TO;TO;ERR;ERR;ERR;ERR;ERR;ERR
733;0.63;True;0.01;True;0.01;True;0.53;True;0.15172089300000002;10.83;True;0.3157996159999996;ERR;ERR;ERR;ERR;ERR;ERR
734;0.01;False;0.01;False;0.01;False;ERR;ERR;ERR;ERR;ERR;ERR;ERR;ERR;ERR;ERR;ERR;ERR
735;0.01;False;0.01;False;0.01;False;0.18;False;5.078599999999711e-05;0.08;False;4.28339999999916e-05;ERR;ERR;ERR;ERR;ERR;ERR
736;0.01;True;0.0;True;0.0;True;0.26;True;0.001323496999999979;0.14;True;0.002117489;ERR;ERR;ERR;ERR;ERR;ERR
737;0.0;False;0.01;False;0.01;False;ERR;ERR;ERR;ERR;ERR;ERR;ERR;ERR;ERR;ERR;ERR;ERR
738;ERR;ERR;0.01;False;0.01;False;ERR;ERR;ERR;ERR;ERR;ERR;ERR;ERR;ERR;ERR;ERR;ERR
739;0.01;False;0.01;False;0.01;False;ERR;ERR;ERR;ERR;ERR;ERR;ERR;ERR;ERR;ERR;ERR;ERR
740;0.01;False;0.01;False;0.01;False;ERR;ERR;ERR;ERR;ERR;ERR;ERR;ERR;ERR;ERR;ERR;ERR
741;0.0;False;0.41;False;0.75;False;3.76;False;0.25990557800000014;1.01;False;0.329705157;ERR;ERR;ERR;ERR;ERR;ERR
742;0.01;False;0.0;True;0.0;True;0.13;True;0.097957705;0.13;True;0.09462684500000001;ERR;ERR;ERR;ERR;ERR;ERR
743;ERR;ERR;0.01;True;0.01;True;ERR;ERR;ERR;ERR;ERR;ERR;ERR;ERR;ERR;ERR;ERR;ERR
744;0.01;False;0.68;False;0.01;False;ERR;ERR;ERR;ERR;ERR;ERR;ERR;ERR;ERR;ERR;ERR;ERR
745;0.0;False;0.01;True;0.01;True;ERR;ERR;ERR;ERR;ERR;ERR;ERR;ERR;ERR;ERR;ERR;ERR
746;0.01;False;1.06;False;0.01;False;ERR;ERR;ERR;ERR;ERR;ERR;ERR;ERR;ERR;ERR;ERR;ERR
747;0.0;False;0.01;False;0.01;False;0.35;False;8.945500000001605e-05;0.1;False;8.744200000000701e-05;ERR;ERR;ERR;ERR;ERR;ERR
748;0.01;False;16.95;False;0.0;False;ERR;ERR;ERR;ERR;ERR;ERR;ERR;ERR;ERR;ERR;ERR;ERR
749;0.01;False;3.75;False;0.01;False;1.34;False;0.14063892999999994;14.4;False;0.6184008199999997;ERR;ERR;ERR;ERR;ERR;ERR
750;0.01;False;0.01;True;0.01;True;ERR;ERR;ERR;ERR;ERR;ERR;ERR;ERR;ERR;ERR;ERR;ERR
751;0.01;False;0.01;False;0.0;False;ERR;ERR;ERR;ERR;ERR;ERR;ERR;ERR;ERR;ERR;ERR;ERR
752;ERR;ERR;0.13;False;0.1;False;ERR;ERR;ERR;ERR;ERR;ERR;ERR;ERR;ERR;ERR;ERR;ERR
753;0.01;False;0.68;False;0.01;False;ERR;ERR;ERR;ERR;ERR;ERR;ERR;ERR;ERR;ERR;ERR;ERR
754;0.01;False;0.03;False;0.02;False;ERR;ERR;ERR;ERR;ERR;ERR;ERR;ERR;ERR;ERR;ERR;ERR
755;0.0;False;0.01;True;0.01;True;0.2;True;0.0009617840000000211;0.11;True;0.001434764000000005;ERR;ERR;ERR;ERR;ERR;ERR
756;0.01;False;0.01;False;0.01;False;TO;TO;TO;TO;TO;TO;ERR;ERR;ERR;ERR;ERR;ERR
757;0.01;False;0.75;False;1.11;False;ERR;ERR;ERR;ERR;ERR;ERR;ERR;ERR;ERR;ERR;ERR;ERR
758;0.01;False;0.01;False;0.0;False;1.1;False;0.11459361499999998;1.85;False;0.09912643799999987;ERR;ERR;ERR;ERR;ERR;ERR
759;0.05;False;0.01;True;0.01;True;0.11;True;0.072443087;2.05;True;1.307647618;ERR;ERR;ERR;ERR;ERR;ERR
760;0.02;False;0.01;False;0.0;False;ERR;ERR;ERR;ERR;ERR;ERR;ERR;ERR;ERR;ERR;ERR;ERR
761;0.01;False;TO;TO;ERR;ERR;ERR;ERR;ERR;ERR;ERR;ERR;ERR;ERR;ERR;ERR;ERR;ERR
762;0.02;False;0.91;False;0.01;False;ERR;ERR;ERR;ERR;ERR;ERR;ERR;ERR;ERR;ERR;ERR;ERR
763;ERR;ERR;TO;TO;0.5;False;ERR;ERR;ERR;ERR;ERR;ERR;ERR;ERR;ERR;ERR;ERR;ERR
764;0.01;False;1.41;False;0.0;False;TO;TO;TO;TO;TO;TO;ERR;ERR;ERR;ERR;ERR;ERR
765;0.49;True;0.01;False;0.01;False;ERR;ERR;ERR;ERR;ERR;ERR;ERR;ERR;ERR;ERR;ERR;ERR
766;0.01;True;0.01;False;0.0;False;ERR;ERR;ERR;ERR;ERR;ERR;ERR;ERR;ERR;ERR;ERR;ERR
767;0.01;False;0.01;False;0.01;False;TO;TO;TO;TO;TO;TO;ERR;ERR;ERR;ERR;ERR;ERR
768;0.01;False;0.0;False;0.01;False;ERR;ERR;ERR;ERR;ERR;ERR;ERR;ERR;ERR;ERR;ERR;ERR
769;0.01;False;TO;TO;ERR;ERR;5.98;False;0.6932091070000004;2.62;False;1.056329851;ERR;ERR;ERR;ERR;ERR;ERR
770;ERR;ERR;0.01;False;0.01;False;TO;TO;TO;18.54;False;0.0016433970000004905;ERR;ERR;ERR;ERR;ERR;ERR
771;0.02;False;0.01;True;0.01;True;0.49;True;0.263238591;1.92;True;0.632886473;ERR;ERR;ERR;ERR;ERR;ERR
772;0.01;False;0.0;False;0.01;False;2.58;False;0.19569181300000005;1.11;False;0.15198801299999998;ERR;ERR;ERR;ERR;ERR;ERR
773;0.0;False;TO;TO;0.0;False;0.31;False;0.04776475500000002;0.99;False;0.27437175199999997;ERR;ERR;ERR;ERR;ERR;ERR
774;TO;TO;0.99;False;1.38;False;0.15;False;0.11352936800000002;0.22;False;0.17746420400000001;ERR;ERR;ERR;ERR;ERR;ERR
775;0.02;False;0.0;True;0.01;True;1.2;True;0.14229547500000006;2.59;True;0.35384380000000015;ERR;ERR;ERR;ERR;ERR;ERR
776;0.01;False;0.0;False;0.01;False;0.08;False;0.06021078700000001;0.08;False;0.056392615;ERR;ERR;ERR;ERR;ERR;ERR
777;0.01;False;19.02;False;0.01;False;ERR;ERR;ERR;ERR;ERR;ERR;ERR;ERR;ERR;ERR;ERR;ERR
778;0.01;False;0.01;False;0.0;False;1.95;False;0.20057140800000006;1.58;False;0.18177441299999986;ERR;ERR;ERR;ERR;ERR;ERR
779;0.02;False;0.01;False;0.0;False;TO;TO;TO;TO;TO;TO;ERR;ERR;ERR;ERR;ERR;ERR
780;0.0;False;0.01;False;0.01;False;0.16;False;0.074635998;0.12;False;0.06308467;ERR;ERR;ERR;ERR;ERR;ERR
781;TO;TO;0.01;True;0.01;True;ERR;ERR;ERR;ERR;ERR;ERR;ERR;ERR;ERR;ERR;ERR;ERR
782;0.01;False;1.03;False;0.08;False;ERR;ERR;ERR;ERR;ERR;ERR;ERR;ERR;ERR;ERR;ERR;ERR
783;0.01;False;TO;TO;0.01;False;ERR;ERR;ERR;ERR;ERR;ERR;ERR;ERR;ERR;ERR;ERR;ERR
784;0.02;False;0.44;False;0.01;False;ERR;ERR;ERR;ERR;ERR;ERR;ERR;ERR;ERR;ERR;ERR;ERR
785;TO;TO;0.01;True;0.01;True;0.18;True;0.138116443;0.43;True;0.386550011;ERR;ERR;ERR;ERR;ERR;ERR
786;0.0;False;0.14;False;0.05;False;ERR;ERR;ERR;ERR;ERR;ERR;ERR;ERR;ERR;ERR;ERR;ERR
787;ERR;ERR;0.29;False;0.01;False;0.72;False;0.151626392;0.89;False;0.31736123899999996;ERR;ERR;ERR;ERR;ERR;ERR
788;0.02;True;0.0;True;0.0;True;0.54;True;0.21518972000000003;3.4;True;0.7579274799999998;ERR;ERR;ERR;ERR;ERR;ERR
789;0.0;True;0.0;True;0.01;True;ERR;ERR;ERR;ERR;ERR;ERR;ERR;ERR;ERR;ERR;ERR;ERR
790;0.01;False;TO;TO;TO;TO;ERR;ERR;ERR;ERR;ERR;ERR;ERR;ERR;ERR;ERR;ERR;ERR
791;ERR;ERR;0.01;False;0.01;False;ERR;ERR;ERR;ERR;ERR;ERR;ERR;ERR;ERR;ERR;ERR;ERR
792;0.0;False;1.52;False;1.73;False;ERR;ERR;ERR;ERR;ERR;ERR;ERR;ERR;ERR;ERR;ERR;ERR
793;0.01;False;0.12;False;0.19;False;0.87;False;0.20930731000000002;1.03;False;0.22881223700000008;ERR;ERR;ERR;ERR;ERR;ERR
794;0.01;False;0.21;False;0.01;False;ERR;ERR;ERR;ERR;ERR;ERR;ERR;ERR;ERR;ERR;ERR;ERR
795;0.01;False;0.0;False;0.01;False;ERR;ERR;ERR;ERR;ERR;ERR;ERR;ERR;ERR;ERR;ERR;ERR
796;0.01;False;0.01;False;0.01;False;ERR;ERR;ERR;ERR;ERR;ERR;ERR;ERR;ERR;ERR;ERR;ERR
797;0.0;False;0.0;False;0.01;False;0.24;False;0.16896937299999998;0.33;False;0.142027954;ERR;ERR;ERR;ERR;ERR;ERR
798;0.01;False;0.48;False;0.01;False;0.35;False;0.10150586000000003;4.46;False;0.4611510980000002;ERR;ERR;ERR;ERR;ERR;ERR
799;0.01;False;0.0;True;0.01;True;8.83;True;0.21968554800000017;3.28;True;0.3650272750000001;ERR;ERR;ERR;ERR;ERR;ERR
800;0.01;False;0.28;False;0.86;False;ERR;ERR;ERR;ERR;ERR;ERR;ERR;ERR;ERR;ERR;ERR;ERR
801;0.01;False;0.01;True;0.0;True;0.35;True;0.169087169;0.81;True;0.38568954899999996;ERR;ERR;ERR;ERR;ERR;ERR
802;0.01;False;0.0;False;0.0;False;ERR;ERR;ERR;ERR;ERR;ERR;ERR;ERR;ERR;ERR;ERR;ERR
803;0.0;False;2.54;False;3.29;False;ERR;ERR;ERR;ERR;ERR;ERR;ERR;ERR;ERR;ERR;ERR;ERR
804;0.01;False;7.75;False;6.58;False;1.3;False;0.24860363499999993;TO;TO;TO;ERR;ERR;ERR;ERR;ERR;ERR
805;0.01;False;0.01;False;0.01;False;ERR;ERR;ERR;ERR;ERR;ERR;ERR;ERR;ERR;ERR;ERR;ERR
806;0.0;False;1.57;False;0.0;False;0.93;False;0.12243822000000004;1.72;False;0.19972656999999994;ERR;ERR;ERR;ERR;ERR;ERR
807;0.01;False;0.08;False;0.01;False;ERR;ERR;ERR;ERR;ERR;ERR;ERR;ERR;ERR;ERR;ERR;ERR
808;0.01;False;0.01;False;0.01;False;ERR;ERR;ERR;ERR;ERR;ERR;ERR;ERR;ERR;ERR;ERR;ERR
809;0.01;False;0.0;False;0.0;False;2.44;False;0.08989501199999972;1.26;False;0.08571588000000008;ERR;ERR;ERR;ERR;ERR;ERR
810;0.01;False;0.0;False;0.0;False;0.68;False;0.0002468210000000637;10.31;False;0.0002671910000007216;ERR;ERR;ERR;ERR;ERR;ERR
811;0.01;False;2.82;False;17.22;False;10.21;False;0.17672914099999915;65.42;False;0.6123906489999982;ERR;ERR;ERR;ERR;ERR;ERR
812;0.0;False;0.01;False;0.01;False;ERR;ERR;ERR;ERR;ERR;ERR;ERR;ERR;ERR;ERR;ERR;ERR
813;0.0;False;0.0;False;0.01;False;ERR;ERR;ERR;ERR;ERR;ERR;ERR;ERR;ERR;ERR;ERR;ERR
814;5.53;False;0.65;False;0.05;False;ERR;ERR;ERR;ERR;ERR;ERR;ERR;ERR;ERR;ERR;ERR;ERR
815;0.01;False;0.0;False;0.0;False;26.87;False;0.5004722289999997;35.35;False;0.4816935419999986;ERR;ERR;ERR;ERR;ERR;ERR
816;0.01;False;0.01;False;0.01;False;0.04;False;2.8852999999995355e-05;0.03;False;2.475700000000025e-05;ERR;ERR;ERR;ERR;ERR;ERR
817;0.02;False;TO;TO;TO;TO;ERR;ERR;ERR;ERR;ERR;ERR;ERR;ERR;ERR;ERR;ERR;ERR
818;0.01;False;0.0;False;0.01;False;ERR;ERR;ERR;ERR;ERR;ERR;ERR;ERR;ERR;ERR;ERR;ERR
819;0.01;False;0.01;False;0.01;False;1.24;False;0.19276856600000014;4.83;False;0.17784963200000004;ERR;ERR;ERR;ERR;ERR;ERR
820;TO;TO;0.57;False;0.01;False;ERR;ERR;ERR;ERR;ERR;ERR;ERR;ERR;ERR;ERR;ERR;ERR
821;ERR;ERR;TO;TO;67.56;True;ERR;ERR;ERR;ERR;ERR;ERR;ERR;ERR;ERR;ERR;ERR;ERR
822;ERR;ERR;0.01;False;0.01;False;TO;TO;TO;TO;TO;TO;ERR;ERR;ERR;ERR;ERR;ERR
823;0.01;False;0.01;False;0.01;False;ERR;ERR;ERR;ERR;ERR;ERR;ERR;ERR;ERR;ERR;ERR;ERR
824;0.01;False;4.42;False;0.01;False;ERR;ERR;ERR;ERR;ERR;ERR;ERR;ERR;ERR;ERR;ERR;ERR
825;0.01;False;0.84;False;0.0;False;ERR;ERR;ERR;ERR;ERR;ERR;ERR;ERR;ERR;ERR;ERR;ERR
826;0.02;False;0.13;False;0.16;False;ERR;ERR;ERR;ERR;ERR;ERR;ERR;ERR;ERR;ERR;ERR;ERR
827;0.01;False;0.01;True;0.01;True;0.11;True;0.075659895;0.11;True;0.07627278600000001;ERR;ERR;ERR;ERR;ERR;ERR
828;0.01;False;TO;TO;TO;TO;ERR;ERR;ERR;ERR;ERR;ERR;ERR;ERR;ERR;ERR;ERR;ERR
829;0.02;False;0.01;True;0.02;True;ERR;ERR;ERR;ERR;ERR;ERR;ERR;ERR;ERR;ERR;ERR;ERR
830;0.01;False;0.0;False;0.0;False;ERR;ERR;ERR;ERR;ERR;ERR;ERR;ERR;ERR;ERR;ERR;ERR
831;ERR;ERR;0.01;False;0.01;False;ERR;ERR;ERR;ERR;ERR;ERR;ERR;ERR;ERR;ERR;ERR;ERR
832;0.02;True;0.01;False;0.01;False;ERR;ERR;ERR;ERR;ERR;ERR;ERR;ERR;ERR;ERR;ERR;ERR
833;0.01;False;0.01;False;0.01;False;18.27;False;0.23773220600000045;TO;TO;TO;ERR;ERR;ERR;ERR;ERR;ERR
834;0.0;True;0.0;True;0.01;True;0.15;True;0.11142798300000001;0.18;True;0.12384365900000002;ERR;ERR;ERR;ERR;ERR;ERR
835;0.0;False;0.0;False;0.01;False;ERR;ERR;ERR;ERR;ERR;ERR;ERR;ERR;ERR;ERR;ERR;ERR
836;0.01;False;0.06;False;0.08;False;ERR;ERR;ERR;ERR;ERR;ERR;ERR;ERR;ERR;ERR;ERR;ERR
837;0.01;False;0.0;False;0.01;False;11.11;False;0.21811211599999858;75.59;False;0.21290967699999896;ERR;ERR;ERR;ERR;ERR;ERR
838;0.01;False;14.7;False;ERR;ERR;0.89;False;0.311231509;0.75;False;0.40498362999999993;ERR;ERR;ERR;ERR;ERR;ERR
839;0.01;False;TO;TO;ERR;ERR;8.27;False;0.22677501999999983;1.91;False;0.38450576299999994;ERR;ERR;ERR;ERR;ERR;ERR
840;ERR;ERR;0.0;True;0.01;True;ERR;ERR;ERR;ERR;ERR;ERR;ERR;ERR;ERR;ERR;ERR;ERR
841;0.02;False;2.11;False;3.69;False;3.3;False;0.4380221409999998;1.34;False;0.5455633700000001;ERR;ERR;ERR;ERR;ERR;ERR
842;0.01;False;0.25;False;2.81;False;ERR;ERR;ERR;ERR;ERR;ERR;ERR;ERR;ERR;ERR;ERR;ERR
843;0.0;False;TO;TO;ERR;ERR;11.18;False;0.0012630060000002885;2.39;False;0.0014199409999999801;ERR;ERR;ERR;ERR;ERR;ERR
844;0.01;False;0.01;False;0.01;False;ERR;ERR;ERR;ERR;ERR;ERR;ERR;ERR;ERR;ERR;ERR;ERR
845;0.86;True;0.01;True;0.0;True;0.11;True;0.073910489;0.12;True;0.084147325;ERR;ERR;ERR;ERR;ERR;ERR
846;0.0;False;0.01;False;0.01;False;ERR;ERR;ERR;ERR;ERR;ERR;ERR;ERR;ERR;ERR;ERR;ERR
847;0.01;False;0.0;False;0.01;False;TO;TO;TO;TO;TO;TO;ERR;ERR;ERR;ERR;ERR;ERR
848;0.02;False;0.0;False;0.01;False;ERR;ERR;ERR;ERR;ERR;ERR;ERR;ERR;ERR;ERR;ERR;ERR
849;0.0;False;TO;TO;ERR;ERR;ERR;ERR;ERR;ERR;ERR;ERR;ERR;ERR;ERR;ERR;ERR;ERR
850;TO;TO;0.15;True;0.01;True;ERR;ERR;ERR;ERR;ERR;ERR;ERR;ERR;ERR;ERR;ERR;ERR
851;0.0;False;0.0;False;0.0;False;ERR;ERR;ERR;ERR;ERR;ERR;ERR;ERR;ERR;ERR;ERR;ERR
852;0.01;False;6.13;False;4.0;False;ERR;ERR;ERR;ERR;ERR;ERR;ERR;ERR;ERR;ERR;ERR;ERR
853;0.01;False;0.01;False;0.01;False;ERR;ERR;ERR;ERR;ERR;ERR;ERR;ERR;ERR;ERR;ERR;ERR
854;0.02;True;0.01;True;0.01;True;ERR;ERR;ERR;ERR;ERR;ERR;ERR;ERR;ERR;ERR;ERR;ERR
855;0.0;False;0.0;False;0.0;False;ERR;ERR;ERR;ERR;ERR;ERR;ERR;ERR;ERR;ERR;ERR;ERR
856;ERR;ERR;0.01;True;0.01;True;0.13;True;0.10456232800000001;0.14;True;0.10444761600000001;ERR;ERR;ERR;ERR;ERR;ERR
857;0.01;False;0.01;False;0.01;False;ERR;ERR;ERR;ERR;ERR;ERR;ERR;ERR;ERR;ERR;ERR;ERR
858;0.01;False;TO;TO;0.01;False;ERR;ERR;ERR;ERR;ERR;ERR;ERR;ERR;ERR;ERR;ERR;ERR
859;0.01;False;0.01;True;0.01;True;ERR;ERR;ERR;ERR;ERR;ERR;ERR;ERR;ERR;ERR;ERR;ERR
860;0.0;False;0.01;False;0.01;False;ERR;ERR;ERR;ERR;ERR;ERR;ERR;ERR;ERR;ERR;ERR;ERR
861;0.0;False;16.28;False;ERR;ERR;TO;TO;TO;81.02;False;0.9095055479999985;ERR;ERR;ERR;ERR;ERR;ERR
862;0.02;False;0.02;False;0.02;False;ERR;ERR;ERR;ERR;ERR;ERR;ERR;ERR;ERR;ERR;ERR;ERR
863;0.01;False;0.05;False;0.08;False;ERR;ERR;ERR;ERR;ERR;ERR;ERR;ERR;ERR;ERR;ERR;ERR
864;14.96;True;0.0;True;0.01;True;14.11;True;0.36535827099999985;TO;TO;TO;ERR;ERR;ERR;ERR;ERR;ERR
865;35.47;True;0.01;True;0.01;True;0.27;True;0.223687945;0.57;True;0.48961919900000006;ERR;ERR;ERR;ERR;ERR;ERR
866;0.61;False;TO;TO;TO;TO;0.25;False;0.148345917;0.87;False;0.31486381199999997;ERR;ERR;ERR;ERR;ERR;ERR
867;0.01;False;0.01;False;0.01;False;ERR;ERR;ERR;ERR;ERR;ERR;ERR;ERR;ERR;ERR;ERR;ERR
868;0.01;False;0.01;True;0.01;True;10.82;True;0.29095960000000076;15.08;True;0.4676463169999998;ERR;ERR;ERR;ERR;ERR;ERR
869;0.0;False;0.01;False;0.01;False;ERR;ERR;ERR;ERR;ERR;ERR;ERR;ERR;ERR;ERR;ERR;ERR
870;ERR;ERR;0.01;False;0.01;False;ERR;ERR;ERR;ERR;ERR;ERR;ERR;ERR;ERR;ERR;ERR;ERR
871;0.01;False;0.01;False;0.01;False;86.28;False;0.24806745899999783;23.24;False;0.2527230270000018;ERR;ERR;ERR;ERR;ERR;ERR
872;0.01;False;TO;TO;ERR;ERR;ERR;ERR;ERR;ERR;ERR;ERR;ERR;ERR;ERR;ERR;ERR;ERR
873;0.01;False;3.33;False;ERR;ERR;ERR;ERR;ERR;ERR;ERR;ERR;ERR;ERR;ERR;ERR;ERR;ERR
874;87.89;False;0.37;False;0.55;False;ERR;ERR;ERR;ERR;ERR;ERR;ERR;ERR;ERR;ERR;ERR;ERR
875;0.01;False;0.01;False;0.01;False;11.44;False;0.17798993199999913;19.31;False;0.1901507759999994;ERR;ERR;ERR;ERR;ERR;ERR
876;0.01;False;0.01;True;0.01;True;0.38;True;0.11128959500000002;7.66;True;0.2846740150000002;ERR;ERR;ERR;ERR;ERR;ERR
877;0.01;False;25.39;False;0.01;False;ERR;ERR;ERR;ERR;ERR;ERR;ERR;ERR;ERR;ERR;ERR;ERR
878;0.01;False;0.01;False;0.01;False;ERR;ERR;ERR;ERR;ERR;ERR;ERR;ERR;ERR;ERR;ERR;ERR
879;0.01;False;0.01;False;0.0;False;TO;TO;TO;TO;TO;TO;ERR;ERR;ERR;ERR;ERR;ERR
880;0.01;False;0.01;True;0.01;True;0.25;True;0.16244710299999998;0.35;True;0.130434382;ERR;ERR;ERR;ERR;ERR;ERR
881;0.01;False;0.01;True;0.01;True;5.13;True;0.21354205600000054;7.94;True;0.4097773050000004;ERR;ERR;ERR;ERR;ERR;ERR
882;0.13;True;0.0;True;0.01;True;0.44;True;0.248658166;0.44;True;0.36098691;ERR;ERR;ERR;ERR;ERR;ERR
883;0.01;True;0.0;False;0.01;False;TO;TO;TO;TO;TO;TO;ERR;ERR;ERR;ERR;ERR;ERR
884;ERR;ERR;0.0;True;0.01;True;ERR;ERR;ERR;ERR;ERR;ERR;ERR;ERR;ERR;ERR;ERR;ERR
885;0.0;True;TO;TO;ERR;ERR;ERR;ERR;ERR;ERR;ERR;ERR;ERR;ERR;ERR;ERR;ERR;ERR
886;0.02;False;0.0;False;0.01;False;ERR;ERR;ERR;ERR;ERR;ERR;ERR;ERR;ERR;ERR;ERR;ERR
887;0.01;False;0.97;False;1.27;False;ERR;ERR;ERR;ERR;ERR;ERR;ERR;ERR;ERR;ERR;ERR;ERR
888;0.01;False;1.55;False;2.22;False;ERR;ERR;ERR;ERR;ERR;ERR;ERR;ERR;ERR;ERR;ERR;ERR
889;0.0;False;0.91;False;1.28;False;ERR;ERR;ERR;ERR;ERR;ERR;ERR;ERR;ERR;ERR;ERR;ERR
890;0.0;False;0.93;False;0.01;False;ERR;ERR;ERR;ERR;ERR;ERR;ERR;ERR;ERR;ERR;ERR;ERR
891;0.01;False;1.45;False;1.98;False;ERR;ERR;ERR;ERR;ERR;ERR;ERR;ERR;ERR;ERR;ERR;ERR
892;0.01;False;0.0;False;0.01;False;0.41;False;0.274967827;0.63;False;0.390130325;ERR;ERR;ERR;ERR;ERR;ERR
893;0.0;False;0.01;False;0.0;False;ERR;ERR;ERR;ERR;ERR;ERR;ERR;ERR;ERR;ERR;ERR;ERR
894;ERR;ERR;0.0;False;0.01;False;0.05;False;7.543299999999975e-05;0.04;False;7.637499999999658e-05;ERR;ERR;ERR;ERR;ERR;ERR
895;0.0;False;0.0;False;0.0;False;ERR;ERR;ERR;ERR;ERR;ERR;ERR;ERR;ERR;ERR;ERR;ERR
896;0.01;False;0.0;True;0.01;True;5.79;True;0.28937409999999986;8.15;True;0.5336548159999994;ERR;ERR;ERR;ERR;ERR;ERR
897;0.01;False;0.0;True;0.01;True;0.2;True;0.125824974;0.24;True;0.20209652699999997;ERR;ERR;ERR;ERR;ERR;ERR
898;ERR;ERR;5.27;False;0.0;False;ERR;ERR;ERR;ERR;ERR;ERR;ERR;ERR;ERR;ERR;ERR;ERR
899;0.02;True;0.0;True;0.01;True;0.75;True;0.0011562849999999791;0.44;True;0.0016021050000000203;ERR;ERR;ERR;ERR;ERR;ERR
900;0.02;False;0.92;False;1.42;False;1.6;False;0.29132106300000005;4.76;False;0.5909843179999998;ERR;ERR;ERR;ERR;ERR;ERR
901;0.01;False;0.03;True;0.0;True;ERR;ERR;ERR;ERR;ERR;ERR;ERR;ERR;ERR;ERR;ERR;ERR
902;0.0;False;0.01;False;0.01;False;ERR;ERR;ERR;ERR;ERR;ERR;ERR;ERR;ERR;ERR;ERR;ERR
903;0.02;False;0.01;True;0.01;True;1.14;True;0.2998319380000001;2.59;True;0.6731822170000001;ERR;ERR;ERR;ERR;ERR;ERR
904;0.01;False;0.01;False;0.01;False;0.24;False;0.08005374099999998;1.9;False;0.07799931699999996;ERR;ERR;ERR;ERR;ERR;ERR
905;0.06;True;0.01;True;0.01;True;ERR;ERR;ERR;ERR;ERR;ERR;ERR;ERR;ERR;ERR;ERR;ERR
906;0.01;False;0.01;False;0.0;False;2.64;False;0.17239579700000007;46.86;False;0.1693887719999978;ERR;ERR;ERR;ERR;ERR;ERR
907;0.01;False;0.01;False;0.01;False;ERR;ERR;ERR;ERR;ERR;ERR;ERR;ERR;ERR;ERR;ERR;ERR
908;0.01;False;0.02;False;0.01;False;1.65;False;0.0015364760000000643;0.72;False;0.003035166000000089;ERR;ERR;ERR;ERR;ERR;ERR
909;0.0;False;2.68;True;3.69;True;ERR;ERR;ERR;ERR;ERR;ERR;ERR;ERR;ERR;ERR;ERR;ERR
910;ERR;ERR;0.01;False;0.0;False;ERR;ERR;ERR;ERR;ERR;ERR;ERR;ERR;ERR;ERR;ERR;ERR
911;0.02;False;0.05;False;0.01;False;5.68;False;0.40356758499999934;7.28;False;0.5331436380000003;ERR;ERR;ERR;ERR;ERR;ERR
912;0.01;False;0.58;False;0.51;False;TO;TO;TO;65.35;False;0.6916280030000053;ERR;ERR;ERR;ERR;ERR;ERR
913;0.01;True;0.01;False;0.01;False;ERR;ERR;ERR;ERR;ERR;ERR;ERR;ERR;ERR;ERR;ERR;ERR
914;ERR;ERR;0.01;True;0.01;True;ERR;ERR;ERR;ERR;ERR;ERR;ERR;ERR;ERR;ERR;ERR;ERR
915;0.02;False;20.53;False;34.74;False;ERR;ERR;ERR;ERR;ERR;ERR;ERR;ERR;ERR;ERR;ERR;ERR
916;0.01;False;0.0;False;0.0;False;ERR;ERR;ERR;ERR;ERR;ERR;ERR;ERR;ERR;ERR;ERR;ERR
917;0.0;False;0.01;True;0.01;True;35.76;True;0.22901410100000064;72.74;True;0.40882179100000116;ERR;ERR;ERR;ERR;ERR;ERR
918;14.23;False;6.61;False;0.01;False;0.2;False;0.13735207500000002;0.27;False;0.158338616;ERR;ERR;ERR;ERR;ERR;ERR
919;0.01;False;0.01;True;0.01;True;ERR;ERR;ERR;ERR;ERR;ERR;ERR;ERR;ERR;ERR;ERR;ERR
920;ERR;ERR;0.0;False;0.01;False;ERR;ERR;ERR;ERR;ERR;ERR;ERR;ERR;ERR;ERR;ERR;ERR
921;0.01;False;0.13;False;0.01;False;ERR;ERR;ERR;ERR;ERR;ERR;ERR;ERR;ERR;ERR;ERR;ERR
922;0.02;True;0.0;True;0.01;True;ERR;ERR;ERR;ERR;ERR;ERR;ERR;ERR;ERR;ERR;ERR;ERR
923;0.0;False;0.01;False;0.01;False;ERR;ERR;ERR;ERR;ERR;ERR;ERR;ERR;ERR;ERR;ERR;ERR
924;0.0;False;0.01;False;0.01;False;ERR;ERR;ERR;ERR;ERR;ERR;ERR;ERR;ERR;ERR;ERR;ERR
925;0.01;False;0.0;False;ERR;ERR;ERR;ERR;ERR;ERR;ERR;ERR;ERR;ERR;ERR;ERR;ERR;ERR
926;0.01;False;0.74;False;6.89;False;ERR;ERR;ERR;ERR;ERR;ERR;ERR;ERR;ERR;ERR;ERR;ERR
927;0.01;False;0.01;False;0.01;False;ERR;ERR;ERR;ERR;ERR;ERR;ERR;ERR;ERR;ERR;ERR;ERR
928;22.51;True;0.01;True;0.01;True;ERR;ERR;ERR;ERR;ERR;ERR;ERR;ERR;ERR;ERR;ERR;ERR
929;0.01;False;0.0;False;0.01;False;0.04;False;2.4216000000000515e-05;0.17;False;3.8186999999995086e-05;ERR;ERR;ERR;ERR;ERR;ERR
930;11.38;True;0.0;True;0.01;True;0.34;True;0.26348145599999995;0.3;True;0.261710738;ERR;ERR;ERR;ERR;ERR;ERR
931;ERR;ERR;0.01;False;0.0;False;TO;TO;TO;17.81;False;0.001642335000001438;ERR;ERR;ERR;ERR;ERR;ERR
932;0.01;False;0.01;True;0.01;True;0.17;True;0.10396690400000001;0.28;True;0.15939120599999998;ERR;ERR;ERR;ERR;ERR;ERR
933;0.01;False;1.06;False;1.62;False;ERR;ERR;ERR;ERR;ERR;ERR;ERR;ERR;ERR;ERR;ERR;ERR
934;ERR;ERR;0.01;False;0.01;False;10.32;False;0.1746373710000011;2.97;False;0.15462566199999994;ERR;ERR;ERR;ERR;ERR;ERR
935;ERR;ERR;0.01;False;0.01;False;9.59;False;0.0019513189999997849;2.79;False;0.001618729000000041;ERR;ERR;ERR;ERR;ERR;ERR
936;0.13;False;0.09;False;0.12;False;0.64;False;0.10693540000000007;1.4;False;0.13984743100000008;ERR;ERR;ERR;ERR;ERR;ERR
937;ERR;ERR;TO;TO;0.01;False;17.57;False;0.07888154099999944;57.18;False;0.1887854570000016;ERR;ERR;ERR;ERR;ERR;ERR
938;0.0;False;0.01;True;0.01;True;ERR;ERR;ERR;ERR;ERR;ERR;ERR;ERR;ERR;ERR;ERR;ERR
939;0.01;False;0.0;False;0.01;False;ERR;ERR;ERR;ERR;ERR;ERR;ERR;ERR;ERR;ERR;ERR;ERR
940;0.41;True;0.0;True;0.01;True;ERR;ERR;ERR;ERR;ERR;ERR;ERR;ERR;ERR;ERR;ERR;ERR
941;ERR;ERR;0.0;True;0.01;True;1.63;True;0.13964717000000015;1.15;True;0.252717949;ERR;ERR;ERR;ERR;ERR;ERR
942;0.0;False;16.6;False;0.01;False;ERR;ERR;ERR;ERR;ERR;ERR;ERR;ERR;ERR;ERR;ERR;ERR
943;0.0;False;TO;TO;0.0;False;ERR;ERR;ERR;ERR;ERR;ERR;ERR;ERR;ERR;ERR;ERR;ERR
944;0.01;False;0.01;False;0.01;False;ERR;ERR;ERR;ERR;ERR;ERR;ERR;ERR;ERR;ERR;ERR;ERR
945;0.01;False;0.01;False;0.01;False;21.83;False;0.11604629600000038;21.15;False;0.20322187600000063;ERR;ERR;ERR;ERR;ERR;ERR
946;0.01;False;0.01;False;0.01;False;ERR;ERR;ERR;ERR;ERR;ERR;ERR;ERR;ERR;ERR;ERR;ERR
947;0.01;False;0.01;False;0.01;False;ERR;ERR;ERR;ERR;ERR;ERR;ERR;ERR;ERR;ERR;ERR;ERR
948;ERR;ERR;0.01;False;0.0;False;ERR;ERR;ERR;ERR;ERR;ERR;ERR;ERR;ERR;ERR;ERR;ERR
949;0.01;False;0.01;False;0.01;False;ERR;ERR;ERR;ERR;ERR;ERR;ERR;ERR;ERR;ERR;ERR;ERR
950;0.02;False;0.0;False;0.01;False;TO;TO;TO;TO;TO;TO;ERR;ERR;ERR;ERR;ERR;ERR
951;0.01;False;0.01;False;0.01;False;ERR;ERR;ERR;ERR;ERR;ERR;ERR;ERR;ERR;ERR;ERR;ERR
952;0.01;False;37.2;False;34.46;False;ERR;ERR;ERR;ERR;ERR;ERR;ERR;ERR;ERR;ERR;ERR;ERR
953;ERR;ERR;0.01;False;0.01;False;ERR;ERR;ERR;ERR;ERR;ERR;ERR;ERR;ERR;ERR;ERR;ERR
954;44.56;True;0.02;True;0.01;True;0.35;True;0.10920072000000003;0.42;True;0.193667996;ERR;ERR;ERR;ERR;ERR;ERR
955;0.02;False;0.01;False;0.01;False;ERR;ERR;ERR;ERR;ERR;ERR;ERR;ERR;ERR;ERR;ERR;ERR
956;0.01;False;64.7;False;86.38;False;ERR;ERR;ERR;ERR;ERR;ERR;ERR;ERR;ERR;ERR;ERR;ERR
957;0.02;False;0.1;False;0.01;False;0.49;False;0.144241817;0.86;False;0.298935933;ERR;ERR;ERR;ERR;ERR;ERR
958;TO;TO;0.01;True;0.02;True;0.5;True;0.18394921800000003;21.92;True;0.5297644949999984;ERR;ERR;ERR;ERR;ERR;ERR
959;11.36;True;0.01;True;0.01;True;0.73;True;0.15870744999999997;2.05;True;0.40524458200000013;ERR;ERR;ERR;ERR;ERR;ERR
960;0.02;False;0.01;True;0.01;True;0.41;True;0.22876119999999997;1.56;True;1.098513299;ERR;ERR;ERR;ERR;ERR;ERR
961;0.01;False;0.01;False;0.01;False;2.33;False;0.18616477399999987;40.0;False;0.2534525820000013;ERR;ERR;ERR;ERR;ERR;ERR
962;0.01;False;0.01;False;0.01;False;9.08;False;0.1140355280000005;TO;TO;TO;ERR;ERR;ERR;ERR;ERR;ERR
963;0.01;False;TO;TO;0.01;False;ERR;ERR;ERR;ERR;ERR;ERR;ERR;ERR;ERR;ERR;ERR;ERR
964;0.01;False;0.01;False;0.02;False;ERR;ERR;ERR;ERR;ERR;ERR;ERR;ERR;ERR;ERR;ERR;ERR
965;0.02;False;0.84;False;1.29;False;ERR;ERR;ERR;ERR;ERR;ERR;ERR;ERR;ERR;ERR;ERR;ERR
966;0.0;False;0.0;False;0.01;False;ERR;ERR;ERR;ERR;ERR;ERR;ERR;ERR;ERR;ERR;ERR;ERR
967;0.02;False;0.01;True;0.0;True;TO;TO;TO;TO;TO;TO;ERR;ERR;ERR;ERR;ERR;ERR
968;0.01;False;61.99;False;ERR;ERR;ERR;ERR;ERR;ERR;ERR;ERR;ERR;ERR;ERR;ERR;ERR;ERR
969;0.01;False;0.01;True;0.01;True;5.59;True;0.2852890980000007;8.31;True;0.5585614310000002;ERR;ERR;ERR;ERR;ERR;ERR
970;0.0;False;0.01;False;0.01;False;ERR;ERR;ERR;ERR;ERR;ERR;ERR;ERR;ERR;ERR;ERR;ERR
971;0.01;False;0.01;False;0.01;False;ERR;ERR;ERR;ERR;ERR;ERR;ERR;ERR;ERR;ERR;ERR;ERR
972;0.01;False;0.0;False;0.01;False;ERR;ERR;ERR;ERR;ERR;ERR;ERR;ERR;ERR;ERR;ERR;ERR
973;0.02;False;0.0;False;0.01;False;ERR;ERR;ERR;ERR;ERR;ERR;ERR;ERR;ERR;ERR;ERR;ERR
974;0.02;False;0.01;False;0.0;False;ERR;ERR;ERR;ERR;ERR;ERR;ERR;ERR;ERR;ERR;ERR;ERR
975;0.02;False;0.01;True;0.01;True;0.2;True;0.14190472799999998;0.25;True;0.20627579999999998;ERR;ERR;ERR;ERR;ERR;ERR
976;40.03;False;14.35;False;0.01;False;0.28;False;0.228446298;0.37;False;0.271375715;ERR;ERR;ERR;ERR;ERR;ERR
977;ERR;ERR;0.01;True;0.01;True;ERR;ERR;ERR;ERR;ERR;ERR;ERR;ERR;ERR;ERR;ERR;ERR
978;ERR;ERR;0.01;False;0.01;False;ERR;ERR;ERR;ERR;ERR;ERR;ERR;ERR;ERR;ERR;ERR;ERR
979;0.02;False;0.0;False;0.0;False;ERR;ERR;ERR;ERR;ERR;ERR;ERR;ERR;ERR;ERR;ERR;ERR
980;ERR;ERR;0.0;True;0.01;True;ERR;ERR;ERR;ERR;ERR;ERR;ERR;ERR;ERR;ERR;ERR;ERR
981;0.0;False;0.15;False;0.2;False;ERR;ERR;ERR;ERR;ERR;ERR;ERR;ERR;ERR;ERR;ERR;ERR
982;ERR;ERR;0.01;True;0.0;True;0.87;True;0.15759826499999996;1.76;True;0.8768490990000001;ERR;ERR;ERR;ERR;ERR;ERR
983;0.01;False;0.0;False;0.01;False;ERR;ERR;ERR;ERR;ERR;ERR;ERR;ERR;ERR;ERR;ERR;ERR
984;0.01;False;0.01;False;0.01;False;TO;TO;TO;TO;TO;TO;ERR;ERR;ERR;ERR;ERR;ERR
985;ERR;ERR;0.04;True;0.06;True;ERR;ERR;ERR;ERR;ERR;ERR;ERR;ERR;ERR;ERR;ERR;ERR
986;0.11;True;0.01;True;0.01;True;0.43;True;0.19066448699999997;1.34;True;0.715152394;ERR;ERR;ERR;ERR;ERR;ERR
987;38.83;True;0.01;True;0.01;True;0.78;True;0.16965208799999998;2.35;True;0.47638427299999986;ERR;ERR;ERR;ERR;ERR;ERR
988;ERR;ERR;0.01;True;0.01;True;ERR;ERR;ERR;ERR;ERR;ERR;ERR;ERR;ERR;ERR;ERR;ERR
989;0.01;False;0.21;False;0.01;False;7.15;False;0.33787391800000055;7.71;False;0.609535191;ERR;ERR;ERR;ERR;ERR;ERR
990;0.85;True;0.0;True;0.0;True;ERR;ERR;ERR;ERR;ERR;ERR;ERR;ERR;ERR;ERR;ERR;ERR
991;0.02;False;0.0;True;0.01;True;ERR;ERR;ERR;ERR;ERR;ERR;ERR;ERR;ERR;ERR;ERR;ERR
992;0.02;False;TO;TO;0.01;False;ERR;ERR;ERR;ERR;ERR;ERR;ERR;ERR;ERR;ERR;ERR;ERR
993;0.0;False;0.12;False;0.07;False;ERR;ERR;ERR;ERR;ERR;ERR;ERR;ERR;ERR;ERR;ERR;ERR
994;0.0;False;0.15;False;0.06;False;ERR;ERR;ERR;ERR;ERR;ERR;ERR;ERR;ERR;ERR;ERR;ERR
995;0.01;False;0.0;False;0.01;False;TO;TO;TO;TO;TO;TO;ERR;ERR;ERR;ERR;ERR;ERR
996;0.01;False;0.01;False;0.0;False;ERR;ERR;ERR;ERR;ERR;ERR;ERR;ERR;ERR;ERR;ERR;ERR
997;0.01;False;TO;TO;0.01;False;ERR;ERR;ERR;ERR;ERR;ERR;ERR;ERR;ERR;ERR;ERR;ERR
998;0.01;True;0.01;False;0.01;False;ERR;ERR;ERR;ERR;ERR;ERR;ERR;ERR;ERR;ERR;ERR;ERR
999;0.01;False;2.28;False;0.08;False;ERR;ERR;ERR;ERR;ERR;ERR;ERR;ERR;ERR;ERR;ERR;ERR
1000;77.49;False;0.4;False;0.54;False;0.21;False;0.165912906;0.3;False;0.260618608;ERR;ERR;ERR;ERR;ERR;ERR
1001;0.01;False;TO;TO;0.01;False;ERR;ERR;ERR;ERR;ERR;ERR;ERR;ERR;ERR;ERR;ERR;ERR
1002;0.02;False;25.95;False;39.38;False;ERR;ERR;ERR;ERR;ERR;ERR;ERR;ERR;ERR;ERR;ERR;ERR
1003;0.01;False;0.01;True;0.01;True;1.4;True;0.34168290599999995;2.64;True;0.6164380339999997;ERR;ERR;ERR;ERR;ERR;ERR
1004;ERR;ERR;6.64;False;0.01;False;1.48;False;0.11672961100000001;3.47;False;0.20628195900000001;ERR;ERR;ERR;ERR;ERR;ERR
1005;0.02;False;0.01;True;0.01;True;ERR;ERR;ERR;ERR;ERR;ERR;ERR;ERR;ERR;ERR;ERR;ERR
1006;0.01;True;0.01;True;0.01;True;ERR;ERR;ERR;ERR;ERR;ERR;ERR;ERR;ERR;ERR;ERR;ERR
1007;0.01;False;0.01;False;0.01;False;2.03;False;0.21640710800000007;4.31;False;0.23979280900000033;ERR;ERR;ERR;ERR;ERR;ERR
1008;0.0;False;TO;TO;ERR;ERR;ERR;ERR;ERR;ERR;ERR;ERR;ERR;ERR;ERR;ERR;ERR;ERR
1009;0.02;False;0.01;False;0.0;False;ERR;ERR;ERR;ERR;ERR;ERR;ERR;ERR;ERR;ERR;ERR;ERR
1010;0.01;False;0.74;False;1.72;False;ERR;ERR;ERR;ERR;ERR;ERR;ERR;ERR;ERR;ERR;ERR;ERR
1011;0.01;False;1.59;True;2.28;True;22.33;True;0.3535146049999973;TO;TO;TO;ERR;ERR;ERR;ERR;ERR;ERR
1012;0.01;True;TO;TO;0.0;False;ERR;ERR;ERR;ERR;ERR;ERR;ERR;ERR;ERR;ERR;ERR;ERR
1013;0.22;False;0.1;False;0.12;False;0.48;False;0.08726290199999998;0.98;False;0.11630350200000006;ERR;ERR;ERR;ERR;ERR;ERR
1014;ERR;ERR;0.0;False;0.01;False;ERR;ERR;ERR;ERR;ERR;ERR;ERR;ERR;ERR;ERR;ERR;ERR
1015;TO;TO;46.45;True;0.47;True;ERR;ERR;ERR;ERR;ERR;ERR;ERR;ERR;ERR;ERR;ERR;ERR
1016;ERR;ERR;0.0;True;0.01;True;ERR;ERR;ERR;ERR;ERR;ERR;ERR;ERR;ERR;ERR;ERR;ERR
1017;0.01;False;0.01;False;0.01;False;1.82;False;0.18419816100000008;43.3;False;0.28024490800000024;ERR;ERR;ERR;ERR;ERR;ERR
1018;0.03;False;0.02;False;0.02;False;0.63;False;0.12788440399999995;1.82;False;0.200592259;ERR;ERR;ERR;ERR;ERR;ERR
1019;0.0;False;TO;TO;0.02;False;ERR;ERR;ERR;ERR;ERR;ERR;ERR;ERR;ERR;ERR;ERR;ERR
1020;0.01;True;0.01;False;0.01;False;ERR;ERR;ERR;ERR;ERR;ERR;ERR;ERR;ERR;ERR;ERR;ERR
1021;TO;TO;50.74;True;0.45;True;ERR;ERR;ERR;ERR;ERR;ERR;ERR;ERR;ERR;ERR;ERR;ERR
1022;0.01;False;0.01;False;0.0;False;4.25;False;0.0813308979999996;2.08;False;0.08034060100000007;ERR;ERR;ERR;ERR;ERR;ERR
