name;grep-runtime;grep-result;re-runtime;re-result;pcre2-runtime;pcre2-result;rsaregex-runtime;rsaregex-result;rsaregex-matchtime;js-runtime;js-result;java-runtime;java-result;net-runtime;net-result
0;0.02;False;0.02;True;0.01;True;ERR;ERR;ERR;0.07;True;ERR;ERR;0.08;True
1;0.01;False;0.02;True;0.01;True;ERR;ERR;ERR;0.06;True;0.06;True;0.04;True
2;0.02;False;0.01;False;0.01;False;ERR;ERR;ERR;ERR;ERR;ERR;ERR;ERR;ERR
3;0.14;False;0.07;False;0.08;False;0.46;False;0.089217359;0.06;False;0.06;False;0.18;False
4;0.03;True;0.11;True;0.23;True;ERR;ERR;ERR;0.1;True;ERR;ERR;0.34;True
5;0.01;False;0.01;False;0.01;False;32.61;False;0.08294575299999707;0.07;False;ERR;ERR;0.03;False
6;0.01;False;0.01;True;0.01;True;ERR;ERR;ERR;0.05;True;0.34;False;0.04;True
7;0.01;False;0.01;False;0.01;False;0.5;False;0.25642339599999997;0.06;False;0.06;False;0.05;False
8;ERR;ERR;0.0;True;0.01;True;TO;TO;TO;0.05;True;0.04;True;0.04;True
9;0.02;False;0.01;False;0.01;False;2.65;False;0.1856132060000002;0.06;False;0.04;False;0.05;False
10;0.01;False;0.0;False;0.01;False;TO;TO;TO;0.06;False;0.03;False;0.05;False
11;ERR;ERR;0.0;False;0.01;False;ERR;ERR;ERR;0.05;False;0.03;False;0.03;False
12;0.02;True;0.0;True;0.01;True;0.16;True;0.001725151000000008;0.07;True;TO;TO;0.03;True
13;ERR;ERR;0.0;False;0.01;False;ERR;ERR;ERR;0.06;False;0.03;False;0.02;False
14;0.01;False;84.19;False;0.0;False;0.6;False;0.47923114899999997;12.19;False;60.11;False;TO;TO
15;0.0;False;0.01;False;0.01;False;ERR;ERR;ERR;0.06;False;0.06;False;0.04;False
16;0.0;False;0.0;False;0.06;False;TO;TO;TO;ERR;ERR;ERR;ERR;ERR;ERR
17;0.01;False;0.01;False;0.01;False;0.03;False;6.369999999998599e-06;0.06;False;0.02;False;0.04;False
18;0.01;False;0.01;False;0.04;False;ERR;ERR;ERR;ERR;ERR;0.2;False;0.09;False
19;0.02;False;0.01;False;0.01;False;ERR;ERR;ERR;0.07;False;0.02;False;0.05;False
20;0.01;False;0.0;False;0.01;False;ERR;ERR;ERR;0.05;False;0.03;False;0.04;False
21;0.01;False;0.01;False;0.01;False;ERR;ERR;ERR;0.06;False;0.03;False;0.03;False
22;0.01;False;0.01;False;0.01;False;ERR;ERR;ERR;0.05;False;0.05;False;0.03;False
23;0.01;False;0.24;False;0.01;False;TO;TO;TO;ERR;ERR;ERR;ERR;ERR;ERR
24;0.01;False;0.01;False;0.01;False;TO;TO;TO;0.06;False;0.06;False;0.03;False
25;0.01;False;0.08;False;0.01;False;30.37;False;0.16936700999999843;0.07;False;0.04;False;0.35;False
26;0.02;False;0.01;False;0.01;False;1.05;False;0.1627941930000001;0.06;False;0.06;False;0.03;False
27;0.01;False;0.01;False;0.01;False;0.03;False;8.183999999999969e-05;0.07;False;0.04;False;0.03;False
28;0.0;False;TO;TO;TO;TO;ERR;ERR;ERR;8.62;False;0.33;False;TO;TO
29;0.01;False;0.01;False;0.01;False;ERR;ERR;ERR;0.06;False;0.04;False;0.04;False
30;0.0;False;41.4;False;88.21;False;ERR;ERR;ERR;1.9;False;0.27;False;TO;TO
31;ERR;ERR;30.35;True;24.08;True;ERR;ERR;ERR;2.6;True;34.72;False;41.88;True
32;1.3;True;0.01;True;0.0;True;0.36;True;0.15468433500000003;0.06;True;0.04;False;0.06;True
33;0.01;False;3.45;False;0.01;False;ERR;ERR;ERR;6.25;False;18.26;False;0.15;False
34;0.01;False;0.0;False;0.01;False;0.27;False;0.22441423400000002;0.06;False;0.06;False;0.04;False
35;0.01;False;41.34;False;55.14;False;ERR;ERR;ERR;2.81;False;0.23;False;TO;TO
36;0.0;False;0.01;False;0.0;False;ERR;ERR;ERR;0.05;False;0.02;False;0.02;False
37;0.01;False;0.01;False;0.01;False;ERR;ERR;ERR;0.06;False;0.05;False;0.04;False
38;ERR;ERR;0.0;False;0.01;False;ERR;ERR;ERR;0.06;False;0.03;False;0.04;False
39;0.02;False;0.01;False;0.01;False;ERR;ERR;ERR;0.05;False;0.04;False;0.04;False
40;0.0;False;TO;TO;0.01;False;ERR;ERR;ERR;TO;TO;0.16;False;41.48;False
41;0.0;True;0.01;True;0.01;True;8.8;True;4.026365135;0.06;True;ERR;ERR;0.04;True
42;TO;TO;0.38;False;0.77;False;0.26;False;0.228964499;0.16;False;0.6;False;1.47;False
43;0.01;False;0.01;True;0.01;True;0.23;True;0.20690620699999998;0.06;True;0.05;True;0.05;True
44;0.01;False;0.01;True;ERR;ERR;TO;TO;TO;0.06;True;0.04;True;0.04;True
45;0.0;False;0.01;False;0.01;False;ERR;ERR;ERR;0.07;False;ERR;ERR;0.05;False
46;0.01;False;0.01;False;0.01;False;TO;TO;TO;0.06;False;0.04;False;0.02;False
47;0.01;False;0.01;True;0.01;True;ERR;ERR;ERR;0.06;True;ERR;ERR;0.03;True
48;ERR;ERR;0.01;True;0.0;True;ERR;ERR;ERR;0.05;True;0.05;True;0.03;True
49;0.01;False;TO;TO;0.01;False;TO;TO;TO;TO;TO;ERR;ERR;TO;TO
50;0.01;True;0.01;True;0.01;True;0.37;True;0.193199164;0.07;True;0.05;True;0.04;True
51;0.02;False;0.01;True;0.01;True;7.02;True;0.3232207730000001;ERR;ERR;ERR;ERR;ERR;ERR
52;ERR;ERR;0.01;False;0.01;False;1.77;False;0.15049845100000003;0.05;False;0.06;False;0.03;False
53;0.0;False;0.01;True;0.0;True;ERR;ERR;ERR;0.06;True;0.04;False;0.03;True
54;ERR;ERR;0.01;False;ERR;ERR;ERR;ERR;ERR;0.06;False;ERR;ERR;0.04;False
55;0.01;False;0.01;False;0.01;False;ERR;ERR;ERR;0.06;False;0.02;False;0.04;False
56;0.01;False;0.01;False;0.01;False;TO;TO;TO;0.07;False;0.04;False;0.04;False
57;0.01;False;0.01;False;0.0;False;38.26;False;8.393999999611879e-05;0.05;False;0.02;False;0.03;False
58;0.01;False;1.02;False;0.01;False;ERR;ERR;ERR;0.22;False;0.03;False;0.04;False
59;0.0;False;0.01;False;0.01;False;ERR;ERR;ERR;0.06;False;0.04;False;0.04;False
60;0.01;False;0.01;False;0.01;False;ERR;ERR;ERR;0.05;False;ERR;ERR;0.04;False
61;0.01;False;0.01;False;0.01;False;0.18;False;5.475000000002006e-05;0.06;False;0.04;False;0.03;False
62;0.01;False;TO;TO;0.01;False;2.25;False;0.12627674599999983;TO;TO;5.85;False;66.06;False
63;0.01;False;0.02;False;0.02;False;0.02;False;0.0003279909999999997;0.07;False;0.14;False;0.06;False
64;TO;TO;44.16;True;0.48;True;ERR;ERR;ERR;0.13;True;0.03;False;1.18;True
65;ERR;ERR;0.01;False;0.0;False;9.7;False;0.00011533999999890909;0.06;False;0.03;False;0.04;False
66;0.01;False;0.01;False;0.01;False;ERR;ERR;ERR;0.04;False;0.04;False;0.03;False
67;0.03;True;0.09;True;0.22;True;ERR;ERR;ERR;0.08;True;ERR;ERR;0.37;True
68;0.01;False;0.03;False;0.0;False;ERR;ERR;ERR;ERR;ERR;ERR;ERR;ERR;ERR
69;ERR;ERR;0.01;False;0.01;False;8.37;False;0.0018170319999999407;0.06;False;0.04;False;0.03;False
70;0.01;False;TO;TO;ERR;ERR;0.13;False;0.0006311510000000242;TO;TO;TO;TO;TO;TO
71;ERR;ERR;0.01;False;0.01;False;ERR;ERR;ERR;0.06;False;0.02;False;0.04;False
72;0.01;False;0.01;False;ERR;ERR;0.06;False;0.0006676810000000033;0.05;False;0.09;False;0.04;False
73;91.97;True;0.01;True;0.0;True;0.57;True;0.502951773;0.06;True;6.03;False;0.03;True
74;ERR;ERR;0.01;True;0.0;True;0.41;True;0.089294969;0.06;True;0.04;True;0.03;True
75;0.01;False;0.01;False;0.0;False;0.22;False;1.2559999999994798e-05;0.05;False;0.03;False;0.03;False
76;0.01;False;0.0;False;0.01;False;ERR;ERR;ERR;0.07;False;0.03;False;0.04;False
77;ERR;ERR;0.01;False;0.01;False;ERR;ERR;ERR;0.06;False;ERR;ERR;0.03;False
78;0.03;True;0.01;True;0.01;True;ERR;ERR;ERR;0.07;True;0.06;True;0.03;True
79;0.01;False;0.0;False;0.01;False;ERR;ERR;ERR;0.06;False;0.03;False;0.03;False
80;8.08;True;0.01;False;0.01;False;ERR;ERR;ERR;0.05;False;0.02;False;0.04;False
81;0.0;False;0.02;False;0.03;False;ERR;ERR;ERR;0.06;False;0.18;False;0.08;False
82;0.01;False;0.01;False;0.01;False;ERR;ERR;ERR;0.06;False;0.03;False;0.04;False
83;0.0;False;2.22;False;0.08;False;ERR;ERR;ERR;0.49;False;1.24;False;5.14;False
84;0.01;False;4.43;False;0.01;False;ERR;ERR;ERR;5.58;False;0.04;False;0.15;False
85;0.0;False;0.0;False;0.01;False;ERR;ERR;ERR;0.05;False;0.04;False;0.04;False
86;0.01;False;0.01;False;0.01;False;ERR;ERR;ERR;0.06;False;0.06;False;0.04;False
87;0.01;False;0.0;False;ERR;ERR;ERR;ERR;ERR;0.05;False;0.04;False;0.04;False
88;ERR;ERR;0.02;True;0.01;True;ERR;ERR;ERR;0.07;True;ERR;ERR;0.03;True
89;0.01;False;31.28;False;2.5;False;ERR;ERR;ERR;5.59;False;40.79;False;0.15;False
90;0.01;False;1.52;False;2.09;False;ERR;ERR;ERR;0.15;False;1.16;False;5.14;False
91;ERR;ERR;0.01;False;0.01;False;ERR;ERR;ERR;0.06;False;0.03;False;0.05;False
92;ERR;ERR;0.01;False;0.01;False;16.96;False;0.1719989720000008;0.06;False;0.04;False;0.05;False
93;0.02;True;0.0;True;0.01;True;ERR;ERR;ERR;0.05;True;0.06;False;0.04;True
94;ERR;ERR;0.0;False;0.01;False;1.78;False;0.19979634999999996;0.06;False;0.04;False;0.03;False
95;0.01;False;0.01;False;0.0;False;ERR;ERR;ERR;0.07;False;0.05;False;0.03;False
96;ERR;ERR;TO;TO;0.01;False;0.28;False;0.0007855709999999849;TO;TO;TO;TO;TO;TO
97;0.0;False;0.01;False;0.01;False;ERR;ERR;ERR;0.05;False;0.04;False;0.02;False
98;0.01;False;0.72;False;0.72;False;90.06;False;0.7443780140000058;0.15;False;ERR;ERR;1.41;False
99;0.01;False;0.74;False;0.01;False;ERR;ERR;ERR;1.16;False;1.68;False;0.05;False
100;ERR;ERR;0.01;True;0.01;True;ERR;ERR;ERR;0.07;True;0.04;False;0.04;True
101;0.01;False;TO;TO;0.0;False;ERR;ERR;ERR;TO;TO;0.15;False;0.04;False
102;0.01;False;0.01;False;0.01;False;ERR;ERR;ERR;0.06;False;0.03;False;0.04;False
103;0.01;False;0.01;True;0.01;True;0.41;True;0.14129056099999998;ERR;ERR;ERR;ERR;ERR;ERR
104;TO;TO;0.01;True;0.0;True;0.67;True;0.34277460200000004;0.06;True;0.05;False;0.04;True
105;TO;TO;0.32;False;0.69;False;ERR;ERR;ERR;0.06;True;0.48;False;1.35;False
106;0.01;False;0.01;True;0.0;True;8.7;True;0.23489455500000034;ERR;ERR;ERR;ERR;ERR;ERR
107;ERR;ERR;TO;TO;ERR;ERR;ERR;ERR;ERR;TO;TO;TO;TO;TO;TO
108;0.01;False;19.78;False;0.01;False;ERR;ERR;ERR;ERR;ERR;ERR;ERR;ERR;ERR
109;0.01;False;0.01;False;0.0;False;2.75;False;0.10819208800000002;0.05;False;0.04;False;0.03;False
110;ERR;ERR;0.0;False;0.01;False;ERR;ERR;ERR;0.06;False;0.03;False;0.03;False
111;TO;TO;0.01;True;0.01;True;ERR;ERR;ERR;0.06;True;TO;TO;0.02;True
112;0.01;False;0.01;True;0.01;True;7.01;True;0.219824429;ERR;ERR;ERR;ERR;ERR;ERR
113;0.01;False;0.83;False;0.01;False;ERR;ERR;ERR;0.1;False;0.06;False;1.9;False
114;0.02;False;0.01;True;0.01;True;ERR;ERR;ERR;0.06;True;TO;TO;0.02;True
115;0.01;False;0.01;False;0.01;False;ERR;ERR;ERR;0.05;False;0.06;False;0.03;False
116;0.01;False;0.0;False;0.01;False;ERR;ERR;ERR;0.06;False;0.05;False;0.03;False
117;0.01;False;0.0;False;0.01;False;0.06;False;0.03052457;0.06;False;0.04;False;0.05;False
118;0.01;False;0.01;True;0.01;True;ERR;ERR;ERR;0.05;True;0.32;False;0.04;True
119;0.01;False;0.01;False;0.01;False;ERR;ERR;ERR;0.07;False;0.1;False;0.05;False
120;0.01;False;0.0;False;0.0;False;ERR;ERR;ERR;0.07;False;0.03;False;0.03;False
121;0.01;False;0.01;False;0.01;False;ERR;ERR;ERR;0.07;False;0.03;False;0.03;False
122;0.01;False;0.01;False;0.01;False;ERR;ERR;ERR;0.06;False;0.04;False;0.03;False
123;0.01;False;ERR;ERR;0.01;True;ERR;ERR;ERR;0.05;True;0.07;True;0.05;True
124;TO;TO;TO;TO;ERR;ERR;ERR;ERR;ERR;TO;TO;TO;TO;TO;TO
125;0.02;False;0.01;True;0.01;True;ERR;ERR;ERR;ERR;ERR;ERR;ERR;ERR;ERR
126;0.01;False;0.01;False;ERR;ERR;0.05;False;0.0006755110000000036;0.06;False;0.07;False;0.03;False
127;0.01;False;0.0;False;0.01;False;0.76;False;2.491000000004462e-05;0.06;False;0.01;False;0.02;False
128;TO;TO;TO;TO;TO;TO;ERR;ERR;ERR;TO;TO;0.28;False;TO;TO
129;ERR;ERR;0.01;False;ERR;ERR;TO;TO;TO;0.07;False;0.05;False;0.04;False
130;0.01;False;0.01;False;0.01;False;0.26;False;0.17491984500000002;0.06;False;0.02;False;0.03;False
131;0.02;False;0.0;False;0.01;False;ERR;ERR;ERR;0.07;False;0.02;False;0.02;False
132;ERR;ERR;TO;TO;0.01;False;ERR;ERR;ERR;74.2;False;0.73;False;TO;TO
133;0.01;False;1.23;False;3.16;False;ERR;ERR;ERR;0.4;False;1.56;False;5.68;False
134;0.01;False;TO;TO;TO;TO;ERR;ERR;ERR;TO;TO;2.59;False;TO;TO
135;88.69;False;0.51;False;0.79;False;0.38;False;0.24480201499999998;0.11;False;0.53;False;1.7;False
136;0.01;False;87.07;False;0.01;False;0.8;False;0.519134539;12.22;False;60.91;False;TO;TO
137;0.0;False;1.73;False;3.91;False;ERR;ERR;ERR;0.46;False;1.68;False;7.33;False
138;0.0;False;0.0;False;0.01;False;ERR;ERR;ERR;0.06;False;0.03;False;0.03;False
139;0.01;False;0.1;False;0.13;False;0.49;False;0.09423747399999999;0.09;False;ERR;ERR;0.36;False
140;0.0;False;0.0;False;0.01;False;0.04;False;1.1770000000001224e-05;0.06;False;0.03;False;0.04;False
141;0.01;False;58.31;False;82.37;False;ERR;ERR;ERR;3.26;False;0.25;False;TO;TO
142;0.02;False;0.01;False;0.0;False;0.71;False;0.12991313000000004;0.06;False;0.04;False;0.04;False
143;0.02;False;0.01;False;0.01;False;0.04;False;4.814000000000207e-05;0.06;False;0.04;False;0.03;False
144;0.01;False;0.01;False;0.0;False;ERR;ERR;ERR;0.06;False;0.03;False;0.04;False
145;ERR;ERR;1.8;False;1.38;False;ERR;ERR;ERR;0.1;False;0.08;False;1.65;False
146;0.01;False;10.22;False;0.01;False;13.06;False;0.32364769399999993;0.26;False;4.08;False;15.07;False
147;0.01;True;0.01;False;0.01;False;TO;TO;TO;0.05;False;0.03;False;0.05;False
148;0.01;False;0.0;False;0.0;False;ERR;ERR;ERR;0.05;False;0.04;False;0.03;False
149;0.01;False;0.0;False;0.01;False;ERR;ERR;ERR;0.05;False;0.03;False;0.03;False
150;0.01;False;0.59;False;0.01;False;40.36;False;0.2161781159999947;0.09;False;0.48;False;1.04;False
151;TO;TO;0.4;False;0.84;False;0.18;False;0.142451512;0.15;False;0.51;False;1.58;False
152;ERR;ERR;0.01;False;0.01;False;2.28;False;1.4339999999890551e-05;0.05;False;0.04;False;0.03;False
153;0.01;False;0.0;True;0.01;True;4.46;True;0.3595508890000003;ERR;ERR;ERR;ERR;ERR;ERR
154;0.01;False;0.05;False;0.05;False;ERR;ERR;ERR;ERR;ERR;ERR;ERR;ERR;ERR
155;0.02;False;0.01;False;0.01;False;TO;TO;TO;0.07;False;ERR;ERR;0.04;False
156;0.0;False;0.19;False;0.1;False;ERR;ERR;ERR;ERR;ERR;ERR;ERR;ERR;ERR
157;0.0;False;0.0;False;0.01;False;0.03;False;8.349999999997249e-06;0.05;False;0.05;False;0.04;False
158;0.02;False;0.01;False;0.01;False;ERR;ERR;ERR;0.05;False;0.04;False;0.02;False
159;0.53;False;61.99;False;0.01;False;ERR;ERR;ERR;5.76;False;0.19;False;0.87;False
160;0.06;True;0.89;True;1.75;True;0.42;True;0.370809861;0.38;True;0.78;True;3.55;True
161;0.01;False;0.01;False;0.0;False;ERR;ERR;ERR;0.06;False;0.03;False;0.04;False
162;0.01;False;0.01;True;0.0;True;6.01;True;0.21383238399999982;ERR;ERR;0.1;False;0.04;True
163;ERR;ERR;0.04;False;0.03;False;2.65;False;0.366301016;0.09;False;ERR;ERR;0.03;False
164;0.01;False;0.01;False;0.01;False;ERR;ERR;ERR;0.06;False;0.03;False;0.04;False
165;0.0;False;0.01;True;0.01;True;ERR;ERR;ERR;0.06;True;0.04;False;0.03;True
166;0.01;False;0.01;False;0.01;False;0.22;False;0.132775333;0.05;False;0.03;False;0.04;False
167;0.01;False;0.94;False;1.28;False;ERR;ERR;ERR;0.18;False;ERR;ERR;1.48;False
168;0.01;False;0.01;False;0.01;False;0.18;False;0.00013515000000000055;0.06;False;0.03;False;0.03;False
169;ERR;ERR;0.01;True;0.01;True;ERR;ERR;ERR;0.06;True;0.03;True;0.04;True
170;0.01;False;0.67;False;1.11;False;ERR;ERR;ERR;0.12;False;0.5;False;1.47;False
171;0.02;False;0.01;False;0.01;False;ERR;ERR;ERR;0.06;False;0.05;False;0.05;False
172;20.18;True;0.01;True;0.01;True;1.37;True;0.24867579899999992;0.05;True;0.19;False;0.03;True
173;0.01;False;43.17;False;57.73;False;ERR;ERR;ERR;3.57;False;0.21;False;TO;TO
174;0.01;False;0.11;False;0.16;False;ERR;ERR;ERR;0.07;False;0.22;False;0.37;False
175;7.11;True;0.0;True;0.01;True;ERR;ERR;ERR;0.07;True;0.05;True;0.05;True
176;0.01;False;0.0;False;0.0;False;ERR;ERR;ERR;0.06;False;0.02;False;0.03;False
177;0.01;False;0.01;False;0.01;False;TO;TO;TO;0.06;False;0.04;False;0.04;False
178;0.0;True;0.01;False;0.01;False;ERR;ERR;ERR;0.07;False;0.02;False;0.04;False
179;0.01;False;0.01;True;0.01;True;4.52;True;0.2779482869999992;ERR;ERR;ERR;ERR;ERR;ERR
180;ERR;ERR;0.0;False;0.01;False;ERR;ERR;ERR;0.05;False;0.04;False;0.03;False
181;0.01;False;TO;TO;0.01;False;ERR;ERR;ERR;TO;TO;0.04;False;TO;TO
182;0.01;False;0.01;False;0.01;False;ERR;ERR;ERR;0.05;False;0.07;False;0.04;False
183;TO;TO;76.58;True;0.44;True;ERR;ERR;ERR;0.15;True;40.28;False;1.22;True
184;TO;TO;0.0;True;0.01;True;32.37;True;20.477379700999997;0.05;True;0.05;True;0.03;True
185;0.02;False;0.06;False;0.06;False;0.39;False;0.057877177999999974;0.07;False;0.03;False;0.13;False
186;TO;TO;0.01;True;0.0;True;TO;TO;TO;0.06;True;0.03;True;0.03;True
187;0.0;False;0.01;True;0.0;True;4.46;True;0.3033764529999994;ERR;ERR;ERR;ERR;ERR;ERR
188;TO;TO;0.01;True;0.01;True;0.36;True;0.33121047099999995;0.06;True;0.05;True;0.04;True
189;0.01;False;0.17;False;0.0;False;TO;TO;TO;ERR;ERR;ERR;ERR;ERR;ERR
190;0.01;False;0.01;False;0.01;False;ERR;ERR;ERR;0.06;False;0.03;False;0.04;False
191;0.01;False;0.0;False;0.01;False;ERR;ERR;ERR;0.05;False;0.03;False;0.03;False
192;ERR;ERR;0.0;True;0.01;True;TO;TO;TO;0.07;True;0.53;False;0.02;True
193;0.02;False;0.0;False;0.01;False;TO;TO;TO;0.06;False;0.04;False;0.03;False
194;0.02;False;0.01;False;0.01;False;ERR;ERR;ERR;0.06;False;0.02;False;0.03;False
195;0.01;False;0.01;False;0.03;False;ERR;ERR;ERR;ERR;ERR;ERR;ERR;ERR;ERR
196;ERR;ERR;0.02;False;0.02;False;ERR;ERR;ERR;ERR;ERR;ERR;ERR;ERR;ERR
197;0.01;False;0.01;False;0.0;False;ERR;ERR;ERR;0.06;False;0.04;False;0.03;False
198;ERR;ERR;0.0;True;0.01;True;ERR;ERR;ERR;0.06;True;ERR;ERR;0.05;True
199;0.01;False;0.43;False;0.01;False;ERR;ERR;ERR;0.17;False;0.07;False;1.64;False
200;0.01;False;0.0;False;0.01;False;ERR;ERR;ERR;0.06;False;0.04;False;0.04;False
201;0.02;False;1.22;False;0.01;False;TO;TO;TO;0.15;False;0.04;False;0.69;False
202;4.11;False;1.99;False;0.0;False;1.38;False;0.14473618399999988;0.8;False;0.06;False;0.04;False
203;0.01;False;0.01;False;0.0;False;ERR;ERR;ERR;ERR;ERR;ERR;ERR;ERR;ERR
204;0.01;True;0.01;True;0.01;True;2.34;True;0.2278833269999998;0.06;True;0.02;False;0.05;True
205;0.01;False;0.01;False;0.0;False;ERR;ERR;ERR;0.07;False;0.03;False;0.02;False
206;0.01;False;0.72;False;1.75;False;ERR;ERR;ERR;0.23;False;0.84;False;3.68;False
207;0.01;True;0.0;True;0.01;True;0.23;True;0.001159781999999998;0.06;True;0.04;False;0.04;True
208;ERR;ERR;0.01;True;0.0;True;TO;TO;TO;0.06;True;0.03;True;0.04;True
209;0.39;False;0.01;False;0.01;False;0.23;False;0.18967785899999998;0.06;False;0.05;False;0.02;False
210;0.01;False;0.01;False;0.01;False;7.46;False;0.3406315900000001;0.07;False;0.12;False;0.04;False
211;ERR;ERR;0.0;False;0.0;False;13.77;False;0.1472374669999983;0.06;False;0.04;False;0.05;False
212;TO;TO;TO;TO;ERR;ERR;TO;TO;TO;TO;TO;TO;TO;TO;TO
213;0.04;True;0.0;True;0.01;True;1.1;True;0.21629379599999987;0.05;True;0.13;False;0.04;True
214;0.02;False;0.01;False;0.01;False;ERR;ERR;ERR;0.06;False;0.03;False;0.03;False
215;ERR;ERR;TO;TO;ERR;ERR;TO;TO;TO;TO;TO;ERR;ERR;TO;TO
216;0.01;False;0.01;False;0.01;False;ERR;ERR;ERR;0.06;False;0.05;False;0.04;False
217;0.01;False;0.01;False;0.01;False;ERR;ERR;ERR;0.06;False;0.03;False;0.04;False
218;0.01;False;0.01;True;0.01;True;11.22;True;0.3882704979999989;ERR;ERR;ERR;ERR;ERR;ERR
219;0.39;True;0.01;True;0.01;True;ERR;ERR;ERR;0.06;True;0.05;True;0.04;True
220;0.01;False;2.51;False;4.51;False;0.44;False;0.362373863;0.59;False;2.41;False;8.17;False
221;0.01;False;0.01;False;0.0;False;1.18;False;2.2780000000111045e-05;0.06;False;0.04;False;0.03;False
222;0.01;False;0.01;True;0.01;True;15.74;True;0.2504479909999997;0.06;True;0.1;False;0.03;True
223;ERR;ERR;0.0;False;0.01;False;ERR;ERR;ERR;0.06;False;0.04;False;0.03;False
224;0.02;True;0.01;True;0.01;True;ERR;ERR;ERR;0.05;True;0.06;False;0.04;True
225;ERR;ERR;0.01;False;0.01;False;ERR;ERR;ERR;0.04;False;0.02;False;0.02;False
226;0.02;False;0.0;False;0.01;False;0.03;False;2.5480000000001335e-05;0.05;False;0.03;False;0.03;False
227;0.01;True;0.01;False;0.0;False;ERR;ERR;ERR;0.05;False;0.04;False;0.03;False
228;0.01;False;0.01;True;0.01;True;5.26;True;0.1983864689999999;ERR;ERR;ERR;ERR;ERR;ERR
229;TO;TO;0.0;True;0.01;True;ERR;ERR;ERR;0.06;True;0.24;False;0.04;True
230;23.74;True;0.01;True;0.01;True;0.32;True;0.28577441600000003;0.06;True;0.06;True;0.04;True
231;ERR;ERR;0.01;True;0.01;True;ERR;ERR;ERR;0.05;True;0.03;False;0.03;True
232;0.01;False;TO;TO;0.0;False;2.67;False;0.15585761600000003;59.88;False;3.76;False;TO;TO
233;0.01;False;25.78;False;39.62;False;ERR;ERR;ERR;2.31;False;4.07;False;56.07;False
234;0.0;False;0.1;False;0.06;False;ERR;ERR;ERR;ERR;ERR;ERR;ERR;ERR;ERR
235;0.01;False;0.01;True;0.01;True;0.31;True;0.03408904400000001;0.06;True;ERR;ERR;0.03;True
236;0.01;False;0.01;False;0.0;False;ERR;ERR;ERR;ERR;ERR;0.06;False;0.03;False
237;0.01;False;TO;TO;0.01;False;10.9;False;0.17846881900000078;TO;TO;TO;TO;TO;TO
238;0.01;False;23.41;False;35.87;False;ERR;ERR;ERR;1.45;False;0.18;False;69.57;False
239;0.01;False;0.01;False;0.01;False;12.1;False;0.00023302099999966686;0.06;False;0.03;False;0.04;False
240;0.01;False;0.01;False;0.01;False;ERR;ERR;ERR;ERR;ERR;ERR;ERR;ERR;ERR
241;0.01;True;0.01;False;0.0;False;TO;TO;TO;0.06;False;0.03;False;0.03;False
242;0.01;False;0.01;False;ERR;ERR;ERR;ERR;ERR;0.06;False;0.03;False;0.04;False
243;0.0;False;0.06;False;0.04;False;0.4;False;0.288032868;0.13;False;0.16;False;0.03;False
244;TO;TO;TO;TO;ERR;ERR;0.16;False;0.126979857;TO;TO;TO;TO;TO;TO
245;ERR;ERR;TO;TO;4.88;False;ERR;ERR;ERR;39.35;False;41.2;False;TO;TO
246;0.01;False;0.01;False;0.01;False;1.16;False;0.18927776900000004;0.06;False;0.05;False;0.03;False
247;ERR;ERR;0.01;True;0.0;True;0.45;False;0.15492015499999995;ERR;ERR;0.04;False;0.03;True
248;ERR;ERR;0.01;False;ERR;ERR;ERR;ERR;ERR;0.05;False;ERR;ERR;0.04;False
249;0.0;False;0.43;False;0.52;False;ERR;ERR;ERR;0.16;False;ERR;ERR;1.12;False
250;ERR;ERR;0.01;False;0.0;False;0.04;False;9.939999999999949e-06;0.06;False;0.04;False;0.03;False
251;0.01;False;0.01;False;0.01;False;ERR;ERR;ERR;0.05;False;0.03;False;0.04;False
252;0.01;False;3.07;False;4.54;False;ERR;ERR;ERR;0.24;False;2.5;False;9.98;False
253;ERR;ERR;0.01;False;0.01;False;8.2;False;0.0019732819999997986;0.06;False;0.03;False;0.03;False
254;ERR;ERR;0.0;True;0.01;True;TO;TO;TO;0.08;True;0.05;True;0.03;True
255;0.01;False;0.0;False;0.01;False;1.68;False;0.14514312500000015;0.07;False;0.04;False;0.05;False
256;0.01;True;0.0;True;0.01;True;ERR;ERR;ERR;0.06;True;0.05;True;0.04;True
257;0.15;True;0.01;True;0.01;True;ERR;ERR;ERR;0.05;True;0.07;False;0.03;True
258;ERR;ERR;0.0;False;0.01;False;ERR;ERR;ERR;ERR;ERR;ERR;ERR;ERR;ERR
259;0.01;False;0.0;False;0.01;False;ERR;ERR;ERR;0.07;False;0.03;False;0.05;False
260;0.0;False;0.0;False;0.01;False;ERR;ERR;ERR;0.07;False;0.04;False;0.03;False
261;0.01;False;0.01;True;0.01;True;ERR;ERR;ERR;0.06;True;0.02;False;0.04;True
262;0.0;False;0.0;False;0.01;False;TO;TO;TO;0.06;False;ERR;ERR;0.03;False
263;ERR;ERR;0.0;True;0.01;True;ERR;ERR;ERR;0.06;True;0.04;False;0.04;True
264;TO;TO;0.01;True;0.01;True;ERR;ERR;ERR;0.06;True;0.03;True;0.02;True
265;0.01;False;0.0;False;0.01;False;ERR;ERR;ERR;0.06;False;0.02;False;0.03;False
266;ERR;ERR;0.01;True;0.0;True;ERR;ERR;ERR;0.05;True;0.04;True;0.03;True
267;0.01;False;0.01;False;0.01;False;ERR;ERR;ERR;0.07;False;0.04;False;0.03;False
268;0.01;False;4.37;False;0.01;False;0.28;False;0.068631468;0.78;False;0.04;False;8.36;False
269;0.02;False;0.01;False;0.01;False;ERR;ERR;ERR;0.05;False;0.04;False;0.04;False
270;0.01;False;0.0;False;0.01;False;6.52;False;0.10525924600000014;0.06;False;0.03;False;0.04;False
271;0.02;False;0.0;False;0.0;False;ERR;ERR;ERR;0.05;False;0.05;False;0.04;False
272;0.01;False;0.1;False;0.01;False;TO;TO;TO;0.1;False;0.21;False;0.53;False
273;0.01;False;0.02;False;0.02;False;8.43;False;0.18444795500000133;ERR;ERR;ERR;ERR;ERR;ERR
274;0.01;False;0.01;True;0.0;True;ERR;ERR;ERR;0.06;True;0.12;False;0.04;True
275;0.0;False;0.01;False;0.01;False;ERR;ERR;ERR;0.05;False;0.04;False;0.04;False
276;0.01;False;0.01;False;0.01;False;ERR;ERR;ERR;0.05;False;0.03;False;0.04;False
277;0.01;False;0.01;False;0.01;False;ERR;ERR;ERR;ERR;ERR;ERR;ERR;ERR;ERR
278;0.01;False;0.01;True;0.0;True;ERR;ERR;ERR;0.06;True;ERR;ERR;0.04;True
279;0.0;False;0.01;False;0.0;False;ERR;ERR;ERR;0.07;False;0.05;False;0.04;False
280;0.01;False;0.0;False;0.01;False;ERR;ERR;ERR;ERR;ERR;ERR;ERR;ERR;ERR
281;0.01;False;0.41;False;1.13;False;ERR;ERR;ERR;0.16;False;0.51;False;2.07;False
282;0.01;False;0.01;False;0.0;False;16.36;False;0.09587071599999675;0.04;False;0.06;False;0.03;False
283;ERR;ERR;0.01;True;0.01;True;TO;TO;TO;0.05;True;0.03;True;0.04;True
284;0.01;False;0.01;False;0.01;False;ERR;ERR;ERR;0.06;False;0.02;False;0.03;False
285;0.01;False;TO;TO;0.01;False;ERR;ERR;ERR;TO;TO;1.37;False;TO;TO
286;ERR;ERR;TO;TO;0.01;False;ERR;ERR;ERR;TO;TO;TO;TO;TO;TO
287;ERR;ERR;0.01;False;0.0;False;1.39;False;0.18772464700000002;0.06;False;0.05;False;0.03;False
288;32.61;True;0.01;True;0.02;True;1.68;True;0.41707631700000003;0.05;True;0.08;True;0.04;True
289;ERR;ERR;0.01;True;0.01;True;0.18;True;0.140102011;0.04;True;0.07;True;0.03;True
290;0.01;False;0.01;False;0.01;False;ERR;ERR;ERR;0.05;False;0.03;False;0.04;False
291;0.02;False;0.01;False;0.01;False;ERR;ERR;ERR;0.06;False;0.05;False;0.03;False
292;0.01;False;0.01;False;0.01;False;ERR;ERR;ERR;0.06;False;0.03;False;0.03;False
293;0.01;False;0.0;False;0.01;False;ERR;ERR;ERR;0.06;False;0.05;False;0.04;False
294;0.01;False;0.01;False;0.01;False;ERR;ERR;ERR;0.06;False;0.05;False;0.04;False
295;0.01;False;0.01;False;0.01;False;0.15;False;0.11020537100000001;0.06;False;0.07;False;0.03;False
296;0.01;False;TO;TO;ERR;ERR;ERR;ERR;ERR;TO;TO;TO;TO;TO;TO
297;0.0;False;0.0;False;0.0;False;ERR;ERR;ERR;0.04;False;0.04;False;0.03;False
298;0.01;False;0.0;True;0.01;True;TO;TO;TO;ERR;ERR;ERR;ERR;ERR;ERR
299;0.0;True;0.01;False;0.0;False;ERR;ERR;ERR;ERR;ERR;ERR;ERR;ERR;ERR
300;0.01;True;0.01;True;0.02;True;ERR;ERR;ERR;0.05;True;0.08;False;0.04;True
301;0.0;False;0.01;False;0.01;False;2.37;False;0.19079663000000036;0.06;False;0.05;False;0.05;False
302;0.01;False;0.01;False;0.01;False;ERR;ERR;ERR;0.06;False;0.02;False;0.02;False
303;TO;TO;TO;TO;4.7;True;ERR;ERR;ERR;39.25;True;43.33;True;TO;TO
304;0.01;False;TO;TO;ERR;ERR;0.21;False;0.16036254100000003;TO;TO;TO;TO;TO;TO
305;0.15;True;0.0;True;0.01;True;ERR;ERR;ERR;0.05;True;0.04;False;0.03;True
306;TO;TO;0.01;True;0.01;True;3.01;True;1.5939975830000002;0.06;True;0.03;True;0.04;True
307;0.01;False;0.01;False;0.01;False;1.65;False;0.06436285400000008;0.06;False;0.03;False;0.03;False
308;0.01;False;TO;TO;0.01;False;0.59;False;0.0004891900000000282;TO;TO;TO;TO;TO;TO
309;0.01;False;0.01;True;0.01;True;ERR;ERR;ERR;0.07;True;TO;TO;0.03;True
310;0.01;False;0.01;False;0.01;False;1.34;False;0.19445121399999987;0.05;False;ERR;ERR;0.03;False
311;0.12;True;0.01;True;0.01;True;ERR;ERR;ERR;0.06;True;0.05;False;0.04;True
312;0.01;False;0.86;False;0.01;False;ERR;ERR;ERR;1.07;False;0.13;False;0.2;False
313;0.0;False;0.0;False;0.01;False;ERR;ERR;ERR;ERR;ERR;ERR;ERR;ERR;ERR
314;0.23;True;0.01;True;0.01;True;0.05;True;0.027498888;0.06;True;0.04;True;0.04;True
315;1.72;True;0.0;True;0.01;True;0.23;True;0.122259352;0.06;True;0.08;True;0.05;True
316;0.01;False;44.0;False;2.57;False;ERR;ERR;ERR;6.26;False;31.02;False;0.26;False
317;0.0;False;TO;TO;TO;TO;ERR;ERR;ERR;12.87;False;0.73;False;TO;TO
318;0.01;False;77.04;True;0.46;True;ERR;ERR;ERR;ERR;ERR;ERR;ERR;ERR;ERR
319;0.01;False;78.47;True;0.63;True;ERR;ERR;ERR;0.2;True;44.79;False;1.79;True
320;3.29;True;0.01;True;0.0;True;2.51;True;0.4973450169999998;0.05;True;26.36;False;0.05;True
321;0.01;False;0.01;True;0.01;True;ERR;ERR;ERR;0.06;True;0.04;False;0.03;True
322;0.01;False;0.01;True;0.01;True;0.12;True;0.05014839;ERR;ERR;ERR;ERR;ERR;ERR
323;0.01;False;0.0;True;0.0;True;ERR;ERR;ERR;0.06;True;0.03;False;0.02;True
324;0.0;False;0.0;False;0.01;False;ERR;ERR;ERR;0.05;False;0.04;False;0.04;False
325;0.02;True;0.01;True;0.01;True;ERR;ERR;ERR;0.06;True;0.07;False;0.05;True
326;ERR;ERR;0.01;False;0.01;False;2.33;False;0.22966803899999988;0.05;False;0.08;False;0.03;False
327;0.01;False;0.01;False;0.0;False;0.17;False;5.150000000000987e-05;0.06;False;0.03;False;0.04;False
328;0.01;False;0.01;False;0.01;False;ERR;ERR;ERR;0.05;False;0.03;False;0.04;False
329;0.01;False;0.0;False;0.01;False;ERR;ERR;ERR;0.07;False;0.04;False;0.03;False
330;0.01;False;0.0;False;0.01;False;ERR;ERR;ERR;0.06;False;0.02;False;0.03;False
331;0.01;False;0.0;True;0.01;True;1.11;True;0.331884242;0.07;True;0.07;True;0.04;True
332;0.01;False;0.0;False;0.0;False;0.64;False;0.12532658499999993;0.05;False;0.03;False;0.04;False
333;0.01;False;TO;TO;0.01;False;ERR;ERR;ERR;TO;TO;TO;TO;TO;TO
334;0.02;False;11.27;False;0.0;False;ERR;ERR;ERR;1.88;False;0.05;False;17.94;False
335;0.0;True;0.01;True;0.0;True;ERR;ERR;ERR;0.04;True;0.06;True;0.03;True
336;0.01;False;0.01;False;0.0;False;ERR;ERR;ERR;0.06;False;0.05;False;0.04;False
337;0.01;False;0.01;False;0.0;False;0.41;False;0.05497998500000001;0.06;False;0.02;False;0.04;False
338;ERR;ERR;0.01;True;0.01;True;ERR;ERR;ERR;0.06;True;0.11;False;0.05;True
339;0.01;False;0.01;True;0.01;True;3.9;True;0.2667500869999997;ERR;ERR;ERR;ERR;ERR;ERR
340;0.01;False;0.1;False;0.01;False;0.59;False;0.09277270200000004;0.21;False;0.33;False;0.04;False
341;0.01;False;0.81;False;0.01;False;ERR;ERR;ERR;0.14;False;0.23;False;1.44;False
342;ERR;ERR;0.0;False;0.01;False;ERR;ERR;ERR;0.06;False;0.04;False;0.04;False
343;0.01;False;0.01;False;0.01;False;ERR;ERR;ERR;0.06;False;0.02;False;0.04;False
344;0.01;False;0.41;False;0.01;False;TO;TO;TO;ERR;ERR;ERR;ERR;ERR;ERR
345;0.01;False;TO;TO;TO;TO;ERR;ERR;ERR;TO;TO;TO;TO;TO;TO
346;0.84;True;0.02;True;0.01;True;0.38;True;0.310414401;0.06;True;0.07;False;0.04;True
347;0.02;False;0.01;False;0.01;False;0.6;False;0.071462421;0.06;False;0.03;False;0.03;False
348;0.0;False;0.01;False;0.01;False;4.57;False;0.15651740699999994;0.05;False;0.04;False;0.04;False
349;ERR;ERR;0.01;True;0.01;True;ERR;ERR;ERR;0.06;True;0.04;False;0.04;True
350;0.01;False;0.01;False;0.01;False;0.05;False;1.4630000000001586e-05;0.06;False;0.04;False;0.05;False
351;ERR;ERR;0.0;False;0.01;False;TO;TO;TO;0.07;False;0.04;False;0.04;False
352;0.02;False;0.01;False;0.01;False;TO;TO;TO;0.06;False;0.04;False;0.05;False
353;0.02;False;0.08;False;0.01;False;ERR;ERR;ERR;0.08;False;0.04;False;0.17;False
354;0.01;True;0.01;True;0.01;True;0.51;True;0.13959125;0.07;True;ERR;ERR;0.04;True
355;10.9;True;0.01;True;0.01;True;0.82;True;0.445478125;0.06;True;0.07;True;0.05;True
356;ERR;ERR;0.01;False;0.01;False;ERR;ERR;ERR;0.06;False;0.03;False;0.04;False
357;0.0;False;0.01;False;0.0;False;36.4;False;0.8813960610000038;0.06;False;0.08;False;0.04;False
358;0.0;False;6.26;False;0.01;False;ERR;ERR;ERR;1.08;False;1.4;False;3.57;False
359;0.02;True;0.01;True;0.01;True;0.71;True;0.0862871959999999;0.05;True;0.04;False;0.03;True
360;0.01;False;0.01;False;0.01;False;6.39;False;0.27040925100000024;0.04;False;0.03;False;0.04;False
361;0.01;False;0.01;False;0.01;False;ERR;ERR;ERR;0.05;False;0.04;False;0.03;False
362;0.01;False;0.71;False;0.08;False;ERR;ERR;ERR;0.25;False;0.27;False;0.02;False
363;0.02;False;0.07;False;0.4;False;ERR;ERR;ERR;0.1;False;0.25;False;0.47;False
364;0.0;False;0.01;True;0.01;True;15.76;True;0.290466949999999;0.05;True;0.1;False;0.03;True
365;ERR;ERR;0.01;True;0.01;True;ERR;ERR;ERR;0.06;True;0.06;True;0.04;True
366;0.01;False;0.01;True;0.01;True;5.61;True;0.29654399699999967;ERR;ERR;ERR;ERR;ERR;ERR
367;0.01;False;0.76;False;0.01;False;ERR;ERR;ERR;0.21;False;0.83;False;0.05;False
368;0.01;False;47.43;False;2.49;False;ERR;ERR;ERR;5.58;False;23.87;False;0.17;False
369;0.01;False;0.0;False;0.01;False;TO;TO;TO;0.05;False;0.05;False;0.05;False
370;0.01;False;0.01;True;0.01;True;8.22;True;0.21225158300000047;ERR;ERR;ERR;ERR;ERR;ERR
371;ERR;ERR;0.01;False;0.01;False;ERR;ERR;ERR;0.06;False;0.02;False;0.04;False
372;0.01;False;0.0;True;0.0;True;5.87;True;0.2055638359999996;ERR;ERR;ERR;ERR;ERR;ERR
373;0.0;False;0.01;False;0.01;False;ERR;ERR;ERR;0.04;False;0.03;False;0.03;False
374;0.01;False;0.01;False;0.01;False;0.61;False;0.20619214600000008;0.07;True;0.04;False;0.03;False
375;0.01;False;0.01;False;0.01;False;ERR;ERR;ERR;0.06;False;0.04;False;0.04;False
376;ERR;ERR;0.01;False;0.01;False;ERR;ERR;ERR;0.06;False;0.04;False;0.03;False
377;0.01;False;0.01;False;0.01;False;ERR;ERR;ERR;0.06;False;0.07;False;0.05;False
378;0.11;True;0.01;True;0.01;True;ERR;ERR;ERR;0.07;True;0.03;False;0.04;True
379;ERR;ERR;0.01;True;0.01;True;ERR;ERR;ERR;0.05;True;0.04;True;0.04;True
380;0.01;False;0.0;False;0.01;False;76.78;False;0.23646122600000297;0.06;False;0.03;False;0.04;False
381;0.49;True;0.01;False;0.01;False;ERR;ERR;ERR;0.06;False;ERR;ERR;0.05;False
382;0.01;False;0.01;False;0.0;False;ERR;ERR;ERR;0.07;False;0.05;False;0.04;False
383;0.02;False;0.01;False;0.01;False;0.35;False;0.25129604099999997;0.06;False;0.06;False;0.04;False
384;87.0;True;0.01;True;0.01;True;0.46;True;0.42533892500000003;0.07;True;3.76;False;0.04;True
385;0.01;False;0.62;False;0.0;False;ERR;ERR;ERR;0.29;False;ERR;ERR;0.2;False
386;5.44;False;TO;TO;0.01;False;ERR;ERR;ERR;TO;TO;14.23;False;TO;TO
387;0.01;False;0.01;True;0.01;True;28.85;True;0.24681999699999935;ERR;ERR;ERR;ERR;ERR;ERR
388;0.0;False;0.1;False;0.38;False;0.52;False;0.18088994999999997;0.08;False;ERR;ERR;0.5;False
389;ERR;ERR;0.01;False;0.01;False;TO;TO;TO;ERR;ERR;ERR;ERR;ERR;ERR
390;0.01;False;0.01;False;0.01;False;ERR;ERR;ERR;0.05;False;0.04;False;0.03;False
391;16.46;True;0.01;True;0.01;True;0.19;True;0.171089391;0.07;True;0.06;True;0.03;True
392;0.02;True;0.01;False;0.0;False;ERR;ERR;ERR;0.06;False;0.04;False;0.04;False
393;0.01;False;0.01;False;0.01;False;ERR;ERR;ERR;0.05;False;0.03;False;0.02;False
394;0.02;False;0.05;False;0.01;False;ERR;ERR;ERR;0.07;False;0.4;False;0.17;False
395;0.01;False;0.01;True;0.0;True;3.07;True;0.28730347700000003;0.05;True;0.2;False;0.03;True
396;0.02;False;0.01;False;0.0;False;ERR;ERR;ERR;0.06;False;0.06;False;0.03;False
397;0.01;False;0.01;False;0.01;False;ERR;ERR;ERR;0.05;False;0.03;False;0.04;False
398;0.01;False;0.01;False;0.01;False;0.04;False;5.3929999999993705e-05;0.06;False;0.03;False;0.03;False
399;ERR;ERR;0.01;False;0.01;False;ERR;ERR;ERR;0.05;False;0.03;False;0.03;False
400;0.02;False;0.85;False;2.09;False;ERR;ERR;ERR;0.25;False;0.94;False;4.1;False
401;0.01;False;TO;TO;ERR;ERR;0.39;False;0.08867785900000003;TO;TO;TO;TO;TO;TO
402;ERR;ERR;0.0;False;0.02;False;ERR;ERR;ERR;0.06;False;0.09;False;0.05;False
403;0.01;False;1.39;False;0.0;False;TO;TO;TO;0.13;False;ERR;ERR;3.98;False
404;0.01;True;0.01;False;0.01;False;ERR;ERR;ERR;0.05;False;0.03;False;0.03;False
405;0.01;False;0.0;False;0.01;False;ERR;ERR;ERR;0.05;False;ERR;ERR;0.03;False
406;ERR;ERR;0.01;False;ERR;ERR;TO;TO;TO;0.04;False;ERR;ERR;0.04;False
407;ERR;ERR;2.81;False;0.01;False;1.73;False;0.21412313400000005;0.48;False;0.07;False;3.89;False
408;0.32;True;0.0;True;0.0;True;1.32;True;0.37348674300000007;0.05;True;0.02;False;0.04;True
409;0.0;False;0.06;False;0.1;False;TO;TO;TO;ERR;ERR;ERR;ERR;ERR;ERR
410;ERR;ERR;0.46;False;0.01;False;ERR;ERR;ERR;0.11;False;0.36;False;0.69;False
411;TO;TO;0.0;True;0.01;True;0.69;True;0.19509769500000002;0.06;True;0.04;True;0.03;True
412;0.01;False;0.01;False;0.0;False;TO;TO;TO;0.05;False;0.04;False;0.04;False
413;0.01;False;3.33;False;ERR;ERR;ERR;ERR;ERR;7.78;False;6.4;False;47.95;False
414;0.01;False;0.02;False;0.01;False;62.46;False;0.27749264800000617;ERR;ERR;ERR;ERR;ERR;ERR
415;0.01;False;0.0;False;0.01;False;0.09;False;4.6449999999989555e-05;0.07;False;0.04;False;0.03;False
416;0.0;False;0.01;False;0.01;False;ERR;ERR;ERR;0.06;False;0.05;False;0.03;False
417;ERR;ERR;0.01;False;0.01;False;ERR;ERR;ERR;0.06;False;0.04;False;0.04;False
418;0.01;False;0.0;True;0.01;True;ERR;ERR;ERR;0.04;True;0.06;True;0.04;True
419;40.64;True;0.01;True;0.01;True;ERR;ERR;ERR;0.06;True;4.77;False;0.04;True
420;0.01;False;0.01;False;0.01;False;ERR;ERR;ERR;0.06;False;0.03;False;0.05;False
421;0.01;False;0.09;False;0.01;False;ERR;ERR;ERR;0.08;False;0.11;False;0.09;False
422;0.01;False;0.41;False;0.1;False;ERR;ERR;ERR;0.24;False;0.57;False;0.23;False
423;0.01;False;0.01;False;0.01;False;1.6;False;0.2115812909999999;0.05;False;0.04;False;0.04;False
424;0.01;False;0.0;False;0.01;False;ERR;ERR;ERR;0.06;False;0.05;False;0.04;False
425;0.01;False;0.01;False;0.0;False;ERR;ERR;ERR;0.05;False;0.03;False;0.04;False
426;0.01;False;1.8;False;0.01;False;ERR;ERR;ERR;0.52;False;0.09;False;0.05;False
427;0.0;False;0.0;True;0.01;True;16.9;True;0.2991874490000015;ERR;ERR;ERR;ERR;ERR;ERR
428;0.01;False;0.01;True;0.01;True;0.19;True;0.132610532;0.05;True;ERR;ERR;0.04;True
429;19.28;True;0.01;True;0.01;True;0.07;True;0.053864464;0.05;True;0.04;True;0.03;True
430;ERR;ERR;0.01;True;0.01;True;ERR;ERR;ERR;0.05;True;0.04;True;0.03;True
431;0.0;False;32.68;False;51.71;False;ERR;ERR;ERR;2.35;False;0.25;False;99.39;False
432;0.01;False;0.01;False;0.01;False;ERR;ERR;ERR;0.04;False;0.05;False;0.03;False
433;0.01;False;0.96;False;0.01;False;5.77;False;0.07124926100000017;0.3;False;0.04;False;2.97;False
434;0.01;False;TO;TO;0.01;False;ERR;ERR;ERR;TO;TO;0.28;False;12.75;False
435;0.01;False;0.0;False;0.01;False;8.87;False;0.13196697199999896;0.06;False;0.04;False;0.03;False
436;88.14;False;2.16;False;4.03;False;ERR;ERR;ERR;0.63;False;0.05;False;3.57;False
437;0.01;False;0.01;True;0.01;True;42.54;True;0.698371298000005;0.05;True;3.95;False;0.04;True
438;0.01;False;0.03;False;0.01;False;TO;TO;TO;0.06;False;0.04;False;0.1;False
439;0.01;False;0.08;False;0.01;False;ERR;ERR;ERR;0.07;False;ERR;ERR;0.18;False
440;ERR;ERR;0.01;False;0.01;False;2.35;False;0.1377323669999999;0.05;False;0.06;False;0.03;False
441;0.01;False;0.01;True;0.0;True;ERR;ERR;ERR;0.04;True;0.65;False;0.03;True
442;0.01;False;0.01;False;0.01;False;ERR;ERR;ERR;ERR;ERR;ERR;ERR;ERR;ERR
443;ERR;ERR;0.09;False;1.15;False;TO;TO;TO;0.22;False;0.23;False;0.03;False
444;TO;TO;75.75;True;0.72;True;ERR;ERR;ERR;0.12;True;41.81;False;1.3;True
445;0.19;True;0.01;True;0.0;True;0.84;True;0.754886674;0.06;True;0.04;True;0.04;True
446;0.01;False;43.17;False;58.08;False;ERR;ERR;ERR;2.97;False;0.28;False;TO;TO
447;0.02;False;0.01;True;0.01;True;ERR;ERR;ERR;0.04;True;0.05;True;0.02;True
448;ERR;ERR;0.01;True;0.0;True;0.25;True;0.0005358010000000024;0.06;True;0.03;True;0.04;True
449;0.01;False;0.01;True;0.01;True;ERR;ERR;ERR;0.06;True;0.08;False;0.05;True
450;TO;TO;0.01;True;0.01;True;ERR;ERR;ERR;0.05;True;0.18;False;0.04;True
451;ERR;ERR;TO;TO;ERR;ERR;TO;TO;TO;TO;TO;ERR;ERR;TO;TO
452;0.0;False;TO;TO;ERR;ERR;ERR;ERR;ERR;TO;TO;TO;TO;TO;TO
453;0.01;True;0.0;False;0.01;False;ERR;ERR;ERR;ERR;ERR;ERR;ERR;ERR;ERR
454;ERR;ERR;0.0;False;0.01;False;ERR;ERR;ERR;0.06;False;0.03;False;0.04;False
455;0.01;False;0.01;False;0.01;False;ERR;ERR;ERR;0.06;False;0.03;False;0.03;False
456;TO;TO;0.37;False;0.54;False;TO;TO;TO;0.1;False;0.39;False;1.08;False
457;0.01;False;0.01;False;0.01;False;ERR;ERR;ERR;0.04;False;0.01;False;0.03;False
458;0.01;False;7.53;False;31.19;False;ERR;ERR;ERR;12.21;False;0.14;False;3.78;False
459;0.68;False;0.01;False;0.01;False;0.72;False;0.13600570600000006;0.04;True;0.05;False;0.03;False
460;0.01;False;0.01;False;0.01;False;ERR;ERR;ERR;0.06;False;0.04;False;0.04;False
461;0.01;False;0.01;False;0.01;False;TO;TO;TO;ERR;ERR;ERR;ERR;ERR;ERR
462;0.03;True;0.01;True;0.01;True;0.22;True;0.101211051;0.06;True;0.03;False;0.03;True
463;0.01;False;0.0;False;0.01;False;TO;TO;TO;0.05;False;ERR;ERR;0.05;False
464;0.01;False;1.1;True;2.71;True;ERR;ERR;ERR;0.39;True;0.38;True;3.48;True
465;0.01;False;0.02;False;0.02;False;ERR;ERR;ERR;0.05;False;0.15;False;0.06;False
466;0.01;False;TO;TO;0.01;False;ERR;ERR;ERR;TO;TO;0.03;False;TO;TO
467;0.02;False;0.13;False;0.09;False;ERR;ERR;ERR;0.26;False;0.24;False;0.03;False
468;0.01;False;0.15;False;0.02;False;ERR;ERR;ERR;0.09;False;0.05;False;0.04;False
469;0.01;False;0.01;False;0.01;False;ERR;ERR;ERR;0.06;False;0.06;False;0.04;False
470;0.01;False;0.01;False;0.0;False;0.07;False;1.1890000000000511e-05;ERR;ERR;ERR;ERR;ERR;ERR
471;0.01;False;0.01;False;0.01;False;0.23;False;0.14590978599999999;0.05;False;0.04;False;0.03;False
472;0.02;False;0.9;False;0.0;False;2.48;False;0.11662545599999996;0.17;False;0.05;False;1.36;False
473;0.0;False;TO;TO;0.01;False;2.51;False;0.20288790300000015;8.12;False;83.79;False;1.5;False
474;0.01;False;0.0;False;0.01;False;ERR;ERR;ERR;ERR;ERR;ERR;ERR;ERR;ERR
475;ERR;ERR;0.01;False;0.01;False;ERR;ERR;ERR;0.06;False;0.02;False;0.04;False
476;0.01;False;0.0;True;0.01;True;8.27;True;0.3778485569999992;ERR;ERR;ERR;ERR;ERR;ERR
477;0.01;False;0.01;False;0.01;False;ERR;ERR;ERR;0.06;False;0.03;False;0.04;False
478;0.0;False;0.01;False;0.01;False;2.42;False;0.36664613700000026;0.06;False;0.05;False;0.02;False
479;0.01;False;0.01;True;0.01;True;ERR;ERR;ERR;0.05;True;0.06;True;0.03;True
480;0.01;False;2.3;False;0.0;False;ERR;ERR;ERR;0.28;False;0.05;False;2.37;False
481;0.01;False;0.39;False;0.02;False;1.22;False;0.08552783499999994;0.13;False;0.31;False;0.37;False
482;0.01;False;0.01;True;0.01;True;0.24;True;0.206018205;0.07;True;0.08;True;0.03;True
483;TO;TO;75.96;True;0.45;True;ERR;ERR;ERR;0.12;True;0.29;True;1.1;True
484;ERR;ERR;0.0;False;0.01;False;ERR;ERR;ERR;0.06;False;0.04;False;0.03;False
485;ERR;ERR;0.01;False;0.01;False;ERR;ERR;ERR;0.06;False;0.03;False;0.04;False
486;0.01;True;0.61;False;0.77;False;ERR;ERR;ERR;0.13;False;ERR;ERR;1.23;False
487;0.02;False;0.01;False;ERR;ERR;ERR;ERR;ERR;0.06;False;0.04;False;0.04;False
488;0.01;False;0.01;False;0.0;False;TO;TO;TO;0.06;False;0.06;False;0.04;False
489;0.11;True;0.0;True;0.01;True;0.2;True;0.132370282;0.05;True;ERR;ERR;0.04;True
490;0.01;False;5.9;False;7.94;False;ERR;ERR;ERR;0.47;False;0.14;False;18.72;False
491;0.01;False;0.93;False;1.28;False;ERR;ERR;ERR;0.16;False;0.48;False;1.37;False
492;2.17;False;TO;TO;4.7;False;ERR;ERR;ERR;78.01;False;46.51;False;TO;TO
493;0.01;False;TO;TO;TO;TO;ERR;ERR;ERR;TO;TO;TO;TO;TO;TO
494;0.92;True;17.19;True;0.16;True;ERR;ERR;ERR;0.07;True;13.71;False;0.41;True
495;0.01;False;0.01;False;0.01;False;ERR;ERR;ERR;0.06;False;0.02;False;0.03;False
496;0.02;False;1.23;False;0.01;False;0.29;False;0.05747724700000001;0.39;False;ERR;ERR;0.04;False
497;0.01;False;0.0;False;0.01;False;ERR;ERR;ERR;0.05;False;0.04;False;0.04;False
498;0.01;False;0.01;False;0.02;False;ERR;ERR;ERR;0.06;False;0.06;False;0.04;False
499;0.0;False;0.01;False;0.01;False;ERR;ERR;ERR;0.05;False;0.03;False;0.02;False
500;0.01;False;0.43;False;0.0;False;1.01;False;0.07490730400000001;0.17;False;0.57;False;1.68;False
501;0.01;False;2.21;False;0.01;False;4.32;False;0.40217586200000044;0.51;False;2.04;False;7.69;False
502;0.0;False;0.01;False;0.01;False;ERR;ERR;ERR;0.06;False;0.05;False;0.05;False
503;0.01;False;0.01;True;0.0;True;31.25;True;0.3466866969999991;ERR;ERR;ERR;ERR;ERR;ERR
504;0.01;False;TO;TO;0.0;False;18.43;False;0.10025070100000022;49.29;False;0.69;False;56.51;False
505;0.01;False;0.01;False;0.01;False;ERR;ERR;ERR;0.06;False;0.02;False;0.04;False
506;ERR;ERR;0.0;False;0.01;False;TO;TO;TO;0.05;False;0.04;False;0.05;False
507;0.01;False;0.01;False;0.01;False;0.22;False;9.452999999998157e-05;0.05;False;0.03;False;0.03;False
508;TO;TO;0.57;False;1.57;False;0.22;False;0.19323686299999998;0.31;False;0.92;False;3.27;False
509;ERR;ERR;0.01;False;0.01;False;8.29;False;8.480000000066212e-05;0.06;False;0.04;False;0.03;False
510;0.02;False;1.63;True;2.25;True;18.01;True;0.33564145600000117;0.38;True;2.53;False;5.41;True
511;0.0;False;0.01;False;0.01;False;0.56;False;0.00025513999999993153;0.06;False;0.03;False;0.03;False
512;0.01;False;0.98;False;0.01;False;ERR;ERR;ERR;0.32;False;0.34;False;TO;TO
513;0.0;False;0.01;False;0.01;False;ERR;ERR;ERR;0.06;False;0.04;False;0.04;False
514;0.0;False;57.93;False;79.66;False;ERR;ERR;ERR;3.31;False;0.2;False;TO;TO
515;0.01;False;1.26;False;2.02;False;4.66;False;0.19501675500000015;0.33;False;0.73;False;4.83;False
516;0.01;False;0.0;False;0.01;False;ERR;ERR;ERR;0.06;False;0.03;False;0.04;False
517;0.01;False;0.01;True;0.01;True;4.8;True;0.2821905219999996;ERR;ERR;ERR;ERR;ERR;ERR
518;0.01;False;TO;TO;3.58;False;ERR;ERR;ERR;77.78;False;41.7;False;TO;TO
519;0.01;False;0.01;False;0.01;False;ERR;ERR;ERR;0.06;False;0.04;False;0.04;False
520;ERR;ERR;0.01;False;0.01;False;4.12;False;6.216000000058841e-05;0.05;False;ERR;ERR;0.03;False
521;0.01;False;0.0;False;0.01;False;ERR;ERR;ERR;0.06;False;0.02;False;0.04;False
522;58.73;False;0.36;False;0.53;False;ERR;ERR;ERR;0.1;False;0.39;False;1.12;False
523;0.01;False;0.01;False;0.0;False;0.05;False;1.2589999999999824e-05;0.06;False;0.04;False;0.04;False
524;0.01;False;TO;TO;TO;TO;ERR;ERR;ERR;TO;TO;0.89;False;TO;TO
525;0.0;False;0.01;True;0.01;True;0.28;True;0.177380297;0.05;True;0.04;True;0.04;True
526;0.01;False;0.01;True;0.01;True;5.37;True;0.35571730499999976;ERR;ERR;ERR;ERR;ERR;ERR
527;0.14;True;0.01;True;0.01;True;ERR;ERR;ERR;0.06;True;0.05;False;0.05;True
528;0.01;False;0.01;True;0.01;True;4.07;True;0.364134344;0.04;True;ERR;ERR;0.03;True
529;ERR;ERR;0.01;True;0.0;True;ERR;ERR;ERR;0.06;True;0.05;True;0.04;True
530;0.01;False;0.53;False;0.84;False;ERR;ERR;ERR;0.1;False;0.08;False;1.82;False
531;0.0;True;0.0;False;0.0;False;ERR;ERR;ERR;0.07;False;0.04;False;0.03;False
532;0.0;False;0.01;False;0.01;False;ERR;ERR;ERR;0.06;False;ERR;ERR;0.04;False
533;0.0;False;0.01;False;0.01;False;ERR;ERR;ERR;0.06;False;0.03;False;0.04;False
534;0.01;False;0.01;False;0.0;False;ERR;ERR;ERR;0.06;False;0.05;False;0.03;False
535;0.0;True;0.01;True;0.01;True;ERR;ERR;ERR;0.06;True;0.03;False;0.03;True
536;0.01;False;0.01;True;0.01;True;4.46;True;0.1802290900000001;ERR;ERR;ERR;ERR;ERR;ERR
537;0.01;False;0.01;False;0.01;False;5.32;False;0.2546045140000004;0.06;False;0.05;False;0.04;False
538;0.24;True;0.01;True;0.01;True;0.87;True;0.79038365;0.05;True;0.05;True;0.04;True
539;0.01;False;TO;TO;0.0;False;TO;TO;TO;TO;TO;6.38;False;TO;TO
540;0.02;False;0.77;False;0.01;False;ERR;ERR;ERR;0.24;False;0.82;False;0.03;False
541;0.01;False;TO;TO;ERR;ERR;ERR;ERR;ERR;TO;TO;TO;TO;TO;TO
542;0.01;False;0.25;False;0.0;False;0.84;False;0.0690909489999999;0.09;False;0.04;False;0.66;False
543;0.01;False;0.02;False;0.03;False;ERR;ERR;ERR;ERR;ERR;ERR;ERR;ERR;ERR
544;0.01;False;1.23;False;0.0;False;ERR;ERR;ERR;0.13;False;0.06;False;2.59;False
545;3.54;False;0.07;False;0.11;False;0.22;False;0.060500471;0.05;True;0.05;False;0.31;False
546;0.97;True;17.18;True;0.19;True;ERR;ERR;ERR;0.08;True;19.17;False;0.57;True
547;0.01;False;0.01;False;0.01;False;1.33;False;0.16906303899999986;0.06;False;0.03;False;0.04;False
548;ERR;ERR;0.01;False;0.0;False;ERR;ERR;ERR;0.05;False;0.04;False;0.03;False
549;ERR;ERR;0.01;False;0.01;False;0.06;False;9.750000000002812e-06;0.06;False;0.03;False;0.03;False
550;TO;TO;0.01;True;0.01;True;1.96;True;0.20253506300000002;0.05;True;0.04;True;0.04;True
551;0.01;True;0.0;True;0.01;True;ERR;ERR;ERR;0.06;True;0.05;True;0.04;True
552;ERR;ERR;3.91;False;0.01;False;3.76;False;0.18999028900000026;0.79;False;2.23;False;8.61;False
553;ERR;ERR;0.01;False;0.0;False;TO;TO;TO;ERR;ERR;ERR;ERR;ERR;ERR
554;0.0;False;89.69;False;TO;TO;ERR;ERR;ERR;22.46;False;0.29;False;1.26;False
555;0.12;True;0.0;True;0.01;True;0.41;True;0.18007180999999997;0.05;True;0.67;False;0.04;True
556;ERR;ERR;0.34;True;0.31;True;ERR;ERR;ERR;0.07;True;0.03;False;0.49;True
557;0.01;False;0.01;True;0.01;True;ERR;ERR;ERR;ERR;ERR;ERR;ERR;ERR;ERR
558;0.85;True;0.0;True;0.01;True;0.12;True;0.085512246;0.05;True;0.06;True;0.05;True
559;0.0;False;0.01;False;0.01;False;ERR;ERR;ERR;0.06;False;0.05;False;0.03;False
560;0.01;False;0.01;False;0.0;False;ERR;ERR;ERR;0.06;False;0.03;False;0.03;False
561;0.01;False;0.0;False;0.01;False;ERR;ERR;ERR;0.06;False;0.02;False;0.04;False
562;0.01;False;0.0;False;0.01;False;ERR;ERR;ERR;0.06;False;0.04;False;0.03;False
563;0.01;False;0.1;False;0.09;False;ERR;ERR;ERR;ERR;ERR;ERR;ERR;ERR;ERR
564;11.02;True;0.0;True;0.01;True;0.27;True;0.24459450500000002;0.06;True;0.05;True;0.03;True
565;ERR;ERR;0.01;False;0.01;False;13.22;False;0.26476355500000004;0.05;False;ERR;ERR;0.04;False
566;0.01;False;0.01;True;0.01;True;ERR;ERR;ERR;ERR;ERR;ERR;ERR;ERR;ERR
567;87.44;False;0.4;False;0.56;False;ERR;ERR;ERR;0.09;False;0.41;False;1.22;False
568;0.01;False;TO;TO;0.01;False;26.36;False;0.386326897;11.83;False;55.93;False;TO;TO
569;0.01;False;0.84;False;1.38;False;ERR;ERR;ERR;0.12;False;0.58;False;3.17;False
570;0.01;False;0.84;False;1.27;False;ERR;ERR;ERR;0.15;False;0.31;False;1.65;False
571;0.01;False;0.01;False;0.01;False;0.35;False;0.14557993500000002;0.06;False;0.03;False;0.05;False
572;0.01;True;0.01;True;0.01;True;ERR;ERR;ERR;0.05;True;0.04;True;0.03;True
573;0.01;False;TO;TO;ERR;ERR;ERR;ERR;ERR;TO;TO;TO;TO;TO;TO
574;0.02;False;0.65;False;1.16;False;TO;TO;TO;0.27;False;ERR;ERR;2.61;False
575;0.02;False;0.01;False;ERR;ERR;ERR;ERR;ERR;0.06;False;0.03;False;0.04;False
576;0.0;False;1.41;False;0.01;False;ERR;ERR;ERR;0.35;False;0.08;False;2.79;False
577;0.01;False;49.89;False;0.01;False;ERR;ERR;ERR;55.37;False;1.15;False;21.49;False
578;0.01;False;0.01;False;0.01;False;ERR;ERR;ERR;0.05;False;0.05;False;0.03;False
579;0.0;False;0.0;False;0.0;False;TO;TO;TO;0.06;False;ERR;ERR;0.03;False
580;ERR;ERR;0.0;True;0.0;True;4.66;True;0.18072755100000037;0.06;True;0.15;False;0.04;True
581;0.01;False;0.01;False;0.01;False;TO;TO;TO;0.06;False;0.03;False;0.03;False
582;0.09;True;0.01;True;0.01;True;ERR;ERR;ERR;0.06;True;0.05;True;0.02;True
583;0.01;False;0.01;True;0.01;True;0.33;True;0.10840831900000003;0.07;True;0.06;False;0.04;True
584;0.01;False;0.01;False;0.01;False;ERR;ERR;ERR;0.05;False;0.02;False;0.03;False
585;0.01;False;0.01;False;0.01;False;ERR;ERR;ERR;0.07;False;0.04;False;0.03;False
586;0.02;False;0.01;False;0.0;False;TO;TO;TO;0.04;False;0.05;False;0.04;False
587;TO;TO;0.56;False;0.78;False;0.18;False;0.141374741;0.12;False;0.55;False;1.79;False
588;0.02;False;2.77;False;0.01;False;ERR;ERR;ERR;3.95;False;5.5;False;0.13;False
589;0.1;True;0.01;True;0.01;True;0.2;True;0.132782603;0.06;True;ERR;ERR;0.03;True
590;0.01;False;0.01;True;0.01;True;13.38;True;0.14748561800000104;0.06;True;0.1;False;0.02;True
591;TO;TO;57.6;True;0.71;True;ERR;ERR;ERR;0.11;True;41.93;False;0.75;True
592;ERR;ERR;0.01;False;0.01;False;TO;TO;TO;0.05;False;0.02;False;0.04;False
593;0.01;True;0.01;True;0.01;True;ERR;ERR;ERR;0.05;True;0.04;False;0.03;True
594;ERR;ERR;0.01;False;0.01;False;ERR;ERR;ERR;0.06;False;ERR;ERR;0.04;False
595;0.01;False;0.01;False;0.02;False;ERR;ERR;ERR;0.05;False;0.02;False;0.03;False
596;0.01;False;0.01;False;0.0;False;ERR;ERR;ERR;0.05;False;0.04;False;0.03;False
597;0.01;False;0.0;False;0.0;False;0.14;False;0.09185511199999999;0.04;False;0.04;False;0.04;False
598;0.01;False;0.02;True;0.02;True;4.8;True;0.001250120999999993;TO;TO;0.09;False;0.07;True
599;0.01;False;0.01;False;0.01;False;ERR;ERR;ERR;0.06;False;0.03;False;0.03;False
600;0.01;False;0.02;False;0.0;False;ERR;ERR;ERR;0.06;False;0.1;False;0.04;False
601;0.01;False;0.59;False;1.32;False;ERR;ERR;ERR;0.09;False;0.06;False;1.71;False
602;0.01;False;0.01;True;0.01;True;5.25;True;0.23004049999999943;ERR;ERR;ERR;ERR;ERR;ERR
603;0.01;False;0.99;False;0.01;False;0.95;False;0.41546131500000005;ERR;ERR;ERR;ERR;ERR;ERR
604;0.01;True;0.01;True;0.01;True;1.35;True;0.000991600999999953;0.06;True;2.05;False;0.04;True
605;0.0;False;0.56;False;0.92;False;30.21;False;0.17214417199999943;ERR;ERR;ERR;ERR;ERR;ERR
606;0.01;False;0.01;False;0.0;False;ERR;ERR;ERR;0.07;False;0.04;False;0.03;False
607;ERR;ERR;0.01;False;0.01;False;ERR;ERR;ERR;0.07;False;0.03;False;0.04;False
608;0.02;True;0.01;True;0.01;True;0.48;True;0.407294227;0.06;True;0.04;True;0.04;True
609;0.01;False;0.0;True;0.01;True;11.79;True;0.323549023;ERR;ERR;ERR;ERR;ERR;ERR
610;0.01;False;0.0;True;0.0;True;ERR;ERR;ERR;0.06;True;0.35;False;0.03;True
611;0.01;False;0.01;True;0.01;True;ERR;ERR;ERR;0.06;True;0.15;False;0.05;True
612;0.0;False;0.01;False;0.01;False;ERR;ERR;ERR;0.07;False;0.04;False;0.05;False
613;ERR;ERR;0.01;True;0.01;True;3.19;True;0.13564968600000027;0.06;True;0.07;False;0.03;True
614;ERR;ERR;0.01;False;ERR;ERR;ERR;ERR;ERR;0.07;False;ERR;ERR;0.04;False
615;ERR;ERR;0.0;False;0.01;False;0.66;False;0.10668667599999992;0.07;False;0.06;False;0.05;False
616;0.01;False;0.01;False;0.01;False;ERR;ERR;ERR;0.06;False;ERR;ERR;0.04;False
617;ERR;ERR;0.01;False;0.0;False;ERR;ERR;ERR;0.06;False;0.04;False;0.04;False
618;ERR;ERR;0.01;True;0.01;True;ERR;ERR;ERR;0.06;True;0.02;True;0.04;True
619;43.63;True;0.0;True;0.01;True;0.72;True;0.237135777;0.05;True;0.34;False;0.04;True
620;ERR;ERR;0.01;False;0.01;False;TO;TO;TO;0.08;False;0.04;False;0.04;False
621;0.02;False;TO;TO;ERR;ERR;67.54;False;0.2705306900000011;TO;TO;13.68;False;TO;TO
622;0.01;False;0.0;False;0.01;False;TO;TO;TO;0.06;False;0.03;False;0.03;False
623;0.01;False;0.0;False;0.01;False;ERR;ERR;ERR;0.05;False;0.03;False;0.04;False
624;0.01;False;53.63;False;86.38;False;ERR;ERR;ERR;5.05;False;0.17;False;77.29;False
625;0.01;False;0.08;False;0.01;False;ERR;ERR;ERR;0.08;False;0.04;False;0.16;False
626;0.01;True;0.01;True;0.01;True;ERR;ERR;ERR;0.05;True;0.03;True;0.03;True
627;0.01;True;0.01;True;0.01;True;0.78;True;0.0013111510000000104;0.05;True;ERR;ERR;0.03;True
628;0.01;False;TO;TO;0.01;False;ERR;ERR;ERR;TO;TO;0.02;False;TO;TO
629;0.01;False;0.01;True;0.01;True;4.12;True;0.36971191999999986;0.05;True;ERR;ERR;0.03;True
630;0.01;False;0.01;True;0.0;True;ERR;ERR;ERR;0.04;True;0.98;False;0.04;True
631;0.01;False;0.01;False;0.0;False;ERR;ERR;ERR;0.06;False;0.05;False;0.04;False
632;0.0;False;TO;TO;0.0;False;2.98;False;0.13962505899999966;TO;TO;5.29;False;46.84;False
633;0.01;False;0.0;False;0.0;False;0.85;False;0.18031307000000008;0.05;False;0.06;False;0.05;False
634;ERR;ERR;0.01;False;0.01;False;6.25;False;0.07443205399999986;0.05;False;0.01;False;0.04;False
635;0.03;False;0.01;False;0.02;False;0.24;False;0.213128453;0.07;False;0.05;False;0.05;False
636;0.01;False;0.29;False;0.8;False;ERR;ERR;ERR;0.17;False;0.06;False;0.95;False
637;0.01;True;0.01;True;0.0;True;0.14;True;0.0008279609999999882;0.04;True;0.11;False;0.03;True
638;ERR;ERR;0.36;False;0.87;False;0.22;False;0.141176811;0.14;False;0.45;False;1.54;False
639;ERR;ERR;2.12;False;0.01;False;ERR;ERR;ERR;0.28;False;ERR;ERR;3.61;False
640;0.01;False;0.01;False;0.01;False;ERR;ERR;ERR;0.06;False;0.03;False;0.02;False
641;0.01;False;0.0;False;0.01;False;ERR;ERR;ERR;0.06;False;0.02;False;0.04;False
642;TO;TO;0.1;False;0.01;False;ERR;ERR;ERR;0.08;False;0.08;False;0.09;False
643;0.01;False;0.01;True;0.01;True;6.86;True;0.0023317230000001743;0.06;True;ERR;ERR;0.02;True
644;0.02;False;2.2;False;3.65;False;2.63;False;0.42792015699999997;0.58;False;1.87;False;8.69;False
645;0.02;False;0.01;False;0.01;False;TO;TO;TO;0.05;False;0.04;False;0.04;False
646;0.01;False;0.01;False;0.01;False;ERR;ERR;ERR;0.06;False;0.02;False;0.04;False
647;0.01;False;0.0;False;0.01;False;30.62;False;0.31913095900000243;0.05;False;0.04;False;0.03;False
648;ERR;ERR;0.01;False;0.01;False;ERR;ERR;ERR;0.06;False;0.06;False;0.05;False
649;0.0;False;0.0;False;0.01;False;41.58;False;0.0013773810000046183;0.06;False;ERR;ERR;0.04;False
650;0.01;False;4.75;False;0.01;False;ERR;ERR;ERR;ERR;ERR;ERR;ERR;ERR;ERR
651;0.01;False;2.49;False;3.93;False;ERR;ERR;ERR;0.2;False;1.83;False;7.82;False
652;0.01;False;0.0;False;0.01;False;ERR;ERR;ERR;0.06;False;0.03;False;0.04;False
653;0.02;False;0.21;False;2.72;False;ERR;ERR;ERR;0.38;False;0.09;False;0.07;False
654;ERR;ERR;0.01;False;0.01;False;ERR;ERR;ERR;0.04;False;0.03;False;0.03;False
655;ERR;ERR;0.0;False;0.02;False;ERR;ERR;ERR;0.04;False;0.06;False;0.04;False
656;0.01;False;0.01;True;0.0;True;28.24;True;0.2232501340000006;ERR;ERR;ERR;ERR;ERR;ERR
657;ERR;ERR;0.01;True;0.0;True;ERR;ERR;ERR;0.05;True;0.05;True;0.04;True
658;0.01;False;0.43;False;0.01;False;TO;TO;TO;ERR;ERR;ERR;ERR;ERR;ERR
659;0.01;False;0.01;False;0.01;False;ERR;ERR;ERR;0.06;False;0.06;False;0.04;False
660;0.01;False;0.01;False;0.01;False;33.81;False;0.00021130999999741107;0.05;False;0.03;False;0.03;False
661;0.01;False;0.01;False;0.01;False;ERR;ERR;ERR;0.05;False;0.04;False;0.04;False
662;ERR;ERR;0.01;True;0.01;True;ERR;ERR;ERR;0.06;True;0.04;False;0.03;True
663;ERR;ERR;0.01;False;0.01;False;5.96;False;0.0733526229999999;0.06;False;0.03;False;0.03;False
664;0.01;False;0.01;False;0.01;False;ERR;ERR;ERR;ERR;ERR;ERR;ERR;ERR;ERR
665;0.01;False;0.01;False;0.0;False;ERR;ERR;ERR;0.05;False;0.06;False;0.04;False
666;0.0;False;10.68;False;0.27;False;ERR;ERR;ERR;1.55;False;6.12;False;23.75;False
667;0.01;False;0.01;False;0.02;False;ERR;ERR;ERR;0.06;False;ERR;ERR;0.05;False
668;0.01;False;0.01;False;0.01;False;ERR;ERR;ERR;0.05;False;0.04;False;0.02;False
669;0.0;False;0.01;False;0.0;False;ERR;ERR;ERR;0.06;False;0.03;False;0.04;False
670;ERR;ERR;TO;TO;0.01;False;0.42;False;0.0010893110000000372;TO;TO;TO;TO;TO;TO
671;0.03;True;0.01;True;0.02;True;0.45;True;0.338743599;0.06;True;0.04;True;0.03;True
672;0.01;False;0.6;False;0.08;False;ERR;ERR;ERR;0.19;False;0.7;False;0.04;False
673;0.01;False;0.01;False;0.01;False;0.03;False;1.1379999999998336e-05;0.06;False;0.03;False;0.05;False
674;0.01;False;0.01;True;0.01;True;ERR;ERR;ERR;0.06;False;0.03;False;0.04;True
675;ERR;ERR;TO;TO;ERR;ERR;14.72;False;0.0026886729999997527;TO;TO;TO;TO;TO;TO
676;0.0;False;0.01;False;0.0;False;0.42;False;0.201452102;0.05;False;0.05;False;0.02;False
677;0.01;False;0.0;False;0.01;False;1.14;False;0.18781018799999993;0.06;False;0.06;False;0.05;False
678;0.02;False;0.01;True;0.01;True;ERR;ERR;ERR;0.05;True;ERR;ERR;0.04;True
679;0.01;False;0.01;True;0.01;True;5.62;True;0.196538157;ERR;ERR;ERR;ERR;ERR;ERR
680;TO;TO;38.89;True;0.45;True;ERR;ERR;ERR;0.12;True;43.38;False;1.23;True
681;0.01;True;0.01;False;0.0;False;ERR;ERR;ERR;0.06;False;0.02;False;0.03;False
682;ERR;ERR;0.01;True;0.01;True;TO;TO;TO;0.06;True;TO;TO;0.03;True
683;0.01;False;0.01;False;0.01;False;0.19;False;6.384000000000944e-05;0.06;False;0.02;False;0.04;False
684;0.01;False;1.36;False;2.06;False;4.62;False;0.19358945299999952;ERR;ERR;ERR;ERR;ERR;ERR
685;0.01;False;0.01;False;0.01;False;0.14;False;0.088208858;0.06;False;0.05;False;0.04;False
686;ERR;ERR;0.0;False;0.0;False;TO;TO;TO;0.07;False;0.03;False;0.04;False
687;0.0;False;0.01;False;0.01;False;ERR;ERR;ERR;0.07;False;0.05;False;0.02;False
688;0.01;False;0.08;False;0.0;False;ERR;ERR;ERR;0.23;False;0.06;False;0.03;False
689;0.01;False;0.01;False;0.01;False;5.38;False;0.12660008599999983;0.07;False;ERR;ERR;0.03;False
690;0.01;False;0.0;False;0.01;False;ERR;ERR;ERR;ERR;ERR;ERR;ERR;ERR;ERR
691;0.01;False;1.31;False;0.01;False;ERR;ERR;ERR;0.1;False;0.04;False;2.92;False
692;0.01;False;TO;TO;0.01;False;ERR;ERR;ERR;24.54;False;0.36;False;TO;TO
693;0.01;False;0.39;False;0.59;False;15.73;False;0.13810055799999965;0.14;False;ERR;ERR;1.39;False
694;ERR;ERR;0.01;False;0.0;False;10.48;False;6.882000000096866e-05;0.06;False;0.03;False;0.04;False
695;0.01;False;0.21;False;0.44;False;ERR;ERR;ERR;0.18;False;ERR;ERR;0.59;False
696;0.02;True;0.0;True;0.01;True;ERR;ERR;ERR;0.06;True;0.04;True;0.04;True
697;0.01;False;0.0;False;0.01;False;ERR;ERR;ERR;0.06;False;0.06;False;0.04;False
698;ERR;ERR;0.01;True;0.01;True;2.56;True;0.5798222490000002;0.06;True;0.06;True;0.02;True
699;ERR;ERR;0.01;True;0.01;True;1.17;True;0.14318337300000006;0.06;True;ERR;ERR;0.04;True
700;0.01;False;0.13;False;0.08;False;ERR;ERR;ERR;0.21;False;0.22;False;0.03;False
701;0.82;False;TO;TO;ERR;ERR;ERR;ERR;ERR;TO;TO;50.07;False;TO;TO
702;TO;TO;0.01;True;0.01;True;ERR;ERR;ERR;0.05;True;0.04;True;0.03;True
703;0.01;False;0.01;True;0.01;True;ERR;ERR;ERR;0.05;True;0.04;False;0.03;True
704;ERR;ERR;0.01;False;0.01;False;TO;TO;TO;0.06;False;0.03;False;0.04;False
705;0.0;False;0.01;False;0.0;False;ERR;ERR;ERR;0.06;False;0.02;False;0.04;False
706;0.0;False;0.01;True;0.0;True;0.89;True;0.17740595700000006;ERR;ERR;ERR;ERR;ERR;ERR
707;0.01;False;0.01;True;0.01;True;ERR;ERR;ERR;ERR;ERR;ERR;ERR;ERR;ERR
708;0.01;False;0.02;False;0.0;False;ERR;ERR;ERR;0.06;False;0.03;False;0.05;False
709;0.01;False;0.03;False;0.01;False;26.46;False;0.1444615839999983;0.07;False;ERR;ERR;0.12;False
710;0.01;False;5.07;False;0.0;False;9.68;False;0.1472858979999998;1.24;False;0.13;False;16.57;False
711;0.01;False;0.0;False;0.0;False;0.85;False;0.076878946;0.06;False;0.02;False;0.04;False
712;0.0;False;0.01;False;0.01;False;19.64;False;0.21886138900000063;0.06;False;0.04;False;0.01;False
713;0.09;True;0.01;True;0.0;True;ERR;ERR;ERR;0.07;True;0.04;False;0.04;True
714;0.0;False;42.94;False;66.0;False;ERR;ERR;ERR;3.69;False;0.26;False;TO;TO
715;0.02;False;68.23;False;3.19;False;ERR;ERR;ERR;11.0;False;1.19;False;55.44;False
716;0.01;False;0.01;True;0.01;True;3.54;True;0.2575364370000002;ERR;ERR;ERR;ERR;ERR;ERR
717;0.01;True;0.01;True;0.0;True;0.32;True;0.13735527700000003;0.06;True;0.05;False;0.05;True
718;0.01;False;0.01;False;0.01;False;1.91;False;0.19723495700000004;0.05;False;0.06;False;0.03;False
719;0.01;False;18.16;False;8.66;False;90.85;False;0.4162233360000016;19.75;False;32.66;False;1.98;False
720;0.0;False;1.31;False;0.01;False;ERR;ERR;ERR;0.38;False;0.05;False;3.07;False
721;3.25;False;3.58;False;12.19;False;0.25;False;0.221606321;2.14;False;3.77;False;12.16;False
722;6.2;True;0.38;True;0.95;True;ERR;ERR;ERR;0.14;True;0.63;True;1.87;True
723;ERR;ERR;0.01;True;0.0;True;ERR;ERR;ERR;0.07;True;ERR;ERR;0.04;True
724;0.01;True;0.01;False;0.01;False;ERR;ERR;ERR;ERR;ERR;ERR;ERR;ERR;ERR
725;0.01;False;0.01;False;0.01;False;0.03;False;9.780000000000899e-06;0.06;False;0.03;False;0.05;False
726;0.01;False;0.0;False;0.01;False;ERR;ERR;ERR;0.04;False;0.06;False;0.04;False
727;0.01;False;0.06;False;0.01;False;ERR;ERR;ERR;0.13;False;0.06;False;0.04;False
728;0.02;True;TO;TO;ERR;ERR;0.53;True;0.234003784;TO;TO;ERR;ERR;TO;TO
729;0.01;True;0.0;True;0.0;True;0.13;True;0.000762491000000004;0.06;True;0.15;False;0.04;True
730;0.01;False;2.1;False;2.54;False;ERR;ERR;ERR;0.17;False;1.45;False;6.28;False
731;0.01;False;0.01;False;0.0;False;ERR;ERR;ERR;0.07;False;0.04;False;0.03;False
732;TO;TO;0.01;True;0.01;True;1.93;True;0.189119359;0.06;True;0.05;True;0.04;True
733;0.63;True;0.01;True;0.01;True;0.49;True;0.144608034;0.06;True;0.05;False;0.03;True
734;0.01;False;0.01;False;0.01;False;ERR;ERR;ERR;0.07;False;0.02;False;0.02;False
735;0.01;False;0.01;False;0.01;False;0.15;False;2.4749999999990058e-05;0.06;False;0.03;False;0.03;False
736;0.01;True;0.01;True;0.01;True;0.25;True;0.0011641510000000022;0.06;True;0.04;False;0.04;True
737;0.01;False;0.01;False;0.01;False;ERR;ERR;ERR;0.05;False;0.04;False;0.03;False
738;ERR;ERR;0.01;False;0.01;False;ERR;ERR;ERR;0.06;False;0.04;False;0.02;False
739;0.01;False;0.01;False;0.01;False;ERR;ERR;ERR;0.05;False;0.07;False;0.06;False
740;0.01;False;0.01;False;0.01;False;ERR;ERR;ERR;0.06;False;0.03;False;0.03;False
741;0.01;False;0.41;False;0.73;False;2.93;False;0.2578290779999999;ERR;ERR;ERR;ERR;ERR;ERR
742;0.01;False;0.01;True;0.0;True;0.12;True;0.09484102400000001;0.05;True;0.03;True;0.02;True
743;ERR;ERR;0.0;True;0.01;True;ERR;ERR;ERR;0.06;True;0.06;True;0.04;True
744;0.01;False;0.77;False;0.01;False;ERR;ERR;ERR;0.19;False;0.05;False;0.13;False
745;0.0;False;0.0;True;0.0;True;ERR;ERR;ERR;0.04;True;1.03;False;0.03;True
746;0.01;False;1.05;False;0.01;False;ERR;ERR;ERR;0.13;False;0.86;False;3.31;False
747;0.01;False;0.01;False;0.01;False;0.3;False;5.589000000000288e-05;0.05;False;0.04;False;0.04;False
748;0.01;False;17.18;False;0.01;False;ERR;ERR;ERR;0.05;False;0.05;False;41.3;False
749;0.01;False;3.75;False;0.01;False;1.1;False;0.13459877399999998;0.55;False;ERR;ERR;5.43;False
750;0.01;False;0.01;True;0.01;True;ERR;ERR;ERR;0.06;True;0.07;True;0.04;True
751;0.01;False;0.0;False;0.01;False;ERR;ERR;ERR;0.06;False;0.03;False;0.03;False
752;ERR;ERR;0.11;False;0.11;False;ERR;ERR;ERR;0.06;False;0.03;False;0.15;False
753;0.01;False;0.69;False;0.01;False;ERR;ERR;ERR;0.21;False;0.28;False;0.23;False
754;0.01;False;0.03;False;0.02;False;ERR;ERR;ERR;ERR;ERR;ERR;ERR;ERR;ERR
755;0.01;False;0.01;True;0.0;True;0.17;True;0.0009288110000000016;0.06;True;ERR;ERR;0.05;True
756;0.01;False;0.0;False;0.01;False;TO;TO;TO;0.06;False;0.02;False;0.03;False
757;0.01;False;0.75;False;1.1;False;ERR;ERR;ERR;0.12;False;0.55;False;1.68;False
758;0.0;False;0.01;False;0.0;False;0.88;False;0.118825619;0.06;False;0.04;False;0.03;False
759;0.05;False;0.0;True;0.01;True;0.12;True;0.071059651;0.06;True;0.04;True;0.04;True
760;0.01;False;0.0;False;0.01;False;ERR;ERR;ERR;0.06;False;0.04;False;0.04;False
761;0.01;False;TO;TO;ERR;ERR;ERR;ERR;ERR;TO;TO;TO;TO;TO;TO
762;0.01;False;0.87;False;0.01;False;ERR;ERR;ERR;0.12;False;1.41;False;0.04;False
763;ERR;ERR;TO;TO;0.5;False;ERR;ERR;ERR;ERR;ERR;0.48;False;0.69;False
764;0.01;False;1.44;False;0.01;False;TO;TO;TO;0.24;False;ERR;ERR;3.45;False
765;0.49;True;0.01;False;0.0;False;ERR;ERR;ERR;0.06;False;ERR;ERR;0.04;False
766;0.01;True;0.01;False;0.01;False;ERR;ERR;ERR;0.06;False;0.03;False;0.03;False
767;0.01;False;0.01;False;0.01;False;TO;TO;TO;0.05;False;0.04;False;0.02;False
768;0.0;False;0.01;False;0.01;False;ERR;ERR;ERR;ERR;ERR;ERR;ERR;ERR;ERR
769;0.01;False;TO;TO;ERR;ERR;4.78;False;0.7017627120000003;16.22;False;TO;TO;TO;TO
770;ERR;ERR;0.0;False;0.01;False;TO;TO;TO;0.06;False;0.03;False;0.03;False
771;0.01;False;0.01;True;0.01;True;0.46;True;0.255267885;ERR;ERR;ERR;ERR;ERR;ERR
772;0.01;False;0.01;False;0.01;False;1.96;False;0.16774501799999997;ERR;ERR;0.04;False;0.03;False
773;0.0;False;TO;TO;0.0;False;0.28;False;0.04502074500000003;TO;TO;0.4;False;TO;TO
774;TO;TO;0.98;False;1.29;False;0.14;False;0.107214267;0.06;True;0.57;False;2.7;False
775;0.01;False;0.0;True;0.01;True;1.03;True;0.14740794700000004;ERR;ERR;ERR;ERR;ERR;ERR
776;0.01;False;0.0;False;0.0;False;0.09;False;0.059489889;0.06;False;0.05;False;0.04;False
777;0.01;False;18.16;False;0.01;False;ERR;ERR;ERR;4.43;False;0.06;False;64.45;False
778;0.01;False;0.0;False;0.0;False;1.59;False;0.195262716;0.06;False;0.02;False;0.03;False
779;0.0;False;0.01;False;0.01;False;TO;TO;TO;0.05;False;0.05;False;0.04;False
780;0.01;False;0.01;False;0.01;False;0.16;False;0.07224501200000001;0.06;False;0.04;False;0.03;False
781;TO;TO;0.0;True;0.01;True;ERR;ERR;ERR;0.06;True;0.18;False;0.04;True
782;0.01;False;0.95;False;0.08;False;ERR;ERR;ERR;0.24;False;0.94;False;0.23;False
783;0.01;False;TO;TO;0.0;False;ERR;ERR;ERR;TO;TO;0.03;False;TO;TO
784;0.01;False;0.41;False;0.0;False;ERR;ERR;ERR;0.1;False;0.05;False;0.68;False
785;TO;TO;0.01;True;0.01;True;0.18;True;0.140543851;0.06;True;0.46;False;0.03;True
786;0.01;False;0.11;False;0.07;False;ERR;ERR;ERR;ERR;ERR;ERR;ERR;ERR;ERR
787;ERR;ERR;0.3;False;0.01;False;0.62;False;0.149317729;0.14;False;ERR;ERR;0.74;False
788;0.01;True;0.0;True;0.01;True;0.5;True;0.203525833;ERR;ERR;ERR;ERR;ERR;ERR
789;0.01;True;0.0;True;0.01;True;ERR;ERR;ERR;0.06;True;0.03;False;0.04;True
790;0.0;False;TO;TO;TO;TO;ERR;ERR;ERR;TO;TO;0.03;False;TO;TO
791;ERR;ERR;0.0;False;0.0;False;ERR;ERR;ERR;0.05;False;0.04;False;0.04;False
792;0.01;False;1.44;False;1.73;False;ERR;ERR;ERR;0.14;False;1.03;False;3.92;False
793;0.01;False;0.13;False;0.18;False;0.76;False;0.21221241199999996;0.06;False;0.13;False;0.23;False
794;0.02;False;0.21;False;0.01;False;ERR;ERR;ERR;0.12;False;0.03;False;0.4;False
795;0.02;False;0.01;False;0.01;False;ERR;ERR;ERR;ERR;ERR;ERR;ERR;ERR;ERR
796;0.0;False;0.01;False;0.01;False;ERR;ERR;ERR;0.07;False;0.06;False;0.04;False
797;0.01;False;0.0;False;0.01;False;0.25;False;0.163331873;0.06;False;0.05;False;0.04;False
798;0.01;False;0.42;False;0.01;False;0.32;False;0.100718361;ERR;ERR;ERR;ERR;ERR;ERR
799;0.0;False;0.01;True;0.01;True;7.18;True;0.21917071900000007;ERR;ERR;ERR;ERR;ERR;ERR
800;0.01;False;0.27;False;0.86;False;ERR;ERR;ERR;0.17;False;0.39;False;1.05;False
801;0.01;False;0.01;True;0.01;True;0.34;True;0.164071084;ERR;ERR;ERR;ERR;ERR;ERR
802;0.01;False;0.01;False;0.01;False;ERR;ERR;ERR;0.06;False;0.03;False;0.03;False
803;0.01;False;2.55;False;3.2;False;ERR;ERR;ERR;0.55;False;2.31;False;5.04;False
804;0.01;False;8.42;False;6.55;False;1.2;False;0.2435281239999999;1.91;False;0.05;False;4.98;False
805;0.01;False;0.0;False;0.01;False;ERR;ERR;ERR;0.07;False;0.05;False;0.02;False
806;0.0;False;1.54;False;0.01;False;0.78;False;0.11951594900000007;ERR;ERR;ERR;ERR;ERR;ERR
807;0.01;False;0.07;False;0.01;False;ERR;ERR;ERR;0.15;False;0.06;False;0.04;False
808;0.02;False;0.0;False;0.01;False;ERR;ERR;ERR;0.06;False;0.03;False;0.03;False
809;0.01;False;0.01;False;0.01;False;1.97;False;0.08933892899999996;0.05;False;0.03;False;0.03;False
810;0.01;False;0.01;False;0.01;False;0.56;False;0.00020133099999997128;0.07;False;0.03;False;0.03;False
811;0.01;False;2.81;False;8.42;False;8.62;False;0.17407630399999974;ERR;ERR;ERR;ERR;ERR;ERR
812;0.01;False;0.0;False;0.01;False;ERR;ERR;ERR;0.06;False;0.05;False;0.04;False
813;0.01;False;0.01;False;0.01;False;ERR;ERR;ERR;0.06;False;0.03;False;0.04;False
814;5.55;False;0.61;False;0.05;False;ERR;ERR;ERR;0.15;False;0.68;False;0.15;False
815;0.01;False;0.01;False;0.01;False;22.59;False;0.48544093499999974;ERR;ERR;ERR;ERR;ERR;ERR
816;0.01;False;0.0;False;0.01;False;0.03;False;1.2390000000001011e-05;0.06;False;0.03;False;0.03;False
817;0.01;False;TO;TO;TO;TO;ERR;ERR;ERR;TO;TO;0.03;False;TO;TO
818;0.01;False;0.01;False;0.0;False;ERR;ERR;ERR;ERR;ERR;ERR;ERR;ERR;ERR
819;0.02;False;0.0;False;0.0;False;1.06;False;0.18734050700000004;0.05;False;0.03;False;0.04;False
820;TO;TO;0.56;False;0.03;False;ERR;ERR;ERR;0.19;False;0.21;False;0.38;False
821;ERR;ERR;TO;TO;67.2;True;ERR;ERR;ERR;TO;TO;ERR;ERR;19.81;True
822;ERR;ERR;0.0;False;0.01;False;TO;TO;TO;ERR;ERR;ERR;ERR;ERR;ERR
823;0.01;False;0.0;False;0.01;False;ERR;ERR;ERR;0.05;False;ERR;ERR;0.02;False
824;0.01;False;4.42;False;0.01;False;ERR;ERR;ERR;6.68;False;16.0;False;0.17;False
825;0.0;False;0.86;False;0.0;False;ERR;ERR;ERR;0.1;False;0.23;False;1.25;False
826;0.0;False;0.12;False;0.16;False;ERR;ERR;ERR;ERR;ERR;ERR;ERR;ERR;ERR
827;0.01;False;0.01;True;0.01;True;0.1;True;0.071546392;0.05;True;0.03;True;0.02;True
828;0.01;False;TO;TO;TO;TO;ERR;ERR;ERR;TO;TO;3.23;False;TO;TO
829;0.02;False;0.01;True;0.0;True;ERR;ERR;ERR;0.06;True;0.09;False;0.05;True
830;0.01;False;0.0;False;0.01;False;ERR;ERR;ERR;ERR;ERR;ERR;ERR;ERR;ERR
831;ERR;ERR;0.01;False;0.01;False;ERR;ERR;ERR;0.05;False;0.03;False;0.05;False
832;0.01;True;0.0;False;0.01;False;ERR;ERR;ERR;0.07;False;0.04;False;0.03;False
833;0.01;False;0.01;False;0.01;False;15.63;False;0.21171764199999998;0.05;False;0.03;False;0.05;False
834;0.01;True;0.0;True;0.0;True;0.16;True;0.11436875400000002;0.05;True;ERR;ERR;0.04;True
835;0.0;False;0.01;False;0.01;False;ERR;ERR;ERR;0.06;False;0.03;False;0.03;False
836;0.01;False;0.05;False;0.08;False;ERR;ERR;ERR;0.06;False;0.15;False;0.24;False
837;0.0;False;0.0;False;0.0;False;9.65;False;0.2158305159999987;ERR;ERR;ERR;ERR;ERR;ERR
838;0.0;False;12.11;False;ERR;ERR;0.76;False;0.312949693;ERR;ERR;37.97;False;TO;TO
839;0.01;False;TO;TO;ERR;ERR;6.33;False;0.2228795030000006;TO;TO;61.52;False;TO;TO
840;ERR;ERR;0.0;True;0.01;True;ERR;ERR;ERR;0.05;True;0.04;True;0.03;True
841;0.01;False;2.23;False;3.66;False;2.59;False;0.42552554500000017;0.58;False;1.8;False;7.77;False
842;0.0;False;0.24;False;2.77;False;ERR;ERR;ERR;0.44;False;ERR;ERR;0.09;False
843;0.01;False;TO;TO;ERR;ERR;8.9;False;0.0012243119999997276;TO;TO;TO;TO;TO;TO
844;0.02;False;0.01;False;0.01;False;ERR;ERR;ERR;0.06;False;ERR;ERR;0.05;False
845;0.83;True;0.0;True;0.0;True;0.1;True;0.070935691;0.05;True;0.05;True;0.02;True
846;0.0;False;0.01;False;0.01;False;ERR;ERR;ERR;0.06;False;0.07;False;0.04;False
847;0.01;False;0.01;False;0.01;False;TO;TO;TO;0.07;False;0.06;False;0.04;False
848;0.01;False;0.01;False;0.01;False;ERR;ERR;ERR;0.06;False;0.08;False;0.03;False
849;0.01;False;TO;TO;ERR;ERR;ERR;ERR;ERR;TO;TO;TO;TO;TO;TO
850;TO;TO;0.15;True;0.01;True;ERR;ERR;ERR;0.07;True;0.21;False;0.03;True
851;0.02;False;0.01;False;0.01;False;ERR;ERR;ERR;0.04;False;0.03;False;0.03;False
852;0.02;False;6.4;False;3.97;False;ERR;ERR;ERR;0.48;False;ERR;ERR;10.96;False
853;0.01;False;0.01;False;0.01;False;ERR;ERR;ERR;0.06;False;0.04;False;0.04;False
854;0.01;True;0.01;True;0.01;True;ERR;ERR;ERR;0.06;True;0.04;True;0.04;True
855;0.01;False;0.01;False;0.01;False;ERR;ERR;ERR;0.06;False;0.05;False;0.04;False
856;ERR;ERR;0.01;True;0.0;True;0.12;True;0.10672414699999999;0.05;True;0.04;True;0.03;True
857;0.01;False;0.01;False;0.01;False;ERR;ERR;ERR;0.06;False;0.05;False;0.03;False
858;0.01;False;TO;TO;0.01;False;ERR;ERR;ERR;26.83;False;0.39;False;32.04;False
859;0.01;False;0.01;True;0.0;True;ERR;ERR;ERR;0.05;True;0.16;False;0.05;True
860;0.01;False;0.01;False;0.02;False;ERR;ERR;ERR;ERR;ERR;ERR;ERR;ERR;ERR
861;0.01;False;15.9;False;ERR;ERR;TO;TO;TO;17.53;False;42.54;False;TO;TO
862;0.01;False;0.01;False;0.03;False;ERR;ERR;ERR;ERR;ERR;ERR;ERR;ERR;ERR
863;0.02;False;0.04;False;0.07;False;ERR;ERR;ERR;0.06;False;0.14;False;0.15;False
864;14.93;True;0.01;True;0.01;True;11.81;True;0.3737631839999995;0.06;True;0.72;False;0.02;True
865;35.26;True;0.0;True;0.01;True;0.25;True;0.216446906;0.04;True;0.06;True;0.05;True
866;0.6;False;TO;TO;TO;TO;0.22;False;0.132460653;20.37;False;0.48;False;TO;TO
867;0.02;False;0.0;False;0.0;False;ERR;ERR;ERR;0.06;False;0.03;False;0.04;False
868;0.01;False;0.01;True;0.0;True;9.3;True;0.2773781570000011;ERR;ERR;ERR;ERR;ERR;ERR
869;0.01;False;0.01;False;0.01;False;ERR;ERR;ERR;0.06;False;ERR;ERR;0.03;False
870;ERR;ERR;0.0;False;0.01;False;ERR;ERR;ERR;0.06;False;0.03;False;0.04;False
871;0.01;False;0.01;False;0.01;False;71.65;False;0.24878856899999846;ERR;ERR;ERR;ERR;ERR;ERR
872;0.0;False;TO;TO;ERR;ERR;ERR;ERR;ERR;TO;TO;TO;TO;TO;TO
873;0.01;False;3.33;False;ERR;ERR;ERR;ERR;ERR;6.56;False;6.42;False;47.22;False
874;87.56;False;0.37;False;0.57;False;ERR;ERR;ERR;0.09;False;0.39;False;1.23;False
875;0.01;False;0.0;False;0.0;False;9.73;False;0.15858928799999994;0.05;False;0.06;False;0.05;False
876;0.0;False;0.0;True;0.01;True;0.37;True;0.10675816700000001;0.05;True;ERR;ERR;0.04;True
877;0.01;False;24.72;False;0.01;False;ERR;ERR;ERR;5.77;False;30.12;False;0.16;False
878;0.01;False;0.01;False;0.01;False;ERR;ERR;ERR;0.05;False;0.03;False;0.04;False
879;0.01;False;0.01;False;0.0;False;TO;TO;TO;0.05;False;0.04;False;0.04;False
880;0.01;False;0.0;True;0.01;True;0.24;True;0.145334725;0.04;True;0.04;True;0.03;True
881;0.01;False;0.01;True;0.0;True;4.18;True;0.21152643199999988;ERR;ERR;ERR;ERR;ERR;ERR
882;0.12;True;0.01;True;0.01;True;0.4;True;0.233267683;0.07;True;0.27;False;0.03;True
883;0.01;True;0.01;False;0.01;False;TO;TO;TO;ERR;ERR;ERR;ERR;ERR;ERR
884;ERR;ERR;0.01;True;0.01;True;ERR;ERR;ERR;0.05;True;0.07;True;0.04;True
885;0.01;True;TO;TO;ERR;ERR;ERR;ERR;ERR;TO;TO;TO;TO;TO;TO
886;0.01;False;0.0;False;0.01;False;ERR;ERR;ERR;0.07;False;0.03;False;0.02;False
887;0.01;False;0.9;False;1.25;False;ERR;ERR;ERR;0.11;False;0.73;False;2.98;False
888;0.01;False;1.69;False;2.11;False;ERR;ERR;ERR;0.06;False;1.05;False;1.84;False
889;0.01;False;0.91;False;1.29;False;ERR;ERR;ERR;0.14;False;0.52;False;1.21;False
890;0.0;False;0.89;False;0.01;False;ERR;ERR;ERR;0.25;False;0.9;False;0.04;False
891;0.01;False;1.31;False;1.98;False;ERR;ERR;ERR;0.14;False;0.12;False;3.62;False
892;0.01;False;0.0;False;0.01;False;0.38;False;0.252945383;0.06;False;ERR;ERR;0.05;False
893;0.01;False;0.01;False;0.01;False;ERR;ERR;ERR;0.06;False;0.07;False;0.03;False
894;ERR;ERR;0.0;False;0.01;False;0.04;False;6.240000000000412e-05;0.07;False;0.03;False;0.03;False
895;0.01;False;0.0;False;0.0;False;ERR;ERR;ERR;0.06;False;0.06;False;0.04;False
896;0.01;False;0.01;True;0.0;True;4.65;True;0.2865545860000003;ERR;ERR;ERR;ERR;ERR;ERR
897;0.02;False;0.01;True;0.01;True;0.19;True;0.124996995;0.05;True;ERR;ERR;0.04;True
898;ERR;ERR;5.61;False;0.01;False;ERR;ERR;ERR;0.06;True;0.04;False;8.48;False
899;0.02;True;0.01;True;0.01;True;0.48;True;0.0010526209999999758;0.06;True;0.14;False;0.04;True
900;0.0;False;0.94;False;1.44;False;1.35;False;0.28011173999999994;0.12;False;0.7;False;3.11;False
901;0.01;False;0.03;True;0.01;True;ERR;ERR;ERR;0.06;True;0.07;False;0.02;True
902;0.0;False;0.01;False;0.01;False;ERR;ERR;ERR;0.05;False;0.04;False;0.03;False
903;0.01;False;0.01;True;0.01;True;1.01;True;0.30675529700000004;ERR;ERR;ERR;ERR;ERR;ERR
904;0.01;False;0.0;False;0.01;False;0.21;False;0.072771583;0.06;False;0.03;False;0.02;False
905;0.06;True;0.01;True;0.01;True;ERR;ERR;ERR;0.06;True;0.06;False;0.04;True
906;0.01;False;0.01;False;0.01;False;2.44;False;0.20094827999999998;0.05;False;0.02;False;0.02;False
907;0.01;False;0.01;False;0.01;False;ERR;ERR;ERR;0.06;False;0.04;False;0.03;False
908;0.01;False;0.02;False;0.01;False;1.33;False;0.0014620320000000575;0.07;False;0.12;False;0.08;False
909;0.01;False;2.54;True;3.68;True;ERR;ERR;ERR;0.49;True;2.18;False;7.56;True
910;ERR;ERR;0.01;False;0.0;False;ERR;ERR;ERR;0.07;False;0.04;False;0.03;False
911;0.0;False;0.05;False;0.01;False;4.89;False;0.3923055120000001;ERR;ERR;ERR;ERR;ERR;ERR
912;0.01;False;0.6;False;0.5;False;TO;TO;TO;0.11;False;0.33;False;0.63;False
913;0.01;True;0.0;False;0.01;False;ERR;ERR;ERR;0.06;False;0.04;False;0.04;False
914;ERR;ERR;0.0;True;0.0;True;ERR;ERR;ERR;ERR;ERR;ERR;ERR;ERR;ERR
915;0.0;False;15.35;False;34.94;False;ERR;ERR;ERR;3.79;False;0.26;False;62.06;False
916;0.01;False;0.0;False;0.01;False;ERR;ERR;ERR;0.05;False;0.03;False;0.03;False
917;0.01;False;0.0;True;0.0;True;29.57;True;0.2279492079999983;ERR;ERR;ERR;ERR;ERR;ERR
918;14.25;False;6.55;False;0.01;False;0.17;False;0.13064034100000002;1.35;False;0.05;False;0.05;False
919;0.01;False;0.01;True;0.0;True;ERR;ERR;ERR;0.06;True;0.11;False;0.04;True
920;ERR;ERR;0.01;False;0.01;False;ERR;ERR;ERR;0.06;False;0.03;False;0.04;False
921;0.01;False;0.1;False;0.01;False;ERR;ERR;ERR;0.18;False;0.28;False;0.04;False
922;0.01;True;0.01;True;0.01;True;ERR;ERR;ERR;0.05;True;0.05;True;0.03;True
923;0.01;False;0.01;False;0.0;False;ERR;ERR;ERR;0.06;False;0.05;False;0.05;False
924;0.0;False;0.01;False;0.01;False;ERR;ERR;ERR;0.06;False;0.03;False;0.03;False
925;0.01;False;0.0;False;ERR;ERR;ERR;ERR;ERR;0.06;False;0.03;False;0.04;False
926;0.01;False;0.74;False;6.92;False;ERR;ERR;ERR;1.02;False;2.44;False;6.72;False
927;0.01;False;0.0;False;0.01;False;ERR;ERR;ERR;0.06;False;0.05;False;0.04;False
928;19.74;True;0.01;True;0.01;True;ERR;ERR;ERR;0.06;True;2.46;False;0.03;True
929;0.01;False;0.01;False;0.01;False;0.03;False;1.3450000000005125e-05;ERR;ERR;ERR;ERR;ERR;ERR
930;11.31;True;0.01;True;0.01;True;0.34;True;0.272257012;0.07;True;0.04;True;0.02;True
931;ERR;ERR;0.01;False;0.01;False;TO;TO;TO;0.07;False;0.03;False;0.04;False
932;0.01;False;0.0;True;0.0;True;0.16;True;0.09863313800000001;0.05;True;0.03;False;0.03;True
933;0.01;False;1.17;False;1.62;False;ERR;ERR;ERR;0.12;False;0.38;False;3.4;False
934;ERR;ERR;0.01;False;0.01;False;8.37;False;0.17420583399999856;0.07;False;0.03;False;0.04;False
935;ERR;ERR;0.0;False;0.01;False;8.18;False;0.0018571520000003616;0.06;False;0.03;False;0.04;False
936;0.15;False;0.09;False;0.12;False;0.55;False;0.10566325499999996;0.07;False;ERR;ERR;0.18;False
937;ERR;ERR;TO;TO;0.01;False;15.54;False;0.07679931699999898;34.55;False;0.28;False;TO;TO
938;0.02;False;0.0;True;0.01;True;ERR;ERR;ERR;ERR;ERR;ERR;ERR;ERR;ERR
939;0.01;False;0.01;False;0.01;False;ERR;ERR;ERR;0.05;False;0.02;False;0.03;False
940;0.39;True;0.0;True;0.01;True;ERR;ERR;ERR;0.05;True;0.03;True;0.03;True
941;ERR;ERR;0.01;True;0.01;True;1.38;True;0.14812131799999984;0.06;True;ERR;ERR;0.04;True
942;0.0;False;15.84;False;0.01;False;ERR;ERR;ERR;1.2;False;0.05;False;41.39;False
943;0.01;False;TO;TO;0.01;False;ERR;ERR;ERR;2.77;False;1.88;False;TO;TO
944;0.01;False;0.01;False;0.01;False;ERR;ERR;ERR;0.06;False;0.08;False;0.04;False
945;0.01;False;0.01;False;0.01;False;18.44;False;0.11391290399999932;ERR;ERR;ERR;ERR;ERR;ERR
946;0.01;False;0.0;False;0.01;False;ERR;ERR;ERR;0.06;False;0.03;False;0.03;False
947;0.01;False;0.01;False;0.0;False;ERR;ERR;ERR;0.06;False;0.04;False;0.04;False
948;ERR;ERR;0.0;False;0.0;False;ERR;ERR;ERR;0.05;False;0.03;False;0.04;False
949;0.01;False;0.01;False;0.01;False;ERR;ERR;ERR;0.06;False;0.02;False;0.03;False
950;0.0;False;0.0;False;0.01;False;TO;TO;TO;0.06;False;ERR;ERR;0.03;False
951;0.01;False;0.0;False;0.01;False;ERR;ERR;ERR;0.05;False;0.04;False;0.03;False
952;0.01;False;37.65;False;34.98;False;ERR;ERR;ERR;3.01;False;5.2;False;65.84;False
953;ERR;ERR;0.01;False;0.0;False;ERR;ERR;ERR;0.06;False;0.03;False;0.04;False
954;41.58;True;0.0;True;0.0;True;0.29;True;0.11140370099999997;0.05;True;0.18;False;0.04;True
955;0.01;False;0.0;False;0.01;False;ERR;ERR;ERR;0.06;False;0.04;False;0.03;False
956;0.01;False;63.7;False;86.26;False;ERR;ERR;ERR;3.76;False;0.27;False;TO;TO
957;0.01;False;0.09;False;0.0;False;0.43;False;0.137995798;0.06;False;0.15;False;0.02;False
958;TO;TO;0.01;True;0.01;True;0.46;True;0.185111835;0.05;True;0.04;True;0.05;True
959;11.28;True;0.0;True;0.01;True;0.65;True;0.15753769700000003;0.07;True;0.17;False;0.03;True
960;0.02;False;0.01;True;0.01;True;0.4;True;0.226058806;0.05;True;ERR;ERR;0.03;True
961;0.02;False;0.0;False;0.01;False;1.91;False;0.17252068200000004;0.07;False;0.05;False;0.04;False
962;0.01;False;0.01;False;0.01;False;7.83;False;0.10794641800000004;0.06;False;0.02;False;0.04;False
963;0.01;False;TO;TO;0.01;False;ERR;ERR;ERR;TO;TO;ERR;ERR;TO;TO
964;0.0;False;0.01;False;0.01;False;ERR;ERR;ERR;0.06;False;0.04;False;0.04;False
965;0.02;False;0.82;False;1.29;False;ERR;ERR;ERR;0.14;False;0.24;False;1.33;False
966;0.01;False;0.01;False;0.01;False;ERR;ERR;ERR;0.06;False;0.06;False;0.03;False
967;0.01;False;0.01;True;0.01;True;TO;TO;TO;0.06;True;ERR;ERR;0.04;True
968;0.02;False;60.29;False;ERR;ERR;ERR;ERR;ERR;6.94;False;48.32;False;92.81;False
969;0.01;False;0.01;True;0.0;True;4.45;True;0.2816077209999994;ERR;ERR;ERR;ERR;ERR;ERR
970;0.01;False;0.01;False;0.01;False;ERR;ERR;ERR;ERR;ERR;ERR;ERR;ERR;ERR
971;0.0;False;0.01;False;0.01;False;ERR;ERR;ERR;0.06;False;0.06;False;0.04;False
972;0.01;False;0.01;False;0.01;False;ERR;ERR;ERR;0.05;False;0.06;False;0.04;False
973;0.01;False;0.01;False;0.01;False;ERR;ERR;ERR;0.06;False;0.03;False;0.04;False
974;0.01;False;0.01;False;0.01;False;ERR;ERR;ERR;0.05;False;0.03;False;0.04;False
975;0.01;False;0.01;True;0.01;True;0.2;True;0.141460291;0.06;True;ERR;ERR;0.03;True
976;40.0;False;14.6;False;0.01;False;0.28;False;0.22056421999999998;3.16;False;0.04;False;0.04;False
977;ERR;ERR;0.01;True;0.0;True;ERR;ERR;ERR;0.06;True;TO;TO;0.04;True
978;ERR;ERR;0.0;False;0.01;False;ERR;ERR;ERR;0.06;False;0.04;False;0.03;False
979;0.01;False;0.0;False;0.0;False;ERR;ERR;ERR;0.06;False;0.03;False;0.04;False
980;ERR;ERR;0.0;True;0.01;True;ERR;ERR;ERR;0.05;True;0.06;True;0.03;True
981;0.01;False;0.14;False;0.22;False;ERR;ERR;ERR;0.06;False;0.22;False;0.44;False
982;ERR;ERR;0.01;True;0.01;True;0.71;True;0.15437642500000004;0.05;True;ERR;ERR;0.05;True
983;0.01;False;0.0;False;0.01;False;ERR;ERR;ERR;ERR;ERR;ERR;ERR;ERR;ERR
984;0.0;False;0.0;False;0.01;False;TO;TO;TO;0.05;False;0.04;False;0.04;False
985;ERR;ERR;0.04;True;0.06;True;ERR;ERR;ERR;0.05;True;0.2;False;0.15;True
986;0.11;True;0.01;True;0.01;True;0.39;True;0.188641428;0.06;True;0.77;False;0.04;True
987;37.95;True;0.01;True;0.01;True;0.68;True;0.16737612699999999;0.05;True;0.24;False;0.03;True
988;ERR;ERR;0.01;True;0.01;True;ERR;ERR;ERR;0.05;True;0.05;True;0.04;True
989;0.0;False;0.22;False;0.01;False;5.74;False;0.3350728749999998;0.06;False;0.31;False;0.03;False
990;0.92;True;0.01;True;0.01;True;ERR;ERR;ERR;0.06;True;14.39;False;0.02;True
991;0.01;False;0.01;True;0.0;True;ERR;ERR;ERR;0.06;True;0.13;False;0.05;True
992;0.01;False;TO;TO;0.01;False;ERR;ERR;ERR;TO;TO;0.03;False;TO;TO
993;0.02;False;0.12;False;0.07;False;ERR;ERR;ERR;0.2;False;0.59;False;0.04;False
994;0.0;False;0.09;False;0.05;False;ERR;ERR;ERR;0.2;False;0.22;False;0.12;False
995;0.01;False;0.01;False;0.01;False;TO;TO;TO;0.06;False;0.04;False;0.03;False
996;0.01;False;0.01;False;0.01;False;ERR;ERR;ERR;0.06;False;0.02;False;0.05;False
997;0.01;False;TO;TO;0.01;False;ERR;ERR;ERR;TO;TO;TO;TO;TO;TO
998;0.01;True;0.01;False;0.01;False;ERR;ERR;ERR;0.05;False;0.03;False;0.04;False
999;0.01;False;2.22;False;0.08;False;ERR;ERR;ERR;0.5;False;1.46;False;5.2;False
1000;76.74;False;0.39;False;0.52;False;0.18;False;0.15298613300000002;0.1;False;0.43;False;1.2;False
1001;0.02;False;TO;TO;0.01;False;ERR;ERR;ERR;TO;TO;0.03;False;TO;TO
1002;0.02;False;26.85;False;38.75;False;ERR;ERR;ERR;1.57;False;0.22;False;73.92;False
1003;0.0;False;0.0;True;0.01;True;1.1;True;0.3289686289999999;0.06;True;0.07;True;0.04;True
1004;ERR;ERR;6.81;False;0.01;False;1.24;False;0.10548909500000003;0.78;False;0.04;False;13.11;False
1005;0.01;False;0.01;True;0.01;True;ERR;ERR;ERR;0.05;True;0.05;False;0.03;True
1006;0.0;True;0.01;True;0.01;True;ERR;ERR;ERR;0.05;True;0.05;True;0.03;True
1007;0.01;False;0.01;False;0.01;False;1.71;False;0.25923743900000007;0.05;False;0.05;False;0.04;False
1008;0.01;False;TO;TO;ERR;ERR;ERR;ERR;ERR;TO;TO;TO;TO;TO;TO
1009;0.02;False;0.01;False;0.0;False;ERR;ERR;ERR;0.06;False;0.03;False;0.03;False
1010;0.01;False;0.72;False;1.76;False;ERR;ERR;ERR;ERR;ERR;0.6;False;2.29;False
1011;0.01;False;1.77;True;2.27;True;17.5;True;0.33884741900000037;0.37;True;2.61;False;5.29;True
1012;0.01;True;TO;TO;0.0;False;ERR;ERR;ERR;ERR;ERR;ERR;ERR;ERR;ERR
1013;0.21;False;0.08;False;0.12;False;0.41;False;0.08998400000000001;0.06;False;ERR;ERR;0.36;False
1014;ERR;ERR;0.01;False;0.0;False;ERR;ERR;ERR;0.06;False;0.03;False;0.04;False
1015;TO;TO;53.65;True;0.46;True;ERR;ERR;ERR;0.15;True;0.03;False;1.17;True
1016;ERR;ERR;0.01;True;0.0;True;ERR;ERR;ERR;0.06;True;0.06;True;0.03;True
1017;0.02;False;0.01;False;0.0;False;1.43;False;0.18041456999999994;0.07;False;0.06;False;0.03;False
1018;0.02;False;0.01;False;0.02;False;0.51;False;0.121618891;0.05;False;0.04;False;0.05;False
1019;0.01;False;TO;TO;0.01;False;ERR;ERR;ERR;TO;TO;TO;TO;TO;TO
1020;0.01;True;0.01;False;0.01;False;ERR;ERR;ERR;0.06;False;0.03;False;0.05;False
1021;TO;TO;56.09;True;0.45;True;ERR;ERR;ERR;0.13;True;42.41;False;1.24;True
1022;0.0;False;0.01;False;0.0;False;3.21;False;0.08144273200000018;0.06;False;0.03;False;0.02;False
